request_id,user_id,target_id,endpoint,method,status_code,response_length,response_time,sensitive_data_found,is_unauthorized,endpoint_pattern,has_placeholder,endpoint_path,param_key_count,param_type_pattern,has_numeric_param,has_uuid_param,has_alphanumeric_param,self_access,id_difference,param_change_rate,user_target_diversity,endpoint_user_diversity,param_deviation_score,status_code_category,is_success,is_unauthorized,is_forbidden,is_not_found,response_length_log,response_length_category,response_time_log,is_slow_response,has_sensitive_data,sensitive_success_combo,method_risk_score,is_read_method,is_write_method,is_delete_method,hour_of_day,day_of_week,is_weekend,is_business_hours,endpoint_path_encoded,param_type_pattern_encoded,method_encoded,status_200,status_401,status_404,status_405,method_x_self_access,method_x_success,success_x_sensitive,forbidden_x_self,large_id_diff_x_success,status_code_normalized,response_length_normalized,response_time_normalized,id_difference_normalized,response_length_log_normalized,response_time_log_normalized,method_risk_score_normalized,hour_of_day_normalized,method_x_self_access_normalized
9a8b95940046,101,101,/user/profile?user_id=101,GET,200,155,2.126834,1,0,/user/profile?{},1,/user/profile?,1,numeric,1,0,0,1,0.0,0,29,2,0,success,1,0,0,0,5.049856007249537,small,1.1400209910416474,1,1,1,1,1,0,0,22,2,0,0,29,2,0,True,False,False,False,1,1,1,0,0,-3.885366668328318,2.477647818692507,1.8874248308698736,-0.7899952580049319,2.3950164369222913,1.8782117972165,-0.3552655235637277,-1.7982148487696796,4.445403763776779
d71d5567d2d7,101,201,/user/profile?user_id=201,GET,404,27,2.119034,0,0,/user/profile?{},1,/user/profile?,1,numeric,1,0,0,0,100.0,0,29,2,0,client_error,0,0,0,1,3.332204510175204,tiny,1.1375233384960368,1,0,0,1,1,0,0,22,2,0,0,29,2,0,False,False,True,False,0,0,0,0,0,0.2795627940338063,-0.4386183775172104,1.511006167908391,-0.4034287772465918,-0.4564771252155258,1.5061789539209804,-0.3552655235637277,-1.7982148487696796,-0.17526681505929956
cc974ab566d1,101,301,/user/profile?user_id=301,GET,404,27,2.106626,0,0,/user/profile?{},1,/user/profile?,1,numeric,1,0,0,0,200.0,0,29,2,0,client_error,0,0,0,1,3.332204510175204,tiny,1.1335372498149583,1,0,0,1,1,0,0,22,2,0,0,29,2,0,False,False,True,False,0,0,0,0,0,0.2795627940338063,-0.4386183775172104,0.912210940981964,-0.01686229648825172,-0.4564771252155258,0.912439080752522,-0.3552655235637277,-1.7982148487696796,-0.17526681505929956
786f68b11c9e,101,101,/api/user/101/details,GET,401,25,2.078939,0,0,/api/user/{}/details,1,/api/user//details,1,numeric,1,0,0,1,0.0,0,29,2,0,client_error,0,1,0,0,3.258096538021482,tiny,1.1245850571189588,0,0,0,1,1,0,0,22,2,0,0,9,2,0,False,True,False,False,1,0,0,0,0,0.21831383135201032,-0.48418503683298725,-0.4239305361224525,-0.7899952580049319,-0.579504646141257,-0.4210168910459142,-0.3552655235637277,-1.7982148487696796,4.445403763776779
593845ec8a2a,101,201,/api/user/201/details,GET,401,25,2.075404,0,0,/api/user/{}/details,1,/api/user//details,1,numeric,1,0,0,0,100.0,0,29,2,0,client_error,0,1,0,0,3.258096538021482,tiny,1.1234362747424282,0,0,0,1,1,0,0,22,2,0,0,9,2,0,False,True,False,False,0,0,0,0,0,0.21831383135201032,-0.48418503683298725,-0.5945254045287274,-0.4034287772465918,-0.579504646141257,-0.5921314740648969,-0.3552655235637277,-1.7982148487696796,-0.17526681505929956
05316a1ace0b,101,301,/api/user/301/details,POST,405,153,2.048617,0,0,/api/user/{}/details,1,/api/user//details,1,numeric,1,0,0,0,200.0,0,29,2,0,client_error,0,0,0,0,5.0369526024136295,small,1.1146880451601753,0,0,0,3,0,1,0,22,2,0,0,9,2,1,False,False,False,True,0,0,0,0,0,0.29997911492773827,2.4320811593767298,-1.8872339589837364,-0.01686229648825172,2.373595341966813,-1.8952065278818204,2.8147960713126134,-1.7982148487696796,-0.17526681505929956
864403045174,101,101,/profile?uid=101,GET,200,64,2.113617,1,0,/profile?{},1,/profile?,1,numeric,1,0,0,1,0.0,0,29,2,0,success,1,0,0,0,4.174387269895637,tiny,1.1357850729124237,1,1,1,1,1,0,0,22,2,0,0,26,2,0,True,False,False,False,1,1,1,0,0,-3.885366668328318,0.40436481982466094,1.2495882323619365,-0.7899952580049319,0.9416404333094139,1.2472590778914543,-0.3552655235637277,-1.7982148487696796,4.445403763776779
7dd3afaf1160,101,201,/profile?uid=201,GET,404,30,2.069131,0,0,/profile?{},1,/profile?,1,numeric,1,0,0,0,100.0,0,29,2,0,client_error,0,0,0,1,3.4339872044851463,tiny,1.1213944596402767,0,0,0,1,1,0,0,22,2,0,0,26,2,0,False,False,True,False,0,0,0,0,0,0.2795627940338063,-0.37026838854354516,-0.897252875395045,-0.4034287772465918,-0.2875064707747419,-0.896265961975202,-0.3552655235637277,-1.7982148487696796,-0.17526681505929956
d0ca4d5c84f2,101,301,/profile?uid=301,GET,404,30,2.106521,0,0,/profile?{},1,/profile?,1,numeric,1,0,0,0,200.0,0,29,2,0,client_error,0,0,0,1,3.4339872044851463,tiny,1.133503450518077,1,0,0,1,1,0,0,22,2,0,0,26,2,0,False,False,True,False,0,0,0,0,0,0.2795627940338063,-0.37026838854354516,0.9071437666728661,-0.01686229648825172,-0.2875064707747419,0.9074045740345091,-0.3552655235637277,-1.7982148487696796,-0.17526681505929956
429750706146,101,101,/invoice?id=101,GET,404,30,2.074398,0,0,/invoice?{},1,/invoice?,1,numeric,1,0,0,1,0.0,0,29,2,0,client_error,0,0,0,1,3.4339872044851463,tiny,1.123109109734848,0,0,0,1,1,0,0,22,2,0,0,13,2,0,False,False,True,False,1,0,0,0,0,0.2795627940338063,-0.37026838854354516,-0.6430737602901619,-0.7899952580049319,-0.2875064707747419,-0.6408636839196173,-0.3552655235637277,-1.7982148487696796,4.445403763776779
88481022a819,101,201,/invoice?id=201,GET,404,30,2.09601,0,0,/invoice?{},1,/invoice?,1,numeric,1,0,0,0,100.0,0,29,2,0,client_error,0,0,0,1,3.4339872044851463,tiny,1.1301141856964245,0,0,0,1,1,0,0,22,2,0,0,13,2,0,False,False,True,False,0,0,0,0,0,0.2795627940338063,-0.37026838854354516,0.3998954889308122,-0.4034287772465918,-0.2875064707747419,0.40256340607590474,-0.3552655235637277,-1.7982148487696796,-0.17526681505929956
6f5b158651d2,101,301,/invoice?id=301,GET,200,85,2.088695,0,0,/invoice?{},1,/invoice?,1,numeric,1,0,0,0,200.0,0,29,2,0,success,1,0,0,0,4.454347296253507,tiny,1.127748671606094,0,0,0,1,1,0,0,22,2,0,0,13,2,0,True,False,False,False,0,1,0,0,1,-3.885366668328318,0.8828147426403177,0.0468823453970555,-0.01686229648825172,1.4064053836937898,0.05021298230384748,-0.3552655235637277,-1.7982148487696796,-0.17526681505929956
bd0910e20d50,101,101,/order/101/status,GET,401,25,2.080827,0,0,/order/{}/status,1,/order//status,1,numeric,1,0,0,1,0.0,0,29,2,0,client_error,0,1,0,0,3.258096538021482,tiny,1.1251980674375726,0,0,0,1,1,0,0,22,2,0,0,23,2,0,False,True,False,False,1,0,0,0,0,0.21831383135201032,-0.48418503683298725,-0.33281791616459117,-0.7899952580049319,-0.579504646141257,-0.3297071641569018,-0.3552655235637277,-1.7982148487696796,4.445403763776779
59e236af4b06,101,201,/order/201/status,GET,401,25,2.079395,0,0,/order/{}/status,1,/order//status,1,numeric,1,0,0,0,100.0,0,29,2,0,client_error,0,1,0,0,3.258096538021482,tiny,1.124733149119436,0,0,0,1,1,0,0,22,2,0,0,23,2,0,False,True,False,False,0,0,0,0,0,0.21831383135201032,-0.48418503683298725,-0.40192452198009915,-0.4034287772465918,-0.579504646141257,-0.39895814308130123,-0.3552655235637277,-1.7982148487696796,-0.17526681505929956
ae0c988d33eb,101,301,/order/301/status,GET,401,25,2.124135,0,0,/order/{}/status,1,/order//status,1,numeric,1,0,0,0,200.0,0,29,2,0,client_error,0,1,0,0,3.258096538021482,tiny,1.139157444872174,1,0,0,1,1,0,0,22,2,0,0,23,2,0,False,True,False,False,0,0,0,0,0,0.21831383135201032,-0.48418503683298725,1.7571743217246012,-0.01686229648825172,-0.579504646141257,1.7495840033663226,-0.3552655235637277,-1.7982148487696796,-0.17526681505929956
4057cbd973bf,101,101,/document?doc_id=101,GET,404,31,2.084779,0,0,/document?{},1,/document?,1,numeric,1,0,0,1,0.0,0,29,2,0,client_error,0,0,0,1,3.4657359027997265,tiny,1.1264800178383036,0,0,0,1,1,0,0,22,2,0,0,12,2,0,False,False,True,False,1,0,0,0,0,0.2795627940338063,-0.3474850588856568,-0.14209912693077625,-0.7899952580049319,-0.23480008126296797,-0.13875680423355272,-0.3552655235637277,-1.7982148487696796,4.445403763776779
7e3ffe0257e0,101,201,/document?doc_id=201,GET,200,104,2.089642,0,0,/document?{},1,/document?,1,numeric,1,0,0,0,100.0,0,29,2,0,success,1,0,0,0,4.653960350157523,small,1.1280552265924653,0,0,0,1,1,0,0,22,2,0,0,12,2,0,True,False,False,False,0,1,0,0,0,-3.885366668328318,1.3156980061401975,0.0925834317848163,-0.4034287772465918,1.7377853749757683,0.09587526763914501,-0.3552655235637277,-1.7982148487696796,-0.17526681505929956
3dbcc75a2818,101,301,/document?doc_id=301,GET,200,85,2.098618,0,0,/document?{},1,/document?,1,numeric,1,0,0,0,200.0,0,29,2,0,success,1,0,0,0,4.454347296253507,tiny,1.130956205638248,0,0,0,1,1,0,0,22,2,0,0,12,2,0,True,False,False,False,0,1,0,0,1,-3.885366668328318,0.8828147426403177,0.5257544470081867,-0.01686229648825172,1.4064053836937898,0.5279848037073163,-0.3552655235637277,-1.7982148487696796,-0.17526681505929956
b3b46557aab3,101,101,/api/account/101/balance,GET,401,25,2.118765,0,0,/api/account/{}/balance,1,/api/account//balance,1,numeric,1,0,0,1,0.0,0,29,2,0,client_error,0,1,0,0,3.258096538021482,tiny,1.1374370901253639,1,0,0,1,1,0,0,22,2,0,0,3,2,0,False,True,False,False,1,0,0,0,0,0.21831383135201032,-0.48418503683298725,1.4980245499165,-0.7899952580049319,-0.579504646141257,1.4933320002374295,-0.3552655235637277,-1.7982148487696796,4.445403763776779
823d76613edc,101,201,/api/account/201/balance,POST,405,153,2.077365,0,0,/api/account/{}/balance,1,/api/account//balance,1,numeric,1,0,0,0,100.0,0,29,2,0,client_error,0,0,0,0,5.0369526024136295,small,1.1240737113393167,0,0,0,3,0,1,0,22,2,0,0,3,2,1,False,False,False,True,0,0,0,0,0,0.29997911492773827,2.4320811593767298,-0.4998898919559706,-0.4034287772465918,2.373595341966813,-0.49718337971214915,2.8147960713126134,-1.7982148487696796,-0.17526681505929956
934a30084963,101,301,/api/account/301/balance,POST,405,153,2.063771,0,0,/api/account/{}/balance,1,/api/account//balance,1,numeric,1,0,0,0,200.0,0,29,2,0,client_error,0,0,0,0,5.0369526024136295,small,1.1196465101818596,0,0,0,3,0,1,0,22,2,0,0,3,2,1,False,False,False,True,0,0,0,0,0,0.29997911492773827,2.4320811593767298,-1.155920059173705,-0.01686229648825172,2.373595341966813,-1.1566282802226413,2.8147960713126134,-1.7982148487696796,-0.17526681505929956
199fdb04935a,101,101,/settings?user_id=101,GET,401,25,2.070785,0,0,/settings?{},1,/settings?,1,numeric,1,0,0,1,0.0,0,29,2,0,client_error,0,1,0,0,3.258096538021482,tiny,1.121933229239082,0,0,0,1,1,0,0,22,2,0,0,28,2,0,False,True,False,False,1,0,0,0,0,0.21831383135201032,-0.48418503683298725,-0.817432815326042,-0.7899952580049319,-0.579504646141257,-0.8160146131328794,-0.3552655235637277,-1.7982148487696796,4.445403763776779
02fd9b591fba,101,201,/settings?user_id=201,GET,401,25,2.112459,0,0,/settings?{},1,/settings?,1,numeric,1,0,0,0,100.0,0,29,2,0,client_error,0,1,0,0,3.258096538021482,tiny,1.1354130890133023,1,0,0,1,1,0,0,22,2,0,0,28,2,0,False,True,False,False,0,0,0,0,0,0.21831383135201032,-0.48418503683298725,1.1937045385530294,-0.4034287772465918,-0.579504646141257,1.1918509596191595,-0.3552655235637277,-1.7982148487696796,-0.17526681505929956
5906e7d1d673,101,301,/settings?user_id=301,GET,401,25,2.077648,0,0,/settings?{},1,/settings?,1,numeric,1,0,0,0,200.0,0,29,2,0,client_error,0,1,0,0,3.258096538021482,tiny,1.124165668903078,0,0,0,1,1,0,0,22,2,0,0,28,2,0,False,True,False,False,0,0,0,0,0,0.21831383135201032,-0.48418503683298725,-0.4862326507228794,-0.01686229648825172,-0.579504646141257,-0.4834860245821314,-0.3552655235637277,-1.7982148487696796,-0.17526681505929956
26fa76cc17a6,101,101,/messages/101/view,GET,401,25,2.110378,0,0,/messages/{}/view,1,/messages//view,1,numeric,1,0,0,1,0.0,0,29,2,0,client_error,0,1,0,0,3.258096538021482,tiny,1.1347442622137012,1,0,0,1,1,0,0,22,2,0,0,17,2,0,False,True,False,False,1,0,0,0,0,0.21831383135201032,-0.48418503683298725,1.093277969627024,-0.7899952580049319,-0.579504646141257,1.0922272003556333,-0.3552655235637277,-1.7982148487696796,4.445403763776779
8489154f5a3b,101,201,/messages/201/view,GET,401,25,2.07178,0,0,/messages/{}/view,1,/messages//view,1,numeric,1,0,0,0,100.0,0,29,2,0,client_error,0,1,0,0,3.258096538021482,tiny,1.1222571981376457,0,0,0,1,1,0,0,22,2,0,0,17,2,0,False,True,False,False,0,0,0,0,0,0.21831383135201032,-0.48418503683298725,-0.7694153063969774,-0.4034287772465918,-0.579504646141257,-0.7677584733091972,-0.3552655235637277,-1.7982148487696796,-0.17526681505929956
cb9c1dbc3c21,101,301,/messages/301/view,GET,401,25,2.08737,0,0,/messages/{}/view,1,/messages//view,1,numeric,1,0,0,0,200.0,0,29,2,0,client_error,0,1,0,0,3.258096538021482,tiny,1.1273195958044862,0,0,0,1,1,0,0,22,2,0,0,17,2,0,False,True,False,False,0,0,0,0,0,0.21831383135201032,-0.48418503683298725,-0.017060568503453496,-0.01686229648825172,-0.579504646141257,-0.013699146203387236,-0.3552655235637277,-1.7982148487696796,-0.17526681505929956
a1b80794ff57,101,101,/report?report_id=101,GET,200,187,2.070201,0,0,/report?{},1,/report?,1,numeric,1,0,0,1,0.0,0,29,2,0,success,1,0,0,0,5.236441962829949,small,1.121743031768591,0,0,0,1,1,0,0,22,2,0,0,27,2,0,True,False,False,False,1,1,0,0,0,-3.885366668328318,3.2067143677449357,-0.8456159562452054,-0.7899952580049319,2.7047699882271474,-0.8443450972343326,-0.3552655235637277,-1.7982148487696796,4.445403763776779
06eaff66b7a9,101,201,/report?report_id=201,GET,404,29,2.082048,0,0,/report?{},1,/report?,1,numeric,1,0,0,0,100.0,0,29,2,0,client_error,0,0,0,1,3.4011973816621555,tiny,1.1255943110790467,0,0,0,1,1,0,0,22,2,0,0,27,2,0,False,False,True,False,0,0,0,0,0,0.2795627940338063,-0.3930517182014336,-0.273893917770251,-0.4034287772465918,-0.3419412433945987,-0.27068548444629753,-0.3552655235637277,-1.7982148487696796,-0.17526681505929956
77ad61739c7c,101,301,/report?report_id=301,GET,404,29,2.086711,0,0,/report?{},1,/report?,1,numeric,1,0,0,0,200.0,0,29,2,0,client_error,0,0,0,1,3.4011973816621555,tiny,1.1271061227378056,0,0,0,1,1,0,0,22,2,0,0,27,2,0,False,False,True,False,0,0,0,0,0,0.2795627940338063,-0.3930517182014336,-0.04886311964339187,-0.01686229648825172,-0.3419412433945987,-0.04549660021825273,-0.3552655235637277,-1.7982148487696796,-0.17526681505929956
3676cb69841e,102,102,/user/profile?user_id=102,GET,200,159,2.065887,1,0,/user/profile?{},1,/user/profile?,1,numeric,1,0,0,1,0.0,0,29,2,0,success,1,0,0,0,5.075173815233827,small,1.1203369239322036,0,1,1,1,1,0,0,22,2,0,0,29,2,0,True,False,False,False,1,1,1,0,0,-3.885366668328318,2.56878113732406,-1.0538044321446671,-0.7899952580049319,2.437046829349166,-1.0537890798533884,-0.3552655235637277,-1.7982148487696796,4.445403763776779
81ee42cc8020,102,202,/user/profile?user_id=202,GET,404,27,2.095357,0,0,/user/profile?{},1,/user/profile?,1,numeric,1,0,0,0,100.0,0,29,2,0,client_error,0,0,0,1,3.332204510175204,tiny,1.1299032468189776,0,0,0,1,1,0,0,22,2,0,0,29,2,0,False,False,True,False,0,0,0,0,0,0.2795627940338063,-0.4386183775172104,0.36838249060851275,-0.4034287772465918,-0.4564771252155258,0.3711434271536703,-0.3552655235637277,-1.7982148487696796,-0.17526681505929956
44d45880c53d,102,302,/user/profile?user_id=302,GET,404,27,2.089956,0,0,/user/profile?{},1,/user/profile?,1,numeric,1,0,0,0,200.0,0,29,2,0,client_error,0,0,0,1,3.332204510175204,tiny,1.1281568513260711,0,0,0,1,1,0,0,22,2,0,0,29,2,0,False,False,True,False,0,0,0,0,0,0.2795627940338063,-0.4386183775172104,0.1077366959091595,-0.01686229648825172,-0.4564771252155258,0.11101257673323138,-0.3552655235637277,-1.7982148487696796,-0.17526681505929956
bbe06b0605ed,102,102,/api/user/102/details,GET,401,25,2.104267,0,0,/api/user/{}/details,1,/api/user//details,1,numeric,1,0,0,1,0.0,0,29,2,0,client_error,0,1,0,0,3.258096538021482,tiny,1.1327776166628698,1,0,0,1,1,0,0,22,2,0,0,9,2,0,False,True,False,False,1,0,0,0,0,0.21831383135201032,-0.48418503683298725,0.7983684248375986,-0.7899952580049319,-0.579504646141257,0.7992894427335451,-0.3552655235637277,-1.7982148487696796,4.445403763776779
e05abdd18ccc,102,202,/api/user/202/details,POST,405,153,2.037809,0,0,/api/user/{}/details,1,/api/user//details,1,numeric,1,0,0,0,100.0,0,29,2,0,client_error,0,0,0,0,5.0369526024136295,small,1.1111365318877464,0,0,0,3,0,1,0,22,2,0,0,9,2,1,False,False,False,True,0,0,0,0,0,0.29997911492773827,2.4320811593767298,-2.408815101200103,-0.4034287772465918,2.373595341966813,-2.424215089567272,2.8147960713126134,-1.7982148487696796,-0.17526681505929956
5f260ca4a9a9,102,302,/api/user/302/details,GET,401,25,2.108365,0,0,/api/user/{}/details,1,/api/user//details,1,numeric,1,0,0,0,200.0,0,29,2,0,client_error,0,1,0,0,3.258096538021482,tiny,1.1340968644774359,1,0,0,1,1,0,0,22,2,0,0,9,2,0,False,True,False,False,0,0,0,0,0,0.21831383135201032,-0.48418503683298725,0.9961329993012044,-0.01686229648825172,-0.579504646141257,0.9957953643946446,-0.3552655235637277,-1.7982148487696796,-0.17526681505929956
fd4e105b811b,102,102,/profile?uid=102,GET,200,66,2.098396,1,0,/profile?{},1,/profile?,1,numeric,1,0,0,1,0.0,0,29,2,0,success,1,0,0,0,4.204692619390966,tiny,1.1308845582286746,0,1,1,1,1,0,0,22,2,0,0,26,2,0,True,False,False,False,1,1,1,0,0,-3.885366668328318,0.44993147914043774,0.5150409927546704,-0.7899952580049319,0.9919507023782315,0.5173127070038701,-0.3552655235637277,-1.7982148487696796,4.445403763776779
b1f8c6df072b,102,202,/profile?uid=202,GET,404,30,2.104469,0,0,/profile?{},1,/profile?,1,numeric,1,0,0,0,100.0,0,29,2,0,client_error,0,0,0,1,3.4339872044851463,tiny,1.1328426862680427,1,0,0,1,1,0,0,22,2,0,0,26,2,0,False,False,True,False,0,0,0,0,0,0.2795627940338063,-0.37026838854354516,0.808116703032233,-0.4034287772465918,-0.2875064707747419,0.8089817557284606,-0.3552655235637277,-1.7982148487696796,-0.17526681505929956
535f3e06c3ea,102,302,/profile?uid=302,GET,404,30,2.099064,0,0,/profile?{},1,/profile?,1,numeric,1,0,0,0,200.0,0,29,2,0,client_error,0,0,0,1,3.4339872044851463,tiny,1.131100130415534,0,0,0,1,1,0,0,22,2,0,0,26,2,0,False,False,True,False,0,0,0,0,0,0.2795627940338063,-0.37026838854354516,0.5472778731210992,-0.01686229648825172,-0.2875064707747419,0.5494228312698105,-0.3552655235637277,-1.7982148487696796,-0.17526681505929956
da1fc9536cb4,102,102,/invoice?id=102,GET,404,30,2.124259,0,0,/invoice?{},1,/invoice?,1,numeric,1,0,0,1,0.0,0,29,2,0,client_error,0,0,0,1,3.4339872044851463,tiny,1.1391971350709726,1,0,0,1,1,0,0,22,2,0,0,13,2,0,False,False,True,False,1,0,0,0,0,0.2795627940338063,-0.37026838854354516,1.7631584132896305,-0.7899952580049319,-0.2875064707747419,1.7554959776062895,-0.3552655235637277,-1.7982148487696796,4.445403763776779
3d604808f268,102,202,/invoice?id=202,GET,404,30,2.068752,0,0,/invoice?{},1,/invoice?,1,numeric,1,0,0,0,100.0,0,29,2,0,client_error,0,0,0,1,3.4339872044851463,tiny,1.121270964291642,0,0,0,1,1,0,0,22,2,0,0,13,2,0,False,False,True,False,0,0,0,0,0,0.2795627940338063,-0.37026838854354516,-0.9155429617107437,-0.4034287772465918,-0.2875064707747419,-0.9146609648218001,-0.3552655235637277,-1.7982148487696796,-0.17526681505929956
c6045dca1261,102,302,/invoice?id=302,GET,200,88,2.111837,0,0,/invoice?{},1,/invoice?,1,numeric,1,0,0,0,200.0,0,29,2,0,success,1,0,0,0,4.48863636973214,tiny,1.1352132270523447,1,0,0,1,1,0,0,22,2,0,0,13,2,0,True,False,False,False,0,1,0,0,1,-3.885366668328318,0.9511647316139829,1.1636875631220034,-0.01686229648825172,1.4633290800562535,1.1620809206550409,-0.3552655235637277,-1.7982148487696796,-0.17526681505929956
6e9f48bd98dd,102,102,/order/102/status,GET,401,25,2.099729,0,0,/order/{}/status,1,/order//status,1,numeric,1,0,0,1,0.0,0,29,2,0,client_error,0,1,0,0,3.258096538021482,tiny,1.1313146883149674,0,0,0,1,1,0,0,22,2,0,0,23,2,0,False,True,False,False,1,0,0,0,0,0.21831383135201032,-0.48418503683298725,0.5793699770787193,-0.7899952580049319,-0.579504646141257,0.5813818743793217,-0.3552655235637277,-1.7982148487696796,4.445403763776779
7df687ad95ba,102,202,/order/202/status,GET,401,25,2.109051,0,0,/order/{}/status,1,/order//status,1,numeric,1,0,0,0,100.0,0,29,2,0,client_error,0,1,0,0,3.258096538021482,tiny,1.1343175349304935,1,0,0,1,1,0,0,22,2,0,0,23,2,0,False,True,False,False,0,0,0,0,0,0.21831383135201032,-0.48418503683298725,1.0292385381206355,-0.4034287772465918,-0.579504646141257,1.0286648907131133,-0.3552655235637277,-1.7982148487696796,-0.17526681505929956
377f5138956e,102,302,/order/302/status,GET,401,25,2.074295,0,0,/order/{}/status,1,/order//status,1,numeric,1,0,0,0,200.0,0,29,2,0,client_error,0,1,0,0,3.258096538021482,tiny,1.1230756066798055,0,0,0,1,1,0,0,22,2,0,0,23,2,0,False,True,False,False,0,0,0,0,0,0.21831383135201032,-0.48418503683298725,-0.6480444169933588,-0.01686229648825172,-0.579504646141257,-0.6458540645265748,-0.3552655235637277,-1.7982148487696796,-0.17526681505929956
a816e0cca9b1,102,102,/document?doc_id=102,GET,404,31,2.073074,0,0,/document?{},1,/document?,1,numeric,1,0,0,1,0.0,0,29,2,0,client_error,0,0,0,1,3.4657359027997265,tiny,1.1226783635613085,0,0,0,1,1,0,0,22,2,0,0,12,2,0,False,False,True,False,1,0,0,0,0,0.2795627940338063,-0.3474850588856568,-0.7069684153877204,-0.7899952580049319,-0.23480008126296797,-0.7050246193396427,-0.3552655235637277,-1.7982148487696796,4.445403763776779
f275503d4152,102,202,/document?doc_id=202,GET,200,114,2.089759,0,0,/document?{},1,/document?,1,numeric,1,0,0,0,100.0,0,29,2,0,success,1,0,0,0,4.74493212836325,small,1.1280930943404928,0,0,0,1,1,0,0,22,2,0,0,12,2,0,True,False,False,False,0,1,0,0,0,-3.885366668328318,1.5435313027190816,0.0982297117292348,-0.4034287772465918,1.8888086997489857,0.10151578236671459,-0.3552655235637277,-1.7982148487696796,-0.17526681505929956
d2f156050652,102,302,/document?doc_id=302,GET,200,88,2.120395,0,0,/document?{},1,/document?,1,numeric,1,0,0,0,200.0,0,29,2,0,success,1,0,0,0,4.48863636973214,tiny,1.1379595963720652,1,0,0,1,1,0,0,22,2,0,0,12,2,0,True,False,False,False,0,1,0,0,1,-3.885366668328318,0.9511647316139829,1.5766863987148618,-0.01686229648825172,1.4633290800562535,1.5711608739699257,-0.3552655235637277,-1.7982148487696796,-0.17526681505929956
fe8331f08e02,102,102,/api/account/102/balance,POST,405,153,2.045143,0,0,/api/account/{}/balance,1,/api/account//balance,1,numeric,1,0,0,1,0.0,0,29,2,0,client_error,0,0,0,0,5.0369526024136295,small,1.1135478622923383,0,0,0,3,0,1,0,22,2,0,0,3,2,1,False,False,False,True,3,0,0,0,0,0.29997911492773827,2.4320811593767298,-2.0548850404104364,-0.7899952580049319,2.373595341966813,-2.0650401882697342,2.8147960713126134,-1.7982148487696796,13.686744921448938
f520db42c5fb,102,202,/api/account/202/balance,GET,401,25,2.068227,0,0,/api/account/{}/balance,1,/api/account//balance,1,numeric,1,0,0,0,100.0,0,29,2,0,client_error,0,1,0,0,3.258096538021482,tiny,1.1210998703376687,0,0,0,1,1,0,0,22,2,0,0,3,2,0,False,True,False,False,0,0,0,0,0,0.21831383135201032,-0.48418503683298725,-0.9408788332562332,-0.4034287772465918,-0.579504646141257,-0.9401459227993475,-0.3552655235637277,-1.7982148487696796,-0.17526681505929956
f4b50d8933be,102,302,/api/account/302/balance,GET,401,25,2.122835,0,0,/api/account/{}/balance,1,/api/account//balance,1,numeric,1,0,0,0,200.0,0,29,2,0,client_error,0,1,0,0,3.258096538021482,tiny,1.1387412430915456,1,0,0,1,1,0,0,22,2,0,0,3,2,0,False,True,False,False,0,0,0,0,0,0.21831383135201032,-0.48418503683298725,1.6944378778976839,-0.01686229648825172,-0.579504646141257,1.687589498924959,-0.3552655235637277,-1.7982148487696796,-0.17526681505929956
3639007cc019,102,102,/settings?user_id=102,GET,401,25,2.094774,0,0,/settings?{},1,/settings?,1,numeric,1,0,0,1,0.0,0,29,2,0,client_error,0,1,0,0,3.258096538021482,tiny,1.1297148824687808,0,0,0,1,1,0,0,22,2,0,0,28,2,0,False,True,False,False,1,0,0,0,0,0.21831383135201032,-0.48418503683298725,0.3402476084922999,-0.7899952580049319,-0.579504646141257,0.34308599182209587,-0.3552655235637277,-1.7982148487696796,4.445403763776779
49b90c410993,102,202,/settings?user_id=202,GET,401,25,2.085608,0,0,/settings?{},1,/settings?,1,numeric,1,0,0,0,100.0,0,29,2,0,client_error,0,1,0,0,3.258096538021482,tiny,1.126748720597138,0,0,0,1,1,0,0,22,2,0,0,28,2,0,False,True,False,False,0,0,0,0,0,0.21831383135201032,-0.48418503683298725,-0.10209257929038447,-0.4034287772465918,-0.579504646141257,-0.09873272180215513,-0.3552655235637277,-1.7982148487696796,-0.17526681505929956
e5a8866d8e83,102,302,/settings?user_id=302,GET,401,25,2.090976,0,0,/settings?{},1,/settings?,1,numeric,1,0,0,0,200.0,0,29,2,0,client_error,0,1,0,0,3.258096538021482,tiny,1.1284868986423202,0,0,0,1,1,0,0,22,2,0,0,28,2,0,False,True,False,False,0,0,0,0,0,0.21831383135201032,-0.48418503683298725,0.15696067491181573,-0.01686229648825172,-0.579504646141257,0.16017411511533738,-0.3552655235637277,-1.7982148487696796,-0.17526681505929956
321dab7ed32c,102,102,/messages/102/view,GET,401,25,2.057067,0,0,/messages/{}/view,1,/messages//view,1,numeric,1,0,0,1,0.0,0,29,2,0,client_error,0,1,0,0,3.258096538021482,tiny,1.1174559595805307,0,0,0,1,1,0,0,22,2,0,0,17,2,0,False,True,False,False,1,0,0,0,0,0.21831383135201032,-0.48418503683298725,-1.479447074108806,-0.7899952580049319,-0.579504646141257,-1.4829173671604146,-0.3552655235637277,-1.7982148487696796,4.445403763776779
a2337a298e24,102,202,/messages/202/view,GET,401,25,2.08899,0,0,/messages/{}/view,1,/messages//view,1,numeric,1,0,0,0,100.0,0,29,2,0,client_error,0,1,0,0,3.258096538021482,tiny,1.127844176637582,0,0,0,1,1,0,0,22,2,0,0,17,2,0,False,True,False,False,0,0,0,0,0,0.21831383135201032,-0.48418503683298725,0.06111869226546731,-0.4034287772465918,-0.579504646141257,0.06443874339936928,-0.3552655235637277,-1.7982148487696796,-0.17526681505929956
c31e3ff0016b,102,302,/messages/302/view,GET,401,25,2.083052,0,0,/messages/{}/view,1,/messages//view,1,numeric,1,0,0,0,200.0,0,29,2,0,client_error,0,1,0,0,3.258096538021482,tiny,1.1259200154500628,0,0,0,1,1,0,0,22,2,0,0,17,2,0,False,True,False,False,0,0,0,0,0,0.21831383135201032,-0.48418503683298725,-0.22544207961469603,-0.01686229648825172,-0.579504646141257,-0.22217084079186164,-0.3552655235637277,-1.7982148487696796,-0.17526681505929956
840b2cd14964,102,102,/report?report_id=102,GET,200,186,2.059501,0,0,/report?{},1,/report?,1,numeric,1,0,0,1,0.0,0,29,2,0,success,1,0,0,0,5.231108616854587,small,1.1182518307711973,0,0,0,1,1,0,0,22,2,0,0,27,2,0,True,False,False,False,1,1,0,0,0,-3.885366668328318,3.1839310380870476,-1.361985147743644,-0.7899952580049319,2.69591603750472,-1.3643699645278773,-0.3552655235637277,-1.7982148487696796,4.445403763776779
9da5f8528acd,102,202,/report?report_id=202,GET,404,29,2.068509,0,0,/report?{},1,/report?,1,numeric,1,0,0,0,100.0,0,29,2,0,client_error,0,0,0,1,3.4011973816621555,tiny,1.1211917758718808,0,0,0,1,1,0,0,22,2,0,0,27,2,0,False,False,True,False,0,0,0,0,0,0.2795627940338063,-0.3930517182014336,-0.927269850826071,-0.4034287772465918,-0.3419412433945987,-0.9264563176268352,-0.3552655235637277,-1.7982148487696796,-0.17526681505929956
b07ef3b95a35,102,302,/report?report_id=302,GET,404,29,2.106456,0,0,/report?{},1,/report?,1,numeric,1,0,0,0,200.0,0,29,2,0,client_error,0,0,0,1,3.4011973816621555,tiny,1.1334825265713113,1,0,0,1,1,0,0,22,2,0,0,27,2,0,False,False,True,False,0,0,0,0,0,0.2795627940338063,-0.3930517182014336,0.904006944481532,-0.01686229648825172,-0.3419412433945987,0.9042878893611836,-0.3552655235637277,-1.7982148487696796,-0.17526681505929956
edbd2aa46521,101,102,/user/profile?user_id=102,GET,200,159,2.109407,1,1,/user/profile?{},1,/user/profile?,1,numeric,1,0,0,0,1.0,0,29,2,0,success,1,0,0,0,5.075173815233827,small,1.1344320327691504,1,1,1,1,1,0,0,22,2,0,0,29,2,0,True,False,False,False,0,1,1,0,0,-3.885366668328318,2.56878113732406,1.0464186719686221,-0.7861295931973484,2.437046829349166,1.0457196874427794,-0.3552655235637277,-1.7982148487696796,-0.17526681505929956
e0489d065d0c,101,103,/user/profile?user_id=103,GET,200,160,2.07088,1,1,/user/profile?{},1,/user/profile?,1,numeric,1,0,0,0,2.0,0,29,2,0,success,1,0,0,0,5.081404364984463,small,1.1219641654754309,0,1,1,1,1,0,0,22,2,0,0,29,2,0,True,False,False,False,0,1,1,0,0,-3.885366668328318,2.5915644669819486,-0.8128482290463851,-0.7822639283897651,2.4473902386686817,-0.8114065678745598,-0.3552655235637277,-1.7982148487696796,-0.17526681505929956
c5f02ef118ff,101,104,/user/profile?user_id=104,GET,404,27,2.072225,0,0,/user/profile?{},1,/user/profile?,1,numeric,1,0,0,0,3.0,0,29,2,0,client_error,0,0,0,1,3.332204510175204,tiny,1.1224020547908478,0,0,0,1,1,0,0,22,2,0,0,29,2,0,False,False,True,False,0,0,0,0,0,0.2795627940338063,-0.4386183775172104,-0.7479401390869941,-0.7783982635821817,-0.4564771252155258,-0.7461816400319868,-0.3552655235637277,-1.7982148487696796,-0.17526681505929956
0fb913a8af60,101,105,/user/profile?user_id=105,GET,404,27,2.10067,0,0,/user/profile?{},1,/user/profile?,1,numeric,1,0,0,0,4.0,0,29,2,0,client_error,0,0,0,1,3.332204510175204,tiny,1.131618217170844,0,0,0,1,1,0,0,22,2,0,0,29,2,0,False,False,True,False,0,0,0,0,0,0.2795627940338063,-0.4386183775172104,0.6247815106488198,-0.7745325987745982,-0.4564771252155258,0.6265934084946067,-0.3552655235637277,-1.7982148487696796,-0.17526681505929956
39800635b085,101,202,/user/profile?user_id=202,GET,404,27,2.0634,0,0,/user/profile?{},1,/user/profile?,1,numeric,1,0,0,0,101.0,0,29,2,0,client_error,0,0,0,1,3.332204510175204,tiny,1.1195254102483165,0,0,0,1,1,0,0,22,2,0,0,29,2,0,False,False,True,False,0,0,0,0,0,0.2795627940338063,-0.4386183775172104,-1.1738240750658426,-0.3995631124390084,-0.4564771252155258,-1.1746664788015788,-0.3552655235637277,-1.7982148487696796,-0.17526681505929956
c11907c29380,101,203,/user/profile?user_id=203,GET,404,27,2.075277,0,0,/user/profile?{},1,/user/profile?,1,numeric,1,0,0,0,102.0,0,29,2,0,client_error,0,0,0,1,3.332204510175204,tiny,1.1233949785022175,0,0,0,1,1,0,0,22,2,0,0,29,2,0,False,False,True,False,0,0,0,0,0,0.2795627940338063,-0.4386183775172104,-0.6006542725025869,-0.395697447631425,-0.4564771252155258,-0.5982826729936771,-0.3552655235637277,-1.7982148487696796,-0.17526681505929956
fd3a22074d98,101,204,/user/profile?user_id=204,GET,404,27,2.099231,0,0,/user/profile?{},1,/user/profile?,1,numeric,1,0,0,0,103.0,0,29,2,0,client_error,0,0,0,1,3.332204510175204,tiny,1.1311540162018803,0,0,0,1,1,0,0,22,2,0,0,29,2,0,False,False,True,False,0,0,0,0,0,0.2795627940338063,-0.4386183775172104,0.5553370932127225,-0.3918317828238416,-0.4564771252155258,0.5574492808826197,-0.3552655235637277,-1.7982148487696796,-0.17526681505929956
850e4a276e67,101,205,/user/profile?user_id=205,GET,404,27,2.105712,0,0,/user/profile?{},1,/user/profile?,1,numeric,1,0,0,0,104.0,0,29,2,0,client_error,0,0,0,1,3.332204510175204,tiny,1.1332429966669182,1,0,0,1,1,0,0,22,2,0,0,29,2,0,False,False,True,False,0,0,0,0,0,0.2795627940338063,-0.4386183775172104,0.8681023950913562,-0.3879661180162582,-0.4564771252155258,0.8686091911602317,-0.3552655235637277,-1.7982148487696796,-0.17526681505929956
9150b68c84d3,101,302,/user/profile?user_id=302,GET,404,27,2.098669,0,0,/user/profile?{},1,/user/profile?,1,numeric,1,0,0,0,201.0,0,29,2,0,client_error,0,0,0,1,3.332204510175204,tiny,1.1309726644532105,0,0,0,1,1,0,0,22,2,0,0,29,2,0,False,False,True,False,0,0,0,0,0,0.2795627940338063,-0.4386183775172104,0.5282156459583207,-0.012996631680668318,-0.4564771252155258,0.5304363935966019,-0.3552655235637277,-1.7982148487696796,-0.17526681505929956
4b609d6608f5,101,303,/user/profile?user_id=303,GET,404,27,2.093652,0,0,/user/profile?{},1,/user/profile?,1,numeric,1,0,0,0,202.0,0,29,2,0,client_error,0,0,0,1,3.332204510175204,tiny,1.1293522700654672,0,0,0,1,1,0,0,22,2,0,0,29,2,0,False,False,True,False,0,0,0,0,0,0.2795627940338063,-0.4386183775172104,0.28610123158937595,-0.009130966873084918,-0.4564771252155258,0.28907378597863065,-0.3552655235637277,-1.7982148487696796,-0.17526681505929956
6eb527367961,101,304,/user/profile?user_id=304,GET,404,27,2.093033,0,0,/user/profile?{},1,/user/profile?,1,numeric,1,0,0,0,203.0,0,29,2,0,client_error,0,0,0,1,3.332204510175204,tiny,1.1291521628991688,0,0,0,1,1,0,0,22,2,0,0,29,2,0,False,False,True,False,0,0,0,0,0,0.2795627940338063,-0.4386183775172104,0.25622903256717994,-0.005265302065501518,-0.4564771252155258,0.25926722294300547,-0.3552655235637277,-1.7982148487696796,-0.17526681505929956
05296ccddf19,101,305,/user/profile?user_id=305,GET,404,27,2.058068,0,0,/user/profile?{},1,/user/profile?,1,numeric,1,0,0,0,204.0,0,29,2,0,client_error,0,0,0,1,3.332204510175204,tiny,1.1177833440156872,0,0,0,1,1,0,0,22,2,0,0,29,2,0,False,False,True,False,0,0,0,0,0,0.2795627940338063,-0.4386183775172104,-1.431140012362081,-0.0013996372579181166,-0.4564771252155258,-1.4341524729095942,-0.3552655235637277,-1.7982148487696796,-0.17526681505929956
c770cac95964,101,401,/user/profile?user_id=401,GET,404,27,2.128397,0,0,/user/profile?{},1,/user/profile?,1,numeric,1,0,0,0,300.0,0,29,2,0,client_error,0,0,0,1,3.332204510175204,tiny,1.1405207327882043,1,0,0,1,1,0,0,22,2,0,0,29,2,0,False,False,True,False,0,0,0,0,0,0.2795627940338063,-0.4386183775172104,1.9628533398710002,0.3697041842700884,-0.4564771252155258,1.9526498303255317,-0.3552655235637277,-1.7982148487696796,-0.17526681505929956
4f215de7bc89,101,402,/user/profile?user_id=402,GET,404,27,2.106358,0,0,/user/profile?{},1,/user/profile?,1,numeric,1,0,0,0,301.0,0,29,2,0,client_error,0,0,0,1,3.332204510175204,tiny,1.1334509788700577,1,0,0,1,1,0,0,22,2,0,0,29,2,0,False,False,True,False,0,0,0,0,0,0.2795627940338063,-0.4386183775172104,0.899277581793045,0.37356984907767177,-0.4564771252155258,0.8995887645700146,-0.3552655235637277,-1.7982148487696796,-0.17526681505929956
96da27be9413,101,403,/user/profile?user_id=403,GET,404,27,2.098051,0,0,/user/profile?{},1,/user/profile?,1,numeric,1,0,0,0,302.0,0,29,2,0,client_error,0,0,0,1,3.332204510175204,tiny,1.1307732040928749,0,0,0,1,1,0,0,22,2,0,0,29,2,0,False,False,True,False,0,0,0,0,0,0.2795627940338063,-0.4386183775172104,0.4983917057390538,0.37743551388525515,-0.4564771252155258,0.5007261742505023,-0.3552655235637277,-1.7982148487696796,-0.17526681505929956
47cde8b5186c,101,404,/user/profile?user_id=404,GET,404,27,2.099172,0,0,/user/profile?{},1,/user/profile?,1,numeric,1,0,0,0,303.0,0,29,2,0,client_error,0,0,0,1,3.332204510175204,tiny,1.1311349790402108,0,0,0,1,1,0,0,22,2,0,0,29,2,0,False,False,True,False,0,0,0,0,0,0.2795627940338063,-0.4386183775172104,0.5524898238390272,0.3813011786928386,-0.4564771252155258,0.5546136385124946,-0.3552655235637277,-1.7982148487696796,-0.17526681505929956
adb9215d2201,101,405,/user/profile?user_id=405,GET,404,27,2.122004,0,0,/user/profile?{},1,/user/profile?,1,numeric,1,0,0,0,304.0,0,29,2,0,client_error,0,0,0,1,3.332204510175204,tiny,1.1384751033224003,1,0,0,1,1,0,0,22,2,0,0,29,2,0,False,False,True,False,0,0,0,0,0,0.2795627940338063,-0.4386183775172104,1.6543348126514126,0.38516684350042196,-0.4564771252155258,1.647947181500494,-0.3552655235637277,-1.7982148487696796,-0.17526681505929956
c652cb9f515c,101,999,/user/profile?user_id=999,GET,404,27,2.049395,0,0,/user/profile?{},1,/user/profile?,1,numeric,1,0,0,0,898.0,0,29,2,0,client_error,0,0,0,1,3.332204510175204,tiny,1.1149432102875056,0,0,0,1,1,0,0,22,2,0,0,29,2,0,False,False,True,False,0,0,0,0,0,0.2795627940338063,-0.4386183775172104,-1.8496886102934784,2.681371739204962,-0.4564771252155258,-1.8571989162957292,-0.3552655235637277,-1.7982148487696796,-0.17526681505929956
db1d1094510c,101,1000,/user/profile?user_id=1000,GET,404,27,2.100876,0,0,/user/profile?{},1,/user/profile?,1,numeric,1,0,0,0,899.0,0,29,2,0,client_error,0,0,0,1,3.332204510175204,tiny,1.1316846522178712,0,0,0,1,1,0,0,22,2,0,0,29,2,0,False,False,True,False,0,0,0,0,0,0.2795627940338063,-0.4386183775172104,0.634722824055235,2.6852374040125455,-0.4564771252155258,0.6364891081520444,-0.3552655235637277,-1.7982148487696796,-0.17526681505929956
a169567c2f34,101,1001,/user/profile?user_id=1001,GET,404,27,2.106287,0,0,/user/profile?{},1,/user/profile?,1,numeric,1,0,0,0,900.0,0,29,2,0,client_error,0,0,0,1,3.332204510175204,tiny,1.1334281222606737,1,0,0,1,1,0,0,22,2,0,0,29,2,0,False,False,True,False,0,0,0,0,0,0.2795627940338063,-0.4386183775172104,0.8958512067840291,2.689103068820129,-0.4564771252155258,0.8961842039988533,-0.3552655235637277,-1.7982148487696796,-0.17526681505929956
e8a9fe8cf4f2,101,-1,/user/profile?user_id=-1,GET,404,27,2.073549,0,0,/user/profile?{},1,/user/profile?,1,alphanumeric,0,0,1,0,102.0,0,29,2,0,client_error,0,0,0,1,3.332204510175204,tiny,1.1228329199741371,0,0,0,1,1,0,0,22,2,0,0,29,0,0,False,False,True,False,0,0,0,0,0,0.2795627940338063,-0.4386183775172104,-0.6840454839894357,-0.395697447631425,-0.4564771252155258,-0.6820029777525198,-0.3552655235637277,-1.7982148487696796,-0.17526681505929956
c9e20762e8c0,101,0,/user/profile?user_id=0,GET,404,27,2.074515,0,0,/user/profile?{},1,/user/profile?,1,numeric,1,0,0,0,101.0,0,29,2,0,client_error,0,0,0,1,3.332204510175204,tiny,1.1231471652415739,0,0,0,1,1,0,0,22,2,0,0,29,2,0,False,False,True,False,0,0,0,0,0,0.2795627940338063,-0.4386183775172104,-0.6374274803457435,-0.3995631124390084,-0.4564771252155258,-0.6351952019703742,-0.3552655235637277,-1.7982148487696796,-0.17526681505929956
8e8dc56de92b,101,abc,/user/profile?user_id=abc,GET,404,27,2.099896,0,0,/user/profile?{},1,/user/profile?,1,alphanumeric,0,0,1,0,-1.0,0,29,2,0,client_error,0,0,0,1,3.332204510175204,tiny,1.1313685625412442,0,0,0,1,1,0,0,22,2,0,0,29,0,0,False,False,True,False,0,0,0,0,0,0.2795627940338063,-0.4386183775172104,0.5874291971703426,-0.7938609228125153,-0.4564771252155258,0.5894066020850715,-0.3552655235637277,-1.7982148487696796,-0.17526681505929956
94f773fbbede,101,xyz,/user/profile?user_id=xyz,GET,404,27,2.088114,0,0,/user/profile?{},1,/user/profile?,1,alphanumeric,0,0,1,0,-1.0,0,29,2,0,client_error,0,0,0,1,3.332204510175204,tiny,1.1275605485795561,0,0,0,1,1,0,0,22,2,0,0,29,0,0,False,False,True,False,0,0,0,0,0,0.2795627940338063,-0.4386183775172104,0.018843980886722303,-0.7938609228125153,-0.4564771252155258,0.022191492855581862,-0.3552655235637277,-1.7982148487696796,-0.17526681505929956
54d4fa5b5a11,101,../../../etc/passwd,/user/profile?user_id=../../../etc/passwd,GET,404,27,2.059614,0,0,/user/profile?{},1,/user/profile?,1,other,0,0,0,0,-1.0,0,29,2,0,client_error,0,0,0,1,3.332204510175204,tiny,1.1182887642166426,0,0,0,1,1,0,0,22,2,0,0,29,3,0,False,False,True,False,0,0,0,0,0,0.2795627940338063,-0.4386183775172104,-1.3565319030110061,-0.7938609228125153,-0.4564771252155258,-1.358868616974205,-0.3552655235637277,-1.7982148487696796,-0.17526681505929956
2aa0d304408b,101,' OR '1'='1,/user/profile?user_id=' OR '1'='1,GET,404,27,2.104299,0,0,/user/profile?{},1,/user/profile?,1,other,0,0,0,0,-1.0,0,29,2,0,client_error,0,0,0,1,3.332204510175204,tiny,1.1327879250013817,1,0,0,1,1,0,0,22,2,0,0,29,3,0,False,False,True,False,0,0,0,0,0,0.2795627940338063,-0.4386183775172104,0.7999127065318011,-0.7938609228125153,-0.4564771252155258,0.8008249006950515,-0.3552655235637277,-1.7982148487696796,-0.17526681505929956
67888cf982cd,101,102,/api/user/102/details,POST,405,153,2.047847,0,0,/api/user/{}/details,1,/api/user//details,1,numeric,1,0,0,0,1.0,0,29,2,0,client_error,0,0,0,0,5.0369526024136295,small,1.114435439714102,0,0,0,3,0,1,0,22,2,0,0,9,2,1,False,False,False,True,0,0,0,0,0,0.29997911492773827,2.4320811593767298,-1.9243932372504542,-0.7861295931973484,2.373595341966813,-1.9328328672618516,2.8147960713126134,-1.7982148487696796,-0.17526681505929956
14e4bb40f400,101,103,/api/user/103/details,GET,401,25,2.081024,0,0,/api/user/{}/details,1,/api/user//details,1,numeric,1,0,0,0,2.0,0,29,2,0,client_error,0,1,0,0,3.258096538021482,tiny,1.1252620092628673,0,0,0,1,1,0,0,22,2,0,0,9,2,0,False,True,False,False,0,0,0,0,0,0.21831383135201032,-0.48418503683298725,-0.3233109319846665,-0.7822639283897651,-0.579504646141257,-0.3201828373598333,-0.3552655235637277,-1.7982148487696796,-0.17526681505929956
0709e6f2cbc5,101,104,/api/user/104/details,GET,401,25,2.099697,0,0,/api/user/{}/details,1,/api/user//details,1,numeric,1,0,0,0,3.0,0,29,2,0,client_error,0,1,0,0,3.258096538021482,tiny,1.1313043647785623,0,0,0,1,1,0,0,22,2,0,0,9,2,0,False,True,False,False,0,0,0,0,0,0.21831383135201032,-0.48418503683298725,0.5778256953845168,-0.7783982635821817,-0.579504646141257,0.5798441526460121,-0.3552655235637277,-1.7982148487696796,-0.17526681505929956
b49ccbec5708,101,105,/api/user/105/details,POST,405,153,2.060868,0,0,/api/user/{}/details,1,/api/user//details,1,numeric,1,0,0,0,4.0,0,29,2,0,client_error,0,0,0,0,5.0369526024136295,small,1.11869853587108,0,0,0,3,0,1,0,22,2,0,0,9,2,1,False,False,False,True,0,0,0,0,0,0.29997911492773827,2.4320811593767298,-1.2960153641194916,-0.7745325987745982,2.373595341966813,-1.2978318991288242,2.8147960713126134,-1.7982148487696796,-0.17526681505929956
db4e342e1431,101,202,/api/user/202/details,POST,405,153,2.076476,0,0,/api/user/{}/details,1,/api/user//details,1,numeric,1,0,0,0,101.0,0,29,2,0,client_error,0,0,0,0,5.0369526024136295,small,1.1237847860953318,0,0,0,3,0,1,0,22,2,0,0,9,2,1,False,False,False,True,0,0,0,0,0,0.29997911492773827,2.4320811593767298,-0.5427919677729868,-0.3995631124390084,2.373595341966813,-0.5402196620038672,2.8147960713126134,-1.7982148487696796,-0.17526681505929956
7b5a5606a03a,101,203,/api/user/203/details,POST,405,153,2.050821,0,0,/api/user/{}/details,1,/api/user//details,1,numeric,1,0,0,0,102.0,0,29,2,0,client_error,0,0,0,0,5.0369526024136295,small,1.1154107347246647,0,0,0,3,0,1,0,22,2,0,0,9,2,1,False,False,False,True,0,0,0,0,0,0.29997911492773827,2.4320811593767298,-1.7808715572956522,-0.395697447631425,2.373595341966813,-1.7875597481207632,2.8147960713126134,-1.7982148487696796,-0.17526681505929956
d66bddc4debe,101,204,/api/user/204/details,POST,405,153,2.067069,0,0,/api/user/{}/details,1,/api/user//details,1,numeric,1,0,0,0,103.0,0,29,2,0,client_error,0,0,0,0,5.0369526024136295,small,1.1207223824336618,0,0,0,3,0,1,0,22,2,0,0,9,2,1,False,False,False,True,0,0,0,0,0,0.29997911492773827,2.4320811593767298,-0.9967625270651189,-0.3918317828238416,2.373595341966813,-0.9963738791194249,2.8147960713126134,-1.7982148487696796,-0.17526681505929956
cec11663dcb7,101,205,/api/user/205/details,POST,405,153,2.065893,0,0,/api/user/{}/details,1,/api/user//details,1,numeric,1,0,0,0,104.0,0,29,2,0,client_error,0,0,0,0,5.0369526024136295,small,1.1203388809495787,0,0,0,3,0,1,0,22,2,0,0,9,2,1,False,False,False,True,0,0,0,0,0,0.29997911492773827,2.4320811593767298,-1.0535148793270068,-0.3879661180162582,2.373595341966813,-1.053497576241449,2.8147960713126134,-1.7982148487696796,-0.17526681505929956
f20812f63329,101,302,/api/user/302/details,POST,405,153,2.049632,0,0,/api/user/{}/details,1,/api/user//details,1,numeric,1,0,0,0,201.0,0,29,2,0,client_error,0,0,0,0,5.0369526024136295,small,1.1150209276021263,0,0,0,3,0,1,0,22,2,0,0,9,2,1,False,False,False,True,0,0,0,0,0,0.29997911492773827,2.4320811593767298,-1.8382512739958112,-0.012996631680668318,2.373595341966813,-1.845622689016862,2.8147960713126134,-1.7982148487696796,-0.17526681505929956
5547610d0cb0,101,303,/api/user/303/details,POST,405,153,2.057697,0,0,/api/user/{}/details,1,/api/user//details,1,numeric,1,0,0,0,202.0,0,29,2,0,client_error,0,0,0,0,5.0369526024136295,small,1.1176620182288217,0,0,0,3,0,1,0,22,2,0,0,9,2,1,False,False,False,True,0,0,0,0,0,0.29997911492773827,2.4320811593767298,-1.4490440282542185,-0.009130966873084918,2.373595341966813,-1.4522243130188084,2.8147960713126134,-1.7982148487696796,-0.17526681505929956
2f3d33faf054,101,304,/api/user/304/details,POST,405,153,2.065349,0,0,/api/user/{}/details,1,/api/user//details,1,numeric,1,0,0,0,203.0,0,29,2,0,client_error,0,0,0,0,5.0369526024136295,small,1.120161429137555,0,0,0,3,0,1,0,22,2,0,0,9,2,1,False,False,False,True,0,0,0,0,0,0.29997911492773827,2.4320811593767298,-1.0797676681284278,-0.005265302065501518,2.373595341966813,-1.0799295562584956,2.8147960713126134,-1.7982148487696796,-0.17526681505929956
d1f919e56a3c,101,305,/api/user/305/details,POST,405,153,2.061522,0,0,/api/user/{}/details,1,/api/user//details,1,numeric,1,0,0,0,204.0,0,29,2,0,client_error,0,0,0,0,5.0369526024136295,small,1.1189121779299778,0,0,0,3,0,1,0,22,2,0,0,9,2,1,False,False,False,True,0,0,0,0,0,0.29997911492773827,2.4320811593767298,-1.264454106994263,-0.0013996372579181166,2.373595341966813,-1.2660092732159625,2.8147960713126134,-1.7982148487696796,-0.17526681505929956
21e55f346ab1,101,401,/api/user/401/details,POST,405,153,2.043695,0,0,/api/user/{}/details,1,/api/user//details,1,numeric,1,0,0,0,300.0,0,29,2,0,client_error,0,0,0,0,5.0369526024136295,small,1.1130722378703066,0,0,0,3,0,1,0,22,2,0,0,9,2,1,False,False,False,True,0,0,0,0,0,0.29997911492773827,2.4320811593767298,-2.1247637870730243,0.3697041842700884,2.373595341966813,-2.1358858735033297,2.8147960713126134,-1.7982148487696796,-0.17526681505929956
5d702a519f67,101,402,/api/user/402/details,GET,401,25,2.072499,0,0,/api/user/{}/details,1,/api/user//details,1,numeric,1,0,0,0,301.0,0,29,2,0,client_error,0,1,0,0,3.258096538021482,tiny,1.1224912369901399,0,0,0,1,1,0,0,22,2,0,0,9,2,0,False,True,False,False,0,0,0,0,0,0.21831383135201032,-0.48418503683298725,-0.7347172270803933,0.37356984907767177,-0.579504646141257,-0.7328976837698168,-0.3552655235637277,-1.7982148487696796,-0.17526681505929956
3b6a006bd145,101,403,/api/user/403/details,GET,401,25,2.091191,0,0,/api/user/{}/details,1,/api/user//details,1,numeric,1,0,0,0,302.0,0,29,2,0,client_error,0,1,0,0,3.258096538021482,tiny,1.12855645354114,0,0,0,1,1,0,0,22,2,0,0,9,2,0,False,True,False,False,0,0,0,0,0,0.21831383135201032,-0.48418503683298725,0.1673363175447213,0.37743551388525515,-0.579504646141257,0.17053452606143457,-0.3552655235637277,-1.7982148487696796,-0.17526681505929956
45ac7367a994,101,404,/api/user/404/details,POST,405,153,2.064552,0,0,/api/user/{}/details,1,/api/user//details,1,numeric,1,0,0,0,303.0,0,29,2,0,client_error,0,0,0,0,5.0369526024136295,small,1.1199013923100465,0,0,0,3,0,1,0,22,2,0,0,9,2,1,False,False,False,True,0,0,0,0,0,0.29997911492773827,2.4320811593767298,-1.1182299340746171,0.3813011786928386,2.373595341966813,-1.1186628222083805,2.8147960713126134,-1.7982148487696796,-0.17526681505929956
f8563aa1a88c,101,405,/api/user/405/details,POST,405,153,2.047802,0,0,/api/user/{}/details,1,/api/user//details,1,numeric,1,0,0,0,304.0,0,29,2,0,client_error,0,0,0,0,5.0369526024136295,small,1.1144206750844454,0,0,0,3,0,1,0,22,2,0,0,9,2,1,False,False,False,True,0,0,0,0,0,0.29997911492773827,2.4320811593767298,-1.9265648833829279,0.38516684350042196,2.373595341966813,-1.9350321031647901,2.8147960713126134,-1.7982148487696796,-0.17526681505929956
d252a4d0e5d6,101,999,/api/user/999/details,GET,401,25,2.076227,0,0,/api/user/{}/details,1,/api/user//details,1,numeric,1,0,0,0,898.0,0,29,2,0,client_error,0,1,0,0,3.258096538021482,tiny,1.1237038460596642,0,0,0,1,1,0,0,22,2,0,0,9,2,0,False,True,False,False,0,0,0,0,0,0.21831383135201032,-0.48418503683298725,-0.5548084097059959,2.681371739204962,-0.579504646141257,-0.5522759232555696,-0.3552655235637277,-1.7982148487696796,-0.17526681505929956
cd4b092e4e74,101,1000,/api/user/1000/details,GET,401,25,2.08161,0,0,/api/user/{}/details,1,/api/user//details,1,numeric,1,0,0,0,899.0,0,29,2,0,client_error,0,1,0,0,3.258096538021482,tiny,1.1254521876839014,0,0,0,1,1,0,0,22,2,0,0,9,2,0,False,True,False,False,0,0,0,0,0,0.21831383135201032,-0.48418503683298725,-0.2950312734596235,2.6852374040125455,-0.579504646141257,-0.2918551907321619,-0.3552655235637277,-1.7982148487696796,-0.17526681505929956
b4b54775a049,101,1001,/api/user/1001/details,GET,401,25,2.05657,0,0,/api/user/{}/details,1,/api/user//details,1,numeric,1,0,0,0,900.0,0,29,2,0,client_error,0,1,0,0,3.258096538021482,tiny,1.1172933722365013,0,0,0,1,1,0,0,22,2,0,0,9,2,0,False,True,False,False,0,0,0,0,0,0.21831383135201032,-0.48418503683298725,-1.5034316991718737,2.689103068820129,-0.579504646141257,-1.507135240054476,-0.3552655235637277,-1.7982148487696796,-0.17526681505929956
755880d1a63f,101,-1,/api/user/-1/details,GET,401,25,2.114479,0,0,/api/user/-1/details,0,/api/user/-1/details,0,none,0,0,0,0,102.0,0,29,2,0,client_error,0,1,0,0,3.258096538021482,tiny,1.1360618830340095,1,0,0,1,1,0,0,22,2,0,0,7,1,0,False,True,False,False,0,0,0,0,0,0.21831383135201032,-0.48418503683298725,1.2911873204994815,-0.395697447631425,-0.579504646141257,1.288490776338666,-0.3552655235637277,-1.7982148487696796,-0.17526681505929956
0abced40ee91,101,0,/api/user/0/details,POST,405,153,2.040354,0,0,/api/user/{}/details,1,/api/user//details,1,numeric,1,0,0,0,101.0,0,29,2,0,client_error,0,0,0,0,5.0369526024136295,small,1.1119739560070827,0,0,0,3,0,1,0,22,2,0,0,9,2,1,False,False,False,True,0,0,0,0,0,0.29997911492773827,2.4320811593767298,-2.285996447708204,-0.3995631124390084,2.373595341966813,-2.2994782534895544,2.8147960713126134,-1.7982148487696796,-0.17526681505929956
3df1586bf70e,101,abc,/api/user/abc/details,GET,401,25,2.096851,0,0,/api/user/abc/details,0,/api/user/abc/details,0,none,0,0,0,0,-1.0,0,29,2,0,client_error,0,1,0,0,3.258096538021482,tiny,1.1303857887584567,0,0,0,1,1,0,0,22,2,0,0,10,1,0,False,True,False,False,0,0,0,0,0,0.21831383135201032,-0.48418503683298725,0.4404811422065246,-0.7938609228125153,-0.579504646141257,0.4430194973737891,-0.3552655235637277,-1.7982148487696796,-0.17526681505929956
9281e71df43d,101,xyz,/api/user/xyz/details,POST,405,153,2.057107,0,0,/api/user/xyz/details,0,/api/user/xyz/details,0,none,0,0,0,0,-1.0,0,29,2,0,client_error,0,0,0,0,5.0369526024136295,small,1.117469043931745,0,0,0,3,0,1,0,22,2,0,0,11,1,1,False,False,False,True,0,0,0,0,0,0.29997911492773827,2.4320811593767298,-1.4775167219910634,-0.7938609228125153,2.373595341966813,-1.4809684137747727,2.8147960713126134,-1.7982148487696796,-0.17526681505929956
a5617c354fa4,101,../../../etc/passwd,/api/user/../../../etc/passwd/details,POST,404,31,2.057062,0,0,/api/user/../../../etc/passwd/details,0,/api/user/../../../etc/passwd/details,0,none,0,0,0,0,-1.0,0,29,2,0,client_error,0,0,0,1,3.4657359027997265,tiny,1.1174543240245913,0,0,0,3,0,1,0,22,2,0,0,8,1,1,False,False,True,False,0,0,0,0,0,0.2795627940338063,-0.3474850588856568,-1.4796883681235156,-0.7938609228125153,-0.23480008126296797,-1.4831609881266512,2.8147960713126134,-1.7982148487696796,-0.17526681505929956
f1ea007a7af9,101,' OR '1'='1,/api/user/' OR '1'='1/details,POST,405,153,2.07783,0,0,/api/user/' OR '1'='1/details,0,/api/user/' OR '1'='1/details,0,none,0,0,0,0,-1.0,0,29,2,0,client_error,0,0,0,0,5.0369526024136295,small,1.1242248032221522,0,0,0,3,0,1,0,22,2,0,0,6,1,1,False,False,False,True,0,0,0,0,0,0.29997911492773827,2.4320811593767298,-0.47744954858710537,-0.7938609228125153,2.373595341966813,-0.47467779026618007,2.8147960713126134,-1.7982148487696796,-0.17526681505929956
5e858484132c,101,102,/profile?uid=102,GET,200,66,2.124442,1,1,/profile?{},1,/profile?,1,numeric,1,0,0,0,1.0,0,29,2,0,success,1,0,0,0,4.204692619390966,tiny,1.13925570724463,1,1,1,1,1,0,0,22,2,0,0,26,2,0,True,False,False,False,0,1,1,0,0,-3.885366668328318,0.44993147914043774,1.771989774228355,-0.7861295931973484,0.9919507023782315,1.764220478675134,-0.3552655235637277,-1.7982148487696796,-0.17526681505929956
dc4ffb5068ae,101,103,/profile?uid=103,GET,200,67,2.096418,1,1,/profile?{},1,/profile?,1,numeric,1,0,0,0,2.0,0,29,2,0,success,1,0,0,0,4.219507705176107,tiny,1.1302459595339533,0,1,1,1,1,0,0,22,2,0,0,26,2,0,True,False,False,False,0,1,1,0,0,-3.885366668328318,0.47271480879832617,0.4195850805318619,-0.7822639283897651,1.0165454014838449,0.4221915146909184,-0.3552655235637277,-1.7982148487696796,-0.17526681505929956
d5aa2962bbc6,101,104,/profile?uid=104,GET,404,30,2.113931,0,0,/profile?{},1,/profile?,1,numeric,1,0,0,0,3.0,0,29,2,0,client_error,0,0,0,1,3.4339872044851463,tiny,1.1358859151701681,1,0,0,1,1,0,0,22,2,0,0,26,2,0,False,False,True,False,0,0,0,0,0,0.2795627940338063,-0.37026838854354516,1.2647414964862798,-0.7783982635821817,-0.2875064707747419,1.2622798348574022,-0.3552655235637277,-1.7982148487696796,-0.17526681505929956
98a4b7835e5e,101,105,/profile?uid=105,GET,404,30,2.055481,0,0,/profile?{},1,/profile?,1,numeric,1,0,0,0,4.0,0,29,2,0,client_error,0,0,0,1,3.4339872044851463,tiny,1.1169370270386214,0,0,0,1,1,0,0,22,2,0,0,26,2,0,False,False,True,False,0,0,0,0,0,0.2795627940338063,-0.37026838854354516,-1.5559855355776446,-0.7745325987745982,-0.2875064707747419,-1.560213926837764,-0.3552655235637277,-1.7982148487696796,-0.17526681505929956
a2b8d3368298,101,202,/profile?uid=202,GET,404,30,2.108361,0,0,/profile?{},1,/profile?,1,numeric,1,0,0,0,101.0,0,29,2,0,client_error,0,0,0,1,3.4339872044851463,tiny,1.1340955776264472,1,0,0,1,1,0,0,22,2,0,0,26,2,0,False,False,True,False,0,0,0,0,0,0.2795627940338063,-0.37026838854354516,0.9959399640894236,-0.3995631124390084,-0.2875064707747419,0.9956036840774406,-0.3552655235637277,-1.7982148487696796,-0.17526681505929956
ca7a368c93ea,101,203,/profile?uid=203,GET,404,30,2.096895,0,0,/profile?{},1,/profile?,1,numeric,1,0,0,0,102.0,0,29,2,0,client_error,0,0,0,1,3.4339872044851463,tiny,1.1303999966384701,0,0,0,1,1,0,0,22,2,0,0,26,2,0,False,False,True,False,0,0,0,0,0,0.2795627940338063,-0.37026838854354516,0.4426045295360477,-0.395697447631425,-0.2875064707747419,0.44513580374629474,-0.3552655235637277,-1.7982148487696796,-0.17526681505929956
53f8850d52b7,101,204,/profile?uid=204,GET,404,30,2.12243,0,0,/profile?{},1,/profile?,1,numeric,1,0,0,0,103.0,0,29,2,0,client_error,0,0,0,1,3.4339872044851463,tiny,1.1386115448319625,1,0,0,1,1,0,0,22,2,0,0,26,2,0,False,False,True,False,0,0,0,0,0,0.2795627940338063,-0.37026838854354516,1.6748930627054643,-0.3918317828238416,-0.2875064707747419,1.6682705538747455,-0.3552655235637277,-1.7982148487696796,-0.17526681505929956
07d7bbf5f341,101,205,/profile?uid=205,GET,404,30,2.119015,0,0,/profile?{},1,/profile?,1,numeric,1,0,0,0,104.0,0,29,2,0,client_error,0,0,0,1,3.4339872044851463,tiny,1.1375172468478307,1,0,0,1,1,0,0,22,2,0,0,26,2,0,False,False,True,False,0,0,0,0,0,0.2795627940338063,-0.37026838854354516,1.5100892506524597,-0.3879661180162582,-0.2875064707747419,1.5052715846367903,-0.3552655235637277,-1.7982148487696796,-0.17526681505929956
f888c54be471,101,302,/profile?uid=302,GET,404,30,2.101588,0,0,/profile?{},1,/profile?,1,numeric,1,0,0,0,201.0,0,29,2,0,client_error,0,0,0,1,3.4339872044851463,tiny,1.1319142383962442,0,0,0,1,1,0,0,22,2,0,0,26,2,0,False,False,True,False,0,0,0,0,0,0.2795627940338063,-0.37026838854354516,0.6690830917512083,-0.012996631680668318,-0.2875064707747419,0.6706866585165098,-0.3552655235637277,-1.7982148487696796,-0.17526681505929956
4de1dab87853,101,303,/profile?uid=303,GET,404,30,2.090242,0,0,/profile?{},1,/profile?,1,numeric,1,0,0,0,202.0,0,29,2,0,client_error,0,0,0,1,3.4339872044851463,tiny,1.1282494049951295,0,0,0,1,1,0,0,22,2,0,0,26,2,0,False,False,True,False,0,0,0,0,0,0.2795627940338063,-0.37026838854354516,0.12153871355108088,-0.009130966873084918,-0.2875064707747419,0.12479872353644729,-0.3552655235637277,-1.7982148487696796,-0.17526681505929956
5630ef5c2c90,101,304,/profile?uid=304,GET,404,30,2.094917,0,0,/profile?{},1,/profile?,1,numeric,1,0,0,0,203.0,0,29,2,0,client_error,0,0,0,1,3.4339872044851463,tiny,1.1297610883294693,0,0,0,1,1,0,0,22,2,0,0,26,2,0,False,False,True,False,0,0,0,0,0,0.2795627940338063,-0.37026838854354516,0.3471486173132606,-0.005265302065501518,-0.2875064707747419,0.3499684934571068,-0.3552655235637277,-1.7982148487696796,-0.17526681505929956
0b3f11ea97f3,101,305,/profile?uid=305,GET,404,30,2.104007,0,0,/profile?{},1,/profile?,1,numeric,1,0,0,0,204.0,0,29,2,0,client_error,0,0,0,1,3.4339872044851463,tiny,1.1326938574730687,1,0,0,1,1,0,0,22,2,0,0,26,2,0,False,False,True,False,0,0,0,0,0,0.2795627940338063,-0.37026838854354516,0.7858211360722194,-0.0013996372579181166,-0.2875064707747419,0.7868132600120582,-0.3552655235637277,-1.7982148487696796,-0.17526681505929956
1307366e9937,101,401,/profile?uid=401,GET,404,30,2.092524,0,0,/profile?{},1,/profile?,1,numeric,1,0,0,0,300.0,0,29,2,0,client_error,0,0,0,1,3.4339872044851463,tiny,1.1289875859657903,0,0,0,1,1,0,0,22,2,0,0,26,2,0,False,False,True,False,0,0,0,0,0,0.2795627940338063,-0.37026838854354516,0.23166530186879164,0.3697041842700884,-0.2875064707747419,0.23475299474371214,-0.3552655235637277,-1.7982148487696796,-0.17526681505929956
461b801a1acf,101,402,/profile?uid=402,GET,404,30,2.071036,0,0,/profile?{},1,/profile?,1,numeric,1,0,0,0,301.0,0,29,2,0,client_error,0,0,0,1,3.4339872044851463,tiny,1.122014963955916,0,0,0,1,1,0,0,22,2,0,0,26,2,0,False,False,True,False,0,0,0,0,0,0.2795627940338063,-0.37026838854354516,-0.8053198557871533,0.37356984907767177,-0.2875064707747419,-0.8038399817362266,-0.3552655235637277,-1.7982148487696796,-0.17526681505929956
f4651fbcdc53,101,403,/profile?uid=403,GET,404,30,2.105064,0,0,/profile?{},1,/profile?,1,numeric,1,0,0,0,302.0,0,29,2,0,client_error,0,0,0,1,3.4339872044851463,tiny,1.1330343270892835,1,0,0,1,1,0,0,22,2,0,0,26,2,0,False,False,True,False,0,0,0,0,0,0.2795627940338063,-0.37026838854354516,0.8368306907837879,0.37743551388525515,-0.2875064707747419,0.8375272312562704,-0.3552655235637277,-1.7982148487696796,-0.17526681505929956
99dc37c024a1,101,404,/profile?uid=404,GET,404,30,2.069876,0,0,/profile?{},1,/profile?,1,numeric,1,0,0,0,303.0,0,29,2,0,client_error,0,0,0,1,3.4339872044851463,tiny,1.1216371699038934,0,0,0,1,1,0,0,22,2,0,0,26,2,0,False,False,True,False,0,0,0,0,0,0.2795627940338063,-0.37026838854354516,-0.86130006720194,0.3813011786928386,-0.2875064707747419,-0.8601135397221554,-0.3552655235637277,-1.7982148487696796,-0.17526681505929956
bad9f354273a,101,405,/profile?uid=405,GET,404,30,2.067402,0,0,/profile?{},1,/profile?,1,numeric,1,0,0,0,304.0,0,29,2,0,client_error,0,0,0,1,3.4339872044851463,tiny,1.1208309492523256,0,0,0,1,1,0,0,22,2,0,0,26,2,0,False,False,True,False,0,0,0,0,0,0.2795627940338063,-0.37026838854354516,-0.9806923456848443,0.38516684350042196,-0.2875064707747419,-0.9802025256195087,-0.3552655235637277,-1.7982148487696796,-0.17526681505929956
029de5e7118d,101,999,/profile?uid=999,GET,404,30,2.094457,0,0,/profile?{},1,/profile?,1,numeric,1,0,0,0,898.0,0,29,2,0,client_error,0,0,0,1,3.4339872044851463,tiny,1.1296124464794706,0,0,0,1,1,0,0,22,2,0,0,26,2,0,False,False,True,False,0,0,0,0,0,0.2795627940338063,-0.37026838854354516,0.3249495679591051,2.681371739204962,-0.2875064707747419,0.32782784375588153,-0.3552655235637277,-1.7982148487696796,-0.17526681505929956
22c6d392819f,101,1000,/profile?uid=1000,GET,404,30,2.100562,0,0,/profile?{},1,/profile?,1,numeric,1,0,0,0,899.0,0,29,2,0,client_error,0,0,0,1,3.4339872044851463,tiny,1.1315833853825765,0,0,0,1,1,0,0,22,2,0,0,26,2,0,False,False,True,False,0,0,0,0,0,0.2795627940338063,-0.37026838854354516,0.6195695599308917,2.6852374040125455,-0.2875064707747419,0.6214051090856334,-0.3552655235637277,-1.7982148487696796,-0.17526681505929956
b0f663048729,101,1001,/profile?uid=1001,GET,404,30,2.071465,0,0,/profile?{},1,/profile?,1,numeric,1,0,0,0,900.0,0,29,2,0,client_error,0,0,0,1,3.4339872044851463,tiny,1.1221546464730854,0,0,0,1,1,0,0,22,2,0,0,26,2,0,False,False,True,False,0,0,0,0,0,0.2795627940338063,-0.37026838854354516,-0.7846168293242711,2.689103068820129,-0.2875064707747419,-0.7830338515511016,-0.3552655235637277,-1.7982148487696796,-0.17526681505929956
b5681617e769,101,-1,/profile?uid=-1,GET,404,30,2.073163,0,0,/profile?{},1,/profile?,1,alphanumeric,0,0,1,0,102.0,0,29,2,0,client_error,0,0,0,1,3.4339872044851463,tiny,1.1227073243709895,0,0,0,1,1,0,0,22,2,0,0,26,0,0,False,False,True,False,0,0,0,0,0,0.2795627940338063,-0.37026838854354516,-0.7026733819257238,-0.395697447631425,-0.2875064707747419,-0.7007108198126738,-0.3552655235637277,-1.7982148487696796,-0.17526681505929956
5507eab51e4d,101,0,/profile?uid=0,GET,404,30,2.06896,0,0,/profile?{},1,/profile?,1,numeric,1,0,0,0,101.0,0,29,2,0,client_error,0,0,0,1,3.4339872044851463,tiny,1.1213387419912408,0,0,0,1,1,0,0,22,2,0,0,26,2,0,False,False,True,False,0,0,0,0,0,0.2795627940338063,-0.37026838854354516,-0.9055051306984274,-0.3995631124390084,-0.2875064707747419,-0.9045652730338972,-0.3552655235637277,-1.7982148487696796,-0.17526681505929956
5dbd84a4a876,101,abc,/profile?uid=abc,GET,404,30,2.067428,0,0,/profile?{},1,/profile?,1,alphanumeric,0,0,1,0,-1.0,0,29,2,0,client_error,0,0,0,1,3.4339872044851463,tiny,1.12083942544482,0,0,0,1,1,0,0,22,2,0,0,26,0,0,False,False,True,False,0,0,0,0,0,0.2795627940338063,-0.37026838854354516,-0.9794376168083021,-0.7938609228125153,-0.2875064707747419,-0.9789399713064483,-0.3552655235637277,-1.7982148487696796,-0.17526681505929956
6d428a43d1f8,101,xyz,/profile?uid=xyz,GET,404,30,2.119917,0,0,/profile?{},1,/profile?,1,alphanumeric,0,0,1,0,-1.0,0,29,2,0,client_error,0,0,0,1,3.4339872044851463,tiny,1.137806398903434,1,0,0,1,1,0,0,22,2,0,0,26,0,0,False,False,True,False,0,0,0,0,0,0.2795627940338063,-0.37026838854354516,1.553618690907747,-0.7938609228125153,-0.2875064707747419,1.5483416511998336,-0.3552655235637277,-1.7982148487696796,-0.17526681505929956
8e7854e6e475,101,../../../etc/passwd,/profile?uid=../../../etc/passwd,GET,404,30,2.109684,0,0,/profile?{},1,/profile?,1,other,0,0,0,0,-1.0,0,29,2,0,client_error,0,0,0,1,3.4339872044851463,tiny,1.1345211133116873,1,0,0,1,1,0,0,22,2,0,0,26,3,0,False,False,True,False,0,0,0,0,0,0.2795627940338063,-0.37026838854354516,1.0597863603840532,-0.7938609228125153,-0.2875064707747419,1.0589885016261376,-0.3552655235637277,-1.7982148487696796,-0.17526681505929956
33391046c08a,101,' OR '1'='1,/profile?uid=' OR '1'='1,GET,404,30,2.09308,0,0,/profile?{},1,/profile?,1,other,0,0,0,0,-1.0,0,29,2,0,client_error,0,0,0,1,3.4339872044851463,tiny,1.1291673582245696,0,0,0,1,1,0,0,23,2,0,0,26,3,0,False,False,True,False,0,0,0,0,0,0.2795627940338063,-0.37026838854354516,0.25849719630553314,-0.7938609228125153,-0.2875064707747419,0.2615306122697596,-0.3552655235637277,0.5561070751274192,-0.17526681505929956
ea26389d6cb8,101,102,/invoice?id=102,GET,404,30,2.08218,0,0,/invoice?{},1,/invoice?,1,numeric,1,0,0,0,1.0,0,29,2,0,client_error,0,0,0,1,3.4339872044851463,tiny,1.125637138826502,0,0,0,1,1,0,0,23,2,0,0,13,2,0,False,False,True,False,0,0,0,0,0,0.2795627940338063,-0.37026838854354516,-0.2675237557816604,-0.7861295931973484,-0.2875064707747419,-0.2643061629166657,-0.3552655235637277,0.5561070751274192,-0.17526681505929956
e4311b82421e,101,103,/invoice?id=103,GET,404,30,2.104788,0,0,/invoice?{},1,/invoice?,1,numeric,1,0,0,0,2.0,0,29,2,0,client_error,0,0,0,1,3.4339872044851463,tiny,1.1329454360818387,1,0,0,1,1,0,0,23,2,0,0,13,2,0,False,False,True,False,0,0,0,0,0,0.2795627940338063,-0.37026838854354516,0.8235112611713075,-0.7822639283897651,-0.2875064707747419,0.8242866488937592,-0.3552655235637277,0.5561070751274192,-0.17526681505929956
9dd3cd409216,101,104,/invoice?id=104,GET,404,30,2.101831,0,0,/invoice?{},1,/invoice?,1,numeric,1,0,0,0,3.0,0,29,2,0,client_error,0,0,0,1,3.4339872044851463,tiny,1.1319925822901915,0,0,0,1,1,0,0,23,2,0,0,13,2,0,False,False,True,False,0,0,0,0,0,0.2795627940338063,-0.37026838854354516,0.6808099808665357,-0.7783982635821817,-0.2875064707747419,0.6823562166667393,-0.3552655235637277,0.5561070751274192,-0.17526681505929956
50127fc35546,101,105,/invoice?id=105,GET,404,30,2.054392,0,0,/invoice?{},1,/invoice?,1,numeric,1,0,0,0,4.0,0,29,2,0,client_error,0,0,0,1,3.4339872044851463,tiny,1.1165805548135745,0,0,0,1,1,0,0,23,2,0,0,13,2,0,False,False,True,False,0,0,0,0,0,0.2795627940338063,-0.37026838854354516,-1.6085393719834156,-0.7745325987745982,-0.2875064707747419,-1.613311534698846,-0.3552655235637277,0.5561070751274192,-0.17526681505929956
3d4b5bc0d2d7,101,202,/invoice?id=202,GET,404,30,2.099485,0,0,/invoice?{},1,/invoice?,1,numeric,1,0,0,0,101.0,0,29,2,0,client_error,0,0,0,1,3.4339872044851463,tiny,1.1312359686578863,0,0,0,1,1,0,0,23,2,0,0,13,2,0,False,False,True,False,0,0,0,0,0,0.2795627940338063,-0.37026838854354516,0.5675948291604413,-0.3995631124390084,-0.2875064707747419,0.5696563451824831,-0.3552655235637277,0.5561070751274192,-0.17526681505929956
c6138ca63807,101,203,/invoice?id=203,GET,404,30,2.07723,0,0,/invoice?{},1,/invoice?,1,numeric,1,0,0,0,102.0,0,29,2,0,client_error,0,0,0,1,3.4339872044851463,tiny,1.1240298416776993,0,0,0,1,1,0,0,23,2,0,0,13,2,0,False,False,True,False,0,0,0,0,0,0.2795627940338063,-0.37026838854354516,-0.50640483035337,-0.395697447631425,-0.2875064707747419,-0.5037178974834927,-0.3552655235637277,0.5561070751274192,-0.17526681505929956
7d1eb79d69cf,101,204,/invoice?id=204,GET,404,30,2.065582,0,0,/invoice?{},1,/invoice?,1,numeric,1,0,0,0,103.0,0,29,2,0,client_error,0,0,0,1,3.4339872044851463,tiny,1.1202374371696509,0,0,0,1,1,0,0,23,2,0,0,13,2,0,False,False,True,False,0,0,0,0,0,0.2795627940338063,-0.37026838854354516,-1.06852336704252,-0.3918317828238416,-0.2875064707747419,-1.068607931742064,-0.3552655235637277,0.5561070751274192,-0.17526681505929956
b16df51306fd,101,205,/invoice?id=205,GET,404,30,2.07197,0,0,/invoice?{},1,/invoice?,1,numeric,1,0,0,0,104.0,0,29,2,0,client_error,0,0,0,1,3.4339872044851463,tiny,1.1223190496127418,0,0,0,1,1,0,0,23,2,0,0,13,2,0,False,False,True,False,0,0,0,0,0,0.2795627940338063,-0.37026838854354516,-0.7602461338376636,-0.3879661180162582,-0.2875064707747419,-0.7585455104483486,-0.3552655235637277,0.5561070751274192,-0.17526681505929956
e958aeb9a8af,101,302,/invoice?id=302,GET,200,88,2.06592,0,0,/invoice?{},1,/invoice?,1,numeric,1,0,0,0,201.0,0,29,2,0,success,1,0,0,0,4.48863636973214,tiny,1.1203476874803715,0,0,0,1,1,0,0,23,2,0,0,13,2,0,True,False,False,False,0,1,0,0,1,-3.885366668328318,0.9511647316139829,-1.0522118916475143,-0.012996631680668318,1.4633290800562535,-1.0521858170473277,-0.3552655235637277,0.5561070751274192,-0.17526681505929956
a64f7e7e4886,101,303,/invoice?id=303,GET,200,84,2.112529,0,0,/invoice?{},1,/invoice?,1,numeric,1,0,0,0,202.0,0,29,2,0,success,1,0,0,0,4.442651256490317,tiny,1.1354355790164967,1,0,0,1,1,0,0,23,2,0,0,13,2,0,True,False,False,False,0,1,0,0,1,-3.885366668328318,0.8600314129824292,1.1970826547590947,-0.009130966873084918,1.386988649773054,1.1952009130980186,-0.3552655235637277,0.5561070751274192,-0.17526681505929956
81403584d273,101,304,/invoice?id=304,GET,404,30,2.116167,0,0,/invoice?{},1,/invoice?,1,numeric,1,0,0,0,203.0,0,29,2,0,client_error,0,0,0,1,3.4339872044851463,tiny,1.1366037209241089,1,0,0,1,1,0,0,23,2,0,0,13,2,0,False,False,True,False,0,0,0,0,0,0.2795627940338063,-0.37026838854354516,1.3726481798685664,-0.005265302065501518,-0.2875064707747419,1.3691991563786337,-0.3552655235637277,0.5561070751274192,-0.17526681505929956
8b31d45b47ef,101,305,/invoice?id=305,GET,404,30,2.104092,0,0,/invoice?{},1,/invoice?,1,numeric,1,0,0,0,204.0,0,29,2,0,client_error,0,0,0,1,3.4339872044851463,tiny,1.1327212410569985,1,0,0,1,1,0,0,23,2,0,0,13,2,0,False,False,True,False,0,0,0,0,0,0.2795627940338063,-0.37026838854354516,0.7899231343224354,-0.0013996372579181166,-0.2875064707747419,0.7908921270293712,-0.3552655235637277,0.5561070751274192,-0.17526681505929956
16e3c9118ad5,101,401,/invoice?id=401,GET,404,30,2.102603,0,0,/invoice?{},1,/invoice?,1,numeric,1,0,0,0,300.0,0,29,2,0,client_error,0,0,0,1,3.4339872044851463,tiny,1.1322414365785876,1,0,0,1,1,0,0,23,2,0,0,13,2,0,False,False,True,False,0,0,0,0,0,0.2795627940338063,-0.37026838854354516,0.7180657767391547,0.3697041842700884,-0.2875064707747419,0.7194238098517758,-0.3552655235637277,0.5561070751274192,-0.17526681505929956
b9fe493a625f,101,402,/invoice?id=402,GET,404,30,2.075082,0,0,/invoice?{},1,/invoice?,1,numeric,1,0,0,0,301.0,0,29,2,0,client_error,0,0,0,1,3.4339872044851463,tiny,1.1233315675695987,0,0,0,1,1,0,0,23,2,0,0,13,2,0,False,False,True,False,0,0,0,0,0,0.2795627940338063,-0.37026838854354516,-0.6100647390766105,0.37356984907767177,-0.2875064707747419,-0.607727921733191,-0.3552655235637277,0.5561070751274192,-0.17526681505929956
6666d14a64b0,101,403,/invoice?id=403,GET,404,30,2.145586,0,0,/invoice?{},1,/invoice?,1,numeric,1,0,0,0,302.0,0,29,2,0,client_error,0,0,0,1,3.4339872044851463,tiny,1.146000200299565,1,0,0,1,1,0,0,23,2,0,0,13,2,0,False,False,True,False,0,0,0,0,0,0.2795627940338063,-0.37026838854354516,2.792373903671634,0.37743551388525515,-0.2875064707747419,2.768832962594868,-0.3552655235637277,0.5561070751274192,-0.17526681505929956
fcf02384108d,101,404,/invoice?id=404,GET,404,30,2.117466,0,0,/invoice?{},1,/invoice?,1,numeric,1,0,0,0,303.0,0,29,2,0,client_error,0,0,0,1,3.4339872044851463,tiny,1.137020492337762,1,0,0,1,1,0,0,23,2,0,0,13,2,0,False,False,True,False,0,0,0,0,0,0.2795627940338063,-0.37026838854354516,1.4353363648925332,0.3813011786928386,-0.2875064707747419,1.4312785093687699,-0.3552655235637277,0.5561070751274192,-0.17526681505929956
a3ff3b94d125,101,405,/invoice?id=405,GET,404,30,2.089177,0,0,/invoice?{},1,/invoice?,1,numeric,1,0,0,0,304.0,0,29,2,0,client_error,0,0,0,1,3.4339872044851463,tiny,1.1279047123919757,0,0,0,1,1,0,0,23,2,0,0,13,2,0,False,False,True,False,0,0,0,0,0,0.2795627940338063,-0.37026838854354516,0.07014308841595107,0.38516684350042196,-0.2875064707747419,0.07345572571250225,-0.3552655235637277,0.5561070751274192,-0.17526681505929956
67b23d889dd3,101,999,/invoice?id=999,GET,404,30,2.081506,0,0,/invoice?{},1,/invoice?,1,numeric,1,0,0,0,898.0,0,29,2,0,client_error,0,0,0,1,3.4339872044851463,tiny,1.1254184385219486,0,0,0,1,1,0,0,23,2,0,0,13,2,0,False,False,True,False,0,0,0,0,0,0.2795627940338063,-0.37026838854354516,-0.3000501889657709,2.681371739204962,-0.2875064707747419,-0.2968822297021066,-0.3552655235637277,0.5561070751274192,-0.17526681505929956
f675e16dea9d,101,1000,/invoice?id=1000,GET,404,30,2.094461,0,0,/invoice?{},1,/invoice?,1,numeric,1,0,0,0,899.0,0,29,2,0,client_error,0,0,0,1,3.4339872044851463,tiny,1.1296137391125285,0,0,0,1,1,0,0,23,2,0,0,13,2,0,False,False,True,False,0,0,0,0,0,0.2795627940338063,-0.37026838854354516,0.3251426031708858,2.6852374040125455,-0.2875064707747419,0.3280203853296576,-0.3552655235637277,0.5561070751274192,-0.17526681505929956
747526f29b93,101,1001,/invoice?id=1001,GET,404,30,2.072797,0,0,/invoice?{},1,/invoice?,1,numeric,1,0,0,0,900.0,0,29,2,0,client_error,0,0,0,1,3.4339872044851463,tiny,1.1225882217408283,0,0,0,1,1,0,0,23,2,0,0,13,2,0,False,False,True,False,0,0,0,0,0,0.2795627940338063,-0.37026838854354516,-0.7203361038031514,2.689103068820129,-0.2875064707747419,-0.7184515140580486,-0.3552655235637277,0.5561070751274192,-0.17526681505929956
6c1aaa890da3,101,-1,/invoice?id=-1,GET,404,30,2.101782,0,0,/invoice?{},1,/invoice?,1,alphanumeric,0,0,1,0,102.0,0,29,2,0,client_error,0,0,0,1,3.4339872044851463,tiny,1.131976785044296,0,0,0,1,1,0,0,23,2,0,0,13,0,0,False,False,True,False,0,0,0,0,0,0.2795627940338063,-0.37026838854354516,0.6784452995223028,-0.395697447631425,-0.2875064707747419,0.680003169475675,-0.3552655235637277,0.5561070751274192,-0.17526681505929956
6e67c6fc761c,101,0,/invoice?id=0,GET,404,30,2.088969,0,0,/invoice?{},1,/invoice?,1,numeric,1,0,0,0,101.0,0,29,2,0,client_error,0,0,0,1,3.4339872044851463,tiny,1.1278373782758577,0,0,0,1,1,0,0,23,2,0,0,13,2,0,False,False,True,False,0,0,0,0,0,0.2795627940338063,-0.37026838854354516,0.060105257403656305,-0.3995631124390084,-0.2875064707747419,0.063426107015472,-0.3552655235637277,0.5561070751274192,-0.17526681505929956
c40e8cadedb1,101,abc,/invoice?id=abc,GET,404,30,2.107004,0,0,/invoice?{},1,/invoice?,1,alphanumeric,0,0,1,0,-1.0,0,29,2,0,client_error,0,0,0,1,3.4339872044851463,tiny,1.133658917825595,1,0,0,1,1,0,0,23,2,0,0,13,0,0,False,False,True,False,0,0,0,0,0,0.2795627940338063,-0.37026838854354516,0.9304527684947121,-0.7938609228125153,-0.2875064707747419,0.9305618961196154,-0.3552655235637277,0.5561070751274192,-0.17526681505929956
7cf15efdc8ea,101,xyz,/invoice?id=xyz,GET,404,30,2.088054,0,0,/invoice?{},1,/invoice?,1,alphanumeric,0,0,1,0,-1.0,0,29,2,0,client_error,0,0,0,1,3.4339872044851463,tiny,1.1275411190562652,0,0,0,1,1,0,0,23,2,0,0,13,0,0,False,False,True,False,0,0,0,0,0,0.2795627940338063,-0.37026838854354516,0.01594845271009799,-0.7938609228125153,-0.2875064707747419,0.01929740704428562,-0.3552655235637277,0.5561070751274192,-0.17526681505929956
3b05f16adee9,101,../../../etc/passwd,/invoice?id=../../../etc/passwd,GET,404,30,2.057079,0,0,/invoice?{},1,/invoice?,1,other,0,0,0,0,-1.0,0,29,2,0,client_error,0,0,0,1,3.4339872044851463,tiny,1.117459884903871,0,0,0,1,1,0,0,23,2,0,0,13,3,0,False,False,True,False,0,0,0,0,0,0.2795627940338063,-0.37026838854354516,-1.4788679684734853,-0.7938609228125153,-0.2875064707747419,-1.4823326784671298,-0.3552655235637277,0.5561070751274192,-0.17526681505929956
35b62ae80cda,101,' OR '1'='1,/invoice?id=' OR '1'='1,GET,404,30,2.115053,0,0,/invoice?{},1,/invoice?,1,other,0,0,0,0,-1.0,0,29,2,0,client_error,0,0,0,1,3.4339872044851463,tiny,1.1362461665409003,1,0,0,1,1,0,0,23,2,0,0,13,3,0,False,False,True,False,0,0,0,0,0,0.2795627940338063,-0.37026838854354516,1.3188878733892038,-0.7938609228125153,-0.2875064707747419,1.3159403578112951,-0.3552655235637277,0.5561070751274192,-0.17526681505929956
5bf6c090c588,101,102,/order/102/status,GET,401,25,2.091444,0,0,/order/{}/status,1,/order//status,1,numeric,1,0,0,0,1.0,0,29,2,0,client_error,0,1,0,0,3.258096538021482,tiny,1.1286382956683696,0,0,0,1,1,0,0,23,2,0,0,23,2,0,False,True,False,False,0,0,0,0,0,0.21831383135201032,-0.48418503683298725,0.1795457946895111,-0.7861295931973484,-0.579504646141257,0.18272515655888105,-0.3552655235637277,0.5561070751274192,-0.17526681505929956
16d55558f12c,101,103,/order/103/status,GET,401,25,2.099525,0,0,/order/{}/status,1,/order//status,1,numeric,1,0,0,0,2.0,0,29,2,0,client_error,0,1,0,0,3.258096538021482,tiny,1.1312488739443758,0,0,0,1,1,0,0,23,2,0,0,23,2,0,False,True,False,False,0,0,0,0,0,0.21831383135201032,-0.48418503683298725,0.5695251812781837,-0.7822639283897651,-0.579504646141257,0.5715786263399047,-0.3552655235637277,0.5561070751274192,-0.17526681505929956
318e711af809,101,104,/order/104/status,GET,401,25,2.089664,0,0,/order/{}/status,1,/order//status,1,numeric,1,0,0,0,3.0,0,29,2,0,client_error,0,1,0,0,3.258096538021482,tiny,1.1280623471331863,0,0,0,1,1,0,0,23,2,0,0,23,2,0,False,True,False,False,0,0,0,0,0,0.21831383135201032,-0.48418503683298725,0.09364512544957784,-0.7783982635821817,-0.579504646141257,0.0969358935516281,-0.3552655235637277,0.5561070751274192,-0.17526681505929956
e46c54c4fb80,101,105,/order/105/status,GET,401,25,2.074953,0,0,/order/{}/status,1,/order//status,1,numeric,1,0,0,0,4.0,0,29,2,0,client_error,0,1,0,0,3.258096538021482,tiny,1.1232896165888255,0,0,0,1,1,0,0,23,2,0,0,23,2,0,False,True,False,False,0,0,0,0,0,0.21831383135201032,-0.48418503683298725,-0.616290124656371,-0.7745325987745982,-0.579504646141257,-0.6139766462339293,-0.3552655235637277,0.5561070751274192,-0.17526681505929956
e4e777548948,101,202,/order/202/status,GET,401,25,2.078349,0,0,/order/{}/status,1,/order//status,1,numeric,1,0,0,0,101.0,0,29,2,0,client_error,0,1,0,0,3.258096538021482,tiny,1.124393414304198,0,0,0,1,1,0,0,23,2,0,0,23,2,0,False,True,False,False,0,0,0,0,0,0.21831383135201032,-0.48418503683298725,-0.45240322985929754,-0.3995631124390084,-0.579504646141257,-0.44956266351451374,-0.3552655235637277,0.5561070751274192,-0.17526681505929956
34b7f54785c4,101,203,/order/203/status,GET,401,25,2.088957,0,0,/order/{}/status,1,/order//status,1,numeric,1,0,0,0,102.0,0,29,2,0,client_error,0,1,0,0,3.258096538021482,tiny,1.1278334934769787,0,0,0,1,1,0,0,23,2,0,0,23,2,0,False,True,False,False,0,0,0,0,0,0.21831383135201032,-0.48418503683298725,0.05952615176833573,-0.395697447631425,-0.579504646141257,0.06284745456233716,-0.3552655235637277,0.5561070751274192,-0.17526681505929956
acde20b52d31,101,204,/order/204/status,GET,401,25,2.070754,0,0,/order/{}/status,1,/order//status,1,numeric,1,0,0,0,103.0,0,29,2,0,client_error,0,1,0,0,3.258096538021482,tiny,1.1219231340495863,0,0,0,1,1,0,0,23,2,0,0,23,2,0,False,True,False,False,0,0,0,0,0,0.21831383135201032,-0.48418503683298725,-0.818928838217294,-0.3918317828238416,-0.579504646141257,-0.8175183219086605,-0.3552655235637277,0.5561070751274192,-0.17526681505929956
6212b3ea4ab9,101,205,/order/205/status,GET,401,25,2.084494,0,0,/order/{}/status,1,/order//status,1,numeric,1,0,0,0,104.0,0,29,2,0,client_error,0,1,0,0,3.258096538021482,tiny,1.1263876244557438,0,0,0,1,1,0,0,23,2,0,0,23,2,0,False,True,False,False,0,0,0,0,0,0.21831383135201032,-0.48418503683298725,-0.15585288576976855,-0.3879661180162582,-0.579504646141257,-0.15251907588171934,-0.3552655235637277,0.5561070751274192,-0.17526681505929956
4e6ab8ef2df4,101,302,/order/302/status,GET,401,25,2.086041,0,0,/order/{}/status,1,/order//status,1,numeric,1,0,0,0,201.0,0,29,2,0,client_error,0,1,0,0,3.258096538021482,tiny,1.1268890396595832,0,0,0,1,1,0,0,23,2,0,0,23,2,0,False,True,False,False,0,0,0,0,0,0.21831383135201032,-0.48418503683298725,-0.08119651761574316,-0.012996631680668318,-0.579504646141257,-0.0778317762876253,-0.3552655235637277,0.5561070751274192,-0.17526681505929956
8fed847c14cd,101,303,/order/303/status,GET,401,25,2.113802,0,0,/order/{}/status,1,/order//status,1,numeric,1,0,0,0,202.0,0,29,2,0,client_error,0,1,0,0,3.258096538021482,tiny,1.1358444875752414,1,0,0,1,1,0,0,23,2,0,0,23,2,0,False,True,False,False,0,0,0,0,0,0.21831383135201032,-0.48418503683298725,1.2585161109065408,-0.009130966873084918,-0.579504646141257,1.2561090702494178,-0.3552655235637277,0.5561070751274192,-0.17526681505929956
e060aac40ba8,101,304,/order/304/status,GET,401,25,2.123501,0,0,/order/{}/status,1,/order//status,1,numeric,1,0,0,0,203.0,0,29,2,0,client_error,0,1,0,0,3.258096538021482,tiny,1.1389544881051101,1,0,0,1,1,0,0,23,2,0,0,23,2,0,False,True,False,False,0,0,0,0,0,0.21831383135201032,-0.48418503683298725,1.7265782406582546,-0.005265302065501518,-0.579504646141257,1.7193529837437096,-0.3552655235637277,0.5561070751274192,-0.17526681505929956
8349c351e34e,101,305,/order/305/status,GET,401,25,2.048012,0,0,/order/{}/status,1,/order//status,1,numeric,1,0,0,0,204.0,0,29,2,0,client_error,0,1,0,0,3.258096538021482,tiny,1.1144895748245238,0,0,0,1,1,0,0,23,2,0,0,23,2,0,False,True,False,False,0,0,0,0,0,0.21831383135201032,-0.48418503683298725,-1.9164305347647321,-0.0013996372579181166,-0.579504646141257,-1.9247692800796752,-0.3552655235637277,0.5561070751274192,-0.17526681505929956
6707e7d2ac74,101,401,/order/401/status,GET,401,25,2.084115,0,0,/order/{}/status,1,/order//status,1,numeric,1,0,0,0,300.0,0,29,2,0,client_error,0,1,0,0,3.258096538021482,tiny,1.1262647442406168,0,0,0,1,1,0,0,23,2,0,0,23,2,0,False,True,False,False,0,0,0,0,0,0.21831383135201032,-0.48418503683298725,-0.17414297208544582,0.3697041842700884,-0.579504646141257,-0.1708224527460433,-0.3552655235637277,0.5561070751274192,-0.17526681505929956
106e49e14a89,101,402,/order/402/status,GET,401,25,2.049892,0,0,/order/{}/status,1,/order//status,1,numeric,1,0,0,0,301.0,0,29,2,0,client_error,0,1,0,0,3.258096538021482,tiny,1.1151061801563116,0,0,0,1,1,0,0,23,2,0,0,23,2,0,False,True,False,False,0,0,0,0,0,0.21831383135201032,-0.48418503683298725,-1.825703985230432,0.37356984907767177,-0.579504646141257,-1.8329240651880687,-0.3552655235637277,0.5561070751274192,-0.17526681505929956
98ca4a0634c6,101,403,/order/403/status,GET,401,25,2.104558,0,0,/order/{}/status,1,/order//status,1,numeric,1,0,0,0,302.0,0,29,2,0,client_error,0,1,0,0,3.258096538021482,tiny,1.1328713542058713,1,0,0,1,1,0,0,23,2,0,0,23,2,0,False,True,False,False,0,0,0,0,0,0.21831383135201032,-0.48418503683298725,0.8124117364942297,0.37743551388525515,-0.579504646141257,0.8132519311139468,-0.3552655235637277,0.5561070751274192,-0.17526681505929956
31e31f63ecbb,101,404,/order/404/status,GET,401,25,2.069076,0,0,/order/{}/status,1,/order//status,1,numeric,1,0,0,0,303.0,0,29,2,0,client_error,0,1,0,0,3.258096538021482,tiny,1.1213765390976813,0,0,0,1,1,0,0,23,2,0,0,23,2,0,False,True,False,False,0,0,0,0,0,0.21831383135201032,-0.48418503683298725,-0.8999071095569595,0.3813011786928386,-0.579504646141257,-0.8989352805827435,-0.3552655235637277,0.5561070751274192,-0.17526681505929956
51e9493bfaae,101,405,/order/405/status,GET,401,25,2.114237,0,0,/order/{}/status,1,/order//status,1,numeric,1,0,0,0,304.0,0,29,2,0,client_error,0,1,0,0,3.258096538021482,tiny,1.1359841784155547,1,0,0,1,1,0,0,23,2,0,0,23,2,0,False,True,False,False,0,0,0,0,0,0.21831383135201032,-0.48418503683298725,1.2795086901870831,0.38516684350042196,-0.579504646141257,1.276916440191816,-0.3552655235637277,0.5561070751274192,-0.17526681505929956
03db793238cb,101,999,/order/999/status,GET,401,25,2.091374,0,0,/order/{}/status,1,/order//status,1,numeric,1,0,0,0,898.0,0,29,2,0,client_error,0,1,0,0,3.258096538021482,tiny,1.1286156522717814,0,0,0,1,1,0,0,23,2,0,0,23,2,0,False,True,False,False,0,0,0,0,0,0.21831383135201032,-0.48418503683298725,0.17616767848344583,2.681371739204962,-0.579504646141257,0.17935235467361524,-0.3552655235637277,0.5561070751274192,-0.17526681505929956
aab97176675c,101,1000,/order/1000/status,GET,401,25,2.112778,0,0,/order/{}/status,1,/order//status,1,numeric,1,0,0,0,899.0,0,29,2,0,client_error,0,1,0,0,3.258096538021482,tiny,1.1355155750713526,1,0,0,1,1,0,0,23,2,0,0,23,2,0,False,True,False,False,0,0,0,0,0,0.21831383135201032,-0.48418503683298725,1.2090990966921038,2.6852374040125455,-0.579504646141257,1.207116565574483,-0.3552655235637277,0.5561070751274192,-0.17526681505929956
f0da6caea35e,101,1001,/order/1001/status,GET,401,25,2.084599,0,0,/order/{}/status,1,/order//status,1,numeric,1,0,0,0,900.0,0,29,2,0,client_error,0,1,0,0,3.258096538021482,tiny,1.1264216651161811,0,0,0,1,1,0,0,23,2,0,0,23,2,0,False,True,False,False,0,0,0,0,0,0.21831383135201032,-0.48418503683298725,-0.15078571146067063,2.689103068820129,-0.579504646141257,-0.1474486173375904,-0.3552655235637277,0.5561070751274192,-0.17526681505929956
133cc1925a81,101,-1,/order/-1/status,GET,401,25,2.118302,0,0,/order/-1/status,0,/order/-1/status,0,none,0,0,0,0,102.0,0,29,2,0,client_error,0,1,0,0,3.258096538021482,tiny,1.1372886229048418,1,0,0,1,1,0,0,23,2,0,0,21,1,0,False,True,False,False,0,0,0,0,0,0.21831383135201032,-0.48418503683298725,1.475680724153536,-0.395697447631425,-0.579504646141257,1.4712173621208973,-0.3552655235637277,0.5561070751274192,-0.17526681505929956
ed5148aced1a,101,0,/order/0/status,GET,401,25,2.098305,0,0,/order/{}/status,1,/order//status,1,numeric,1,0,0,0,101.0,0,29,2,0,client_error,0,1,0,0,3.258096538021482,tiny,1.130855187762032,0,0,0,1,1,0,0,23,2,0,0,23,2,0,False,True,False,False,0,0,0,0,0,0.21831383135201032,-0.48418503683298725,0.5106494416867726,-0.3995631124390084,-0.579504646141257,0.5129378878429185,-0.3552655235637277,0.5561070751274192,-0.17526681505929956
8a96f01e9749,101,abc,/order/abc/status,GET,401,25,2.106359,0,0,/order/abc/status,0,/order/abc/status,0,none,0,0,0,0,-1.0,0,29,2,0,client_error,0,1,0,0,3.258096538021482,tiny,1.1334513007904026,1,0,0,1,1,0,0,23,2,0,0,24,1,0,False,True,False,False,0,0,0,0,0,0.21831383135201032,-0.48418503683298725,0.899325840595974,-0.7938609228125153,-0.579504646141257,0.8996367155716103,-0.3552655235637277,0.5561070751274192,-0.17526681505929956
7125bfca532d,101,xyz,/order/xyz/status,GET,401,25,2.111098,0,0,/order/xyz/status,0,/order/xyz/status,0,none,0,0,0,0,-1.0,0,29,2,0,client_error,0,1,0,0,3.258096538021482,tiny,1.1349757185443903,1,0,0,1,1,0,0,23,2,0,0,25,1,0,False,True,False,False,0,0,0,0,0,0.21831383135201032,-0.48418503683298725,1.1280243077465586,-0.7938609228125153,-0.579504646141257,1.1267033155207888,-0.3552655235637277,0.5561070751274192,-0.17526681505929956
98fbcb072949,101,../../../etc/passwd,/order/../../../etc/passwd/status,GET,404,31,2.069072,0,0,/order/../../../etc/passwd/status,0,/order/../../../etc/passwd/status,0,none,0,0,0,0,-1.0,0,29,2,0,client_error,0,0,0,1,3.4657359027997265,tiny,1.1213752357729652,0,0,0,1,1,0,0,23,2,0,0,22,1,0,False,False,True,False,0,0,0,0,0,0.2795627940338063,-0.3474850588856568,-0.9001001447687401,-0.7938609228125153,-0.23480008126296797,-0.899129414711103,-0.3552655235637277,0.5561070751274192,-0.17526681505929956
9885876710cf,101,' OR '1'='1,/order/' OR '1'='1/status,GET,401,25,2.097069,0,0,/order/' OR '1'='1/status,0,/order/' OR '1'='1/status,0,none,0,0,0,0,-1.0,0,29,2,0,client_error,0,1,0,0,3.258096538021482,tiny,1.1304561803683224,0,0,0,1,1,0,0,23,2,0,0,20,1,0,False,True,False,False,0,0,0,0,0,0.21831383135201032,-0.48418503683298725,0.45100156124826035,-0.7938609228125153,-0.579504646141257,0.45350453894151777,-0.3552655235637277,0.5561070751274192,-0.17526681505929956
a52ab9825a09,101,102,/document?doc_id=102,GET,404,31,2.097058,0,0,/document?{},1,/document?,1,numeric,1,0,0,0,1.0,0,29,2,0,client_error,0,0,0,1,3.4657359027997265,tiny,1.1304526286168006,0,0,0,1,1,0,0,23,2,0,0,12,2,0,False,False,True,False,0,0,0,0,0,0.2795627940338063,-0.3474850588856568,0.45047071441589026,-0.7861295931973484,-0.23480008126296797,0.45297549489187644,-0.3552655235637277,0.5561070751274192,-0.17526681505929956
98a015164bd7,101,103,/document?doc_id=103,GET,404,31,2.082119,0,0,/document?{},1,/document?,1,numeric,1,0,0,0,2.0,0,29,2,0,client_error,0,0,0,1,3.4657359027997265,tiny,1.1256173474438966,0,0,0,1,1,0,0,23,2,0,0,12,2,0,False,False,True,False,0,0,0,0,0,0.2795627940338063,-0.3474850588856568,-0.2704675427612352,-0.7822639283897651,-0.23480008126296797,-0.26725414875896814,-0.3552655235637277,0.5561070751274192,-0.17526681505929956
e58630e1a6c8,101,104,/document?doc_id=104,GET,404,31,2.084672,0,0,/document?{},1,/document?,1,numeric,1,0,0,0,3.0,0,29,2,0,client_error,0,0,0,1,3.4657359027997265,tiny,1.1264453307972653,0,0,0,1,1,0,0,23,2,0,0,12,2,0,False,False,True,False,0,0,0,0,0,0.2795627940338063,-0.3474850588856568,-0.14726281884577522,-0.7783982635821817,-0.23480008126296797,-0.14392354310829847,-0.3552655235637277,0.5561070751274192,-0.17526681505929956
256e6df5621a,101,105,/document?doc_id=105,GET,404,31,2.096922,0,0,/document?{},1,/document?,1,numeric,1,0,0,0,4.0,0,29,2,0,client_error,0,0,0,1,3.4657359027997265,tiny,1.1304087150103563,0,0,0,1,1,0,0,23,2,0,0,12,2,0,False,False,True,False,0,0,0,0,0,0.2795627940338063,-0.3474850588856568,0.4439075172155404,-0.7745325987745982,-0.23480008126296797,0.4464344314066687,-0.3552655235637277,0.5561070751274192,-0.17526681505929956
188082502230,101,202,/document?doc_id=202,GET,200,114,2.065175,0,0,/document?{},1,/document?,1,numeric,1,0,0,0,101.0,0,29,2,0,success,1,0,0,0,4.74493212836325,small,1.120104664006207,0,0,0,1,1,0,0,23,2,0,0,12,2,0,True,False,False,False,0,1,0,0,0,-3.885366668328318,1.5435313027190816,-1.0881646998406405,-0.3995631124390084,1.8888086997489857,-1.088384892951582,-0.3552655235637277,0.5561070751274192,-0.17526681505929956
02ae399341b4,101,203,/document?doc_id=203,GET,200,104,2.112568,0,0,/document?{},1,/document?,1,numeric,1,0,0,0,102.0,0,29,2,0,success,1,0,0,0,4.653960350157523,small,1.1354481089417334,1,0,0,1,1,0,0,23,2,0,0,12,2,0,True,False,False,False,0,1,0,0,0,-3.885366668328318,1.3156980061401975,1.198964748073908,-0.395697447631425,1.7377853749757683,1.1970672830702085,-0.3552655235637277,0.5561070751274192,-0.17526681505929956
5e2b51a80e8e,101,204,/document?doc_id=204,GET,404,31,2.099317,0,0,/document?{},1,/document?,1,numeric,1,0,0,0,103.0,0,29,2,0,client_error,0,0,0,1,3.4657359027997265,tiny,1.1311817646358702,0,0,0,1,1,0,0,23,2,0,0,12,2,0,False,False,True,False,0,0,0,0,0,0.2795627940338063,-0.3474850588856568,0.559487350265889,-0.3918317828238416,-0.23480008126296797,0.5615824934114803,-0.3552655235637277,0.5561070751274192,-0.17526681505929956
e55ccf2ccf23,101,205,/document?doc_id=205,GET,404,31,2.079794,0,0,/document?{},1,/document?,1,numeric,1,0,0,0,104.0,0,29,2,0,client_error,0,0,0,1,3.4657359027997265,tiny,1.1248627116318246,0,0,0,1,1,0,0,23,2,0,0,12,2,0,False,False,True,False,0,0,0,0,0,0.2795627940338063,-0.3474850588856568,-0.3826692596055185,-0.3879661180162582,-0.23480008126296797,-0.3796594179831311,-0.3552655235637277,0.5561070751274192,-0.17526681505929956
a560cf01159c,101,302,/document?doc_id=302,GET,200,88,2.088953,0,0,/document?{},1,/document?,1,numeric,1,0,0,0,201.0,0,29,2,0,success,1,0,0,0,4.48863636973214,tiny,1.1278321985406652,0,0,0,1,1,0,0,23,2,0,0,12,2,0,True,False,False,False,0,1,0,0,1,-3.885366668328318,0.9511647316139829,0.05933311655655506,-0.012996631680668318,1.4633290800562535,0.06265456991172831,-0.3552655235637277,0.5561070751274192,-0.17526681505929956
413a64ae934e,101,303,/document?doc_id=303,GET,200,84,2.083368,0,0,/document?{},1,/document?,1,numeric,1,0,0,0,202.0,0,29,2,0,success,1,0,0,0,4.442651256490317,tiny,1.1260225060362625,0,0,0,1,1,0,0,23,2,0,0,12,2,0,True,False,False,False,0,1,0,0,1,-3.885366668328318,0.8600314129824292,-0.21019229788445176,-0.009130966873084918,1.386988649773054,-0.20690456035509222,-0.3552655235637277,0.5561070751274192,-0.17526681505929956
b4f66626f1d7,101,304,/document?doc_id=304,GET,404,31,2.124654,0,0,/document?{},1,/document?,1,numeric,1,0,0,0,203.0,0,29,2,0,client_error,0,0,0,1,3.4657359027997265,tiny,1.1393235570584532,1,0,0,1,1,0,0,23,2,0,0,12,2,0,False,False,True,False,0,0,0,0,0,0.2795627940338063,-0.3474850588856568,1.7822206404524306,-0.005265302065501518,-0.23480008126296797,1.7743269120932055,-0.3552655235637277,0.5561070751274192,-0.17526681505929956
2d060aad9109,101,305,/document?doc_id=305,GET,404,31,2.08296,0,0,/document?{},1,/document?,1,numeric,1,0,0,0,204.0,0,29,2,0,client_error,0,0,0,1,3.4657359027997265,tiny,1.1258901744442371,0,0,0,1,1,0,0,23,2,0,0,12,2,0,False,False,True,False,0,0,0,0,0,0.2795627940338063,-0.3474850588856568,-0.22988188948552282,-0.0013996372579181166,-0.23480008126296797,-0.22661574817645563,-0.3552655235637277,0.5561070751274192,-0.17526681505929956
bcc13d15480b,101,401,/document?doc_id=401,GET,404,31,2.096266,0,0,/document?{},1,/document?,1,numeric,1,0,0,0,300.0,0,29,2,0,client_error,0,0,0,1,3.4657359027997265,tiny,1.1301968693494613,0,0,0,1,1,0,0,23,2,0,0,12,2,0,False,False,True,False,0,0,0,0,0,0.2795627940338063,-0.3474850588856568,0.41224974248441076,0.3697041842700884,-0.23480008126296797,0.4148793843681563,-0.3552655235637277,0.5561070751274192,-0.17526681505929956
1d87be62ad70,101,402,/document?doc_id=402,GET,404,31,2.088832,0,0,/document?{},1,/document?,1,numeric,1,0,0,0,301.0,0,29,2,0,client_error,0,0,0,1,3.4657359027997265,tiny,1.127793025924585,0,0,0,1,1,0,0,23,2,0,0,12,2,0,False,False,True,False,0,0,0,0,0,0.2795627940338063,-0.3474850588856568,0.0534938014003559,0.37356984907767177,-0.23480008126296797,0.05681969117118493,-0.3552655235637277,0.5561070751274192,-0.17526681505929956
b765e2cc342f,101,403,/document?doc_id=403,GET,404,31,2.079552,0,0,/document?{},1,/document?,1,numeric,1,0,0,0,302.0,0,29,2,0,client_error,0,0,0,1,3.4657359027997265,tiny,1.1247841318604903,0,0,0,1,1,0,0,23,2,0,0,12,2,0,False,False,True,False,0,0,0,0,0,0.2795627940338063,-0.3474850588856568,-0.3943478899179168,0.37743551388525515,-0.23480008126296797,-0.3913641107781264,-0.3552655235637277,0.5561070751274192,-0.17526681505929956
1ce8576e132b,101,404,/document?doc_id=404,GET,404,31,2.087296,0,0,/document?{},1,/document?,1,numeric,1,0,0,0,303.0,0,29,2,0,client_error,0,0,0,1,3.4657359027997265,tiny,1.1272956268966932,0,0,0,1,1,0,0,23,2,0,0,12,2,0,False,False,True,False,0,0,0,0,0,0.2795627940338063,-0.3474850588856568,-0.02063171992129944,0.3813011786928386,-0.23480008126296797,-0.017269386961088443,-0.3552655235637277,0.5561070751274192,-0.17526681505929956
53ef7c0562ed,101,405,/document?doc_id=405,GET,404,31,2.058308,0,0,/document?{},1,/document?,1,numeric,1,0,0,0,304.0,0,29,2,0,client_error,0,0,0,1,3.4657359027997265,tiny,1.1178618218594703,0,0,0,1,1,0,0,23,2,0,0,12,2,0,False,False,True,False,0,0,0,0,0,0.2795627940338063,-0.3474850588856568,-1.4195578996555838,0.38516684350042196,-0.23480008126296797,-1.4224629625292957,-0.3552655235637277,0.5561070751274192,-0.17526681505929956
96ea6aca9d15,101,999,/document?doc_id=999,GET,404,31,2.10109,0,0,/document?{},1,/document?,1,numeric,1,0,0,0,898.0,0,29,2,0,client_error,0,0,0,1,3.4657359027997265,tiny,1.1317536625929958,0,0,0,1,1,0,0,23,2,0,0,12,2,0,False,False,True,False,0,0,0,0,0,0.2795627940338063,-0.3474850588856568,0.6450502078852114,2.681371739204962,-0.23480008126296797,0.6467684106593637,-0.3552655235637277,0.5561070751274192,-0.17526681505929956
76ac9496d727,101,1000,/document?doc_id=1000,GET,404,31,2.048897,0,0,/document?{},1,/document?,1,numeric,1,0,0,0,899.0,0,29,2,0,client_error,0,0,0,1,3.4657359027997265,tiny,1.1147798858677807,0,0,0,1,1,0,0,23,2,0,0,12,2,0,False,False,True,False,0,0,0,0,0,0.2795627940338063,-0.3474850588856568,-1.873721494159475,2.6852374040125455,-0.23480008126296797,-1.8815265788269586,-0.3552655235637277,0.5561070751274192,-0.17526681505929956
83aae62756c3,101,1001,/document?doc_id=1001,GET,404,31,2.110035,0,0,/document?{},1,/document?,1,numeric,1,0,0,0,900.0,0,29,2,0,client_error,0,0,0,1,3.4657359027997265,tiny,1.1346339801471093,1,0,0,1,1,0,0,23,2,0,0,12,2,0,False,False,True,False,0,0,0,0,0,0.2795627940338063,-0.3474850588856568,1.0767252002173084,2.689103068820129,-0.23480008126296797,1.0758003555285576,-0.3552655235637277,0.5561070751274192,-0.17526681505929956
543839cd4219,101,-1,/document?doc_id=-1,GET,404,31,2.067534,0,0,/document?{},1,/document?,1,alphanumeric,0,0,1,0,102.0,0,29,2,0,client_error,0,0,0,1,3.4657359027997265,tiny,1.1208739814860833,0,0,0,1,1,0,0,23,2,0,0,12,0,0,False,False,True,False,0,0,0,0,0,0.2795627940338063,-0.3474850588856568,-0.9743221836962537,-0.395697447631425,-0.23480008126296797,-0.9737927452413847,-0.3552655235637277,0.5561070751274192,-0.17526681505929956
425f6fdafb24,101,0,/document?doc_id=0,GET,404,31,2.085607,0,0,/document?{},1,/document?,1,numeric,1,0,0,0,101.0,0,29,2,0,client_error,0,0,0,1,3.4657359027997265,tiny,1.1267483965118485,0,0,0,1,1,0,0,23,2,0,0,12,2,0,False,False,True,False,0,0,0,0,0,0.2795627940338063,-0.3474850588856568,-0.10214083809333499,-0.3995631124390084,-0.23480008126296797,-0.09878099527875718,-0.3552655235637277,0.5561070751274192,-0.17526681505929956
a8868a39a08a,101,abc,/document?doc_id=abc,GET,404,31,2.075092,0,0,/document?{},1,/document?,1,alphanumeric,0,0,1,0,-1.0,0,29,2,0,client_error,0,0,0,1,3.4657359027997265,tiny,1.123334819510113,0,0,0,1,1,0,0,23,2,0,0,12,0,0,False,False,True,False,0,0,0,0,0,0.2795627940338063,-0.3474850588856568,-0.6095821510471695,-0.7938609228125153,-0.23480008126296797,-0.6072435354330016,-0.3552655235637277,0.5561070751274192,-0.17526681505929956
fd42d89177fa,101,xyz,/document?doc_id=xyz,GET,404,31,2.09896,0,0,/document?{},1,/document?,1,alphanumeric,0,0,1,0,-1.0,0,29,2,0,client_error,0,0,0,1,3.4657359027997265,tiny,1.1310665713328296,0,0,0,1,1,0,0,23,2,0,0,12,0,0,False,False,True,False,0,0,0,0,0,0.2795627940338063,-0.3474850588856568,0.5422589576149518,-0.7938609228125153,-0.23480008126296797,0.5444241051744563,-0.3552655235637277,0.5561070751274192,-0.17526681505929956
660b8f3b32ea,101,../../../etc/passwd,/document?doc_id=../../../etc/passwd,GET,404,31,2.095362,0,0,/document?{},1,/document?,1,other,0,0,0,0,-1.0,0,29,2,0,client_error,0,0,0,1,3.4657359027997265,tiny,1.129904862140235,0,0,0,1,1,0,0,23,2,0,0,12,3,0,False,False,True,False,0,0,0,0,0,0.2795627940338063,-0.3474850588856568,0.3686237846232439,-0.7938609228125153,-0.23480008126296797,0.3713840341032998,-0.3552655235637277,0.5561070751274192,-0.17526681505929956
002303c8fcc6,101,' OR '1'='1,/document?doc_id=' OR '1'='1,GET,404,31,2.084519,0,0,/document?{},1,/document?,1,other,0,0,0,0,-1.0,0,29,2,0,client_error,0,0,0,1,3.4657359027997265,tiny,1.1263957294799998,0,0,0,1,1,0,0,23,2,0,0,12,3,0,False,False,True,False,0,0,0,0,0,0.2795627940338063,-0.3474850588856568,-0.15464641569617688,-0.7938609228125153,-0.23480008126296797,-0.15131180819181364,-0.3552655235637277,0.5561070751274192,-0.17526681505929956
805903e21ba1,101,102,/api/account/102/balance,GET,401,25,2.110014,0,0,/api/account/{}/balance,1,/api/account//balance,1,numeric,1,0,0,0,1.0,0,29,2,0,client_error,0,1,0,0,3.258096538021482,tiny,1.1346272277887277,1,0,0,1,1,0,0,23,2,0,0,3,2,0,False,True,False,False,0,0,0,0,0,0.21831383135201032,-0.48418503683298725,1.0757117653554975,-0.7861295931973484,-0.579504646141257,1.0747945714806317,-0.3552655235637277,0.5561070751274192,-0.17526681505929956
3b93f1c5dac8,101,103,/api/account/103/balance,POST,405,153,2.040006,0,0,/api/account/{}/balance,1,/api/account//balance,1,numeric,1,0,0,0,2.0,0,29,2,0,client_error,0,0,0,0,5.0369526024136295,small,1.1118594891003932,0,0,0,3,0,1,0,23,2,0,0,3,2,1,False,False,False,True,0,0,0,0,0,0.29997911492773827,2.4320811593767298,-2.3027905111326294,-0.7822639283897651,2.373595341966813,-2.31652844280983,2.8147960713126134,0.5561070751274192,-0.17526681505929956
911dc9cbf449,101,104,/api/account/104/balance,GET,401,25,2.076543,0,0,/api/account/{}/balance,1,/api/account//balance,1,numeric,1,0,0,0,3.0,0,29,2,0,client_error,0,1,0,0,3.258096538021482,tiny,1.1238065640225585,0,0,0,1,1,0,0,23,2,0,0,3,2,0,False,True,False,False,0,0,0,0,0,0.21831383135201032,-0.48418503683298725,-0.5395586279757516,-0.7783982635821817,-0.579504646141257,-0.5369757743776779,-0.3552655235637277,0.5561070751274192,-0.17526681505929956
9b856189e125,101,105,/api/account/105/balance,POST,405,153,2.063382,0,0,/api/account/{}/balance,1,/api/account//balance,1,numeric,1,0,0,0,4.0,0,29,2,0,client_error,0,0,0,0,5.0369526024136295,small,1.1195195344068063,0,0,0,3,0,1,0,23,2,0,0,3,2,1,False,False,False,True,0,0,0,0,0,0.29997911492773827,2.4320811593767298,-1.1746927335188448,-0.7745325987745982,2.373595341966813,-1.1755417030306854,2.8147960713126134,0.5561070751274192,-0.17526681505929956
f820b41974ee,101,202,/api/account/202/balance,POST,405,153,2.078819,0,0,/api/account/{}/balance,1,/api/account//balance,1,numeric,1,0,0,0,101.0,0,29,2,0,client_error,0,0,0,0,5.0369526024136295,small,1.1245460818945296,0,0,0,3,0,1,0,23,2,0,0,3,2,1,False,False,False,True,0,0,0,0,0,0.29997911492773827,2.4320811593767298,-0.42972159247570113,-0.3995631124390084,2.373595341966813,-0.4268223677075726,2.8147960713126134,0.5561070751274192,-0.17526681505929956
fa0e270cefc1,101,203,/api/account/203/balance,GET,401,25,2.081699,0,0,/api/account/{}/balance,1,/api/account//balance,1,numeric,1,0,0,0,102.0,0,29,2,0,client_error,0,1,0,0,3.258096538021482,tiny,1.1254810682738594,0,0,0,1,1,0,0,23,2,0,0,3,2,0,False,True,False,False,0,0,0,0,0,0.21831383135201032,-0.48418503683298725,-0.2907362399976268,-0.395697447631425,-0.579504646141257,-0.2875533401737238,-0.3552655235637277,0.5561070751274192,-0.17526681505929956
3b850e17039c,101,204,/api/account/204/balance,POST,405,153,2.065298,0,0,/api/account/{}/balance,1,/api/account//balance,1,numeric,1,0,0,0,103.0,0,29,2,0,client_error,0,0,0,0,5.0369526024136295,small,1.1201447914156306,0,0,0,3,0,1,0,23,2,0,0,3,2,1,False,False,False,True,0,0,0,0,0,0.29997911492773827,2.4320811593767298,-1.0822288670785618,-0.3918317828238416,2.373595341966813,-1.0824077948767419,2.8147960713126134,0.5561070751274192,-0.17526681505929956
59a633931270,101,205,/api/account/205/balance,GET,401,25,2.082212,0,0,/api/account/{}/balance,1,/api/account//balance,1,numeric,1,0,0,0,104.0,0,29,2,0,client_error,0,1,0,0,3.258096538021482,tiny,1.1256475210345123,0,0,0,1,1,0,0,23,2,0,0,3,2,0,False,True,False,False,0,0,0,0,0,0.21831383135201032,-0.48418503683298725,-0.26597947408745787,-0.3879661180162582,-0.579504646141257,-0.262759701871671,-0.3552655235637277,0.5561070751274192,-0.17526681505929956
0ff70e8bdf85,101,302,/api/account/302/balance,GET,401,25,2.11336,0,0,/api/account/{}/balance,1,/api/account//balance,1,numeric,1,0,0,0,201.0,0,29,2,0,client_error,0,1,0,0,3.258096538021482,tiny,1.135702528846452,1,0,0,1,1,0,0,23,2,0,0,3,2,0,False,True,False,False,0,0,0,0,0,0.21831383135201032,-0.48418503683298725,1.2371857200053875,-0.012996631680668318,-0.579504646141257,1.2349638915115033,-0.3552655235637277,0.5561070751274192,-0.17526681505929956
bf65c161753e,101,303,/api/account/303/balance,POST,405,153,2.05769,0,0,/api/account/{}/balance,1,/api/account//balance,1,numeric,1,0,0,0,202.0,0,29,2,0,client_error,0,0,0,0,5.0369526024136295,small,1.1176597289215382,0,0,0,3,0,1,0,23,2,0,0,3,2,1,False,False,False,True,0,0,0,0,0,0.29997911492773827,2.4320811593767298,-1.4493818398748293,-0.009130966873084918,2.373595341966813,-1.4525653122099738,2.8147960713126134,0.5561070751274192,-0.17526681505929956
cdef5522a6a5,101,304,/api/account/304/balance,POST,405,153,2.044303,0,0,/api/account/{}/balance,1,/api/account//balance,1,numeric,1,0,0,0,203.0,0,29,2,0,client_error,0,0,0,0,5.0369526024136295,small,1.1132719751244982,0,0,0,3,0,1,0,23,2,0,0,3,2,1,False,False,False,True,0,0,0,0,0,0.29997911492773827,2.4320811593767298,-2.095422434883198,-0.005265302065501518,2.373595341966813,-2.106134409986314,2.8147960713126134,0.5561070751274192,-0.17526681505929956
21b61c9976e7,101,305,/api/account/305/balance,GET,401,25,2.112542,0,0,/api/account/{}/balance,1,/api/account//balance,1,numeric,1,0,0,0,204.0,0,29,2,0,client_error,0,1,0,0,3.258096538021482,tiny,1.1354397556756868,1,0,0,1,1,0,0,23,2,0,0,3,2,0,False,True,False,False,0,0,0,0,0,0.21831383135201032,-0.48418503683298725,1.1977100191973657,-0.0013996372579181166,-0.579504646141257,1.1958230390204911,-0.3552655235637277,0.5561070751274192,-0.17526681505929956
5ab1cecd9ac9,101,401,/api/account/401/balance,POST,405,153,2.06613,0,0,/api/account/{}/balance,1,/api/account//balance,1,numeric,1,0,0,0,300.0,0,29,2,0,client_error,0,0,0,0,5.0369526024136295,small,1.1204161800725982,0,0,0,3,0,1,0,23,2,0,0,3,2,1,False,False,False,True,0,0,0,0,0,0.29997911492773827,2.4320811593767298,-1.0420775430293399,0.3697041842700884,2.373595341966813,-1.0419836398567586,2.8147960713126134,0.5561070751274192,-0.17526681505929956
2e7810048922,101,402,/api/account/402/balance,GET,401,25,2.073721,0,0,/api/account/{}/balance,1,/api/account//balance,1,numeric,1,0,0,0,301.0,0,29,2,0,client_error,0,1,0,0,3.258096538021482,tiny,1.122888879774193,0,0,0,1,1,0,0,23,2,0,0,3,2,0,False,True,False,False,0,0,0,0,0,0.21831383135201032,-0.48418503683298725,-0.6757449698831026,0.37356984907767177,-0.579504646141257,-0.6736675975726013,-0.3552655235637277,0.5561070751274192,-0.17526681505929956
7de95e80ce76,101,403,/api/account/403/balance,POST,405,153,2.033087,0,0,/api/account/{}/balance,1,/api/account//balance,1,numeric,1,0,0,0,302.0,0,29,2,0,client_error,0,0,0,0,5.0369526024136295,small,1.1095809127658736,0,0,0,3,0,1,0,23,2,0,0,3,2,1,False,False,False,True,0,0,0,0,0,0.29997911492773827,2.4320811593767298,-2.636693168700636,0.37743551388525515,2.373595341966813,-2.6559292269128836,2.8147960713126134,0.5561070751274192,-0.17526681505929956
d01c59f00fed,101,404,/api/account/404/balance,GET,401,25,2.087292,0,0,/api/account/{}/balance,1,/api/account//balance,1,numeric,1,0,0,0,303.0,0,29,2,0,client_error,0,1,0,0,3.258096538021482,tiny,1.127294331263689,0,0,0,1,1,0,0,23,2,0,0,3,2,0,False,True,False,False,0,0,0,0,0,0.21831383135201032,-0.48418503683298725,-0.020824755133058676,0.3813011786928386,-0.579504646141257,-0.01746237538586891,-0.3552655235637277,0.5561070751274192,-0.17526681505929956
b0097a72106d,101,405,/api/account/405/balance,GET,401,25,2.060902,0,0,/api/account/{}/balance,1,/api/account//balance,1,numeric,1,0,0,0,304.0,0,29,2,0,client_error,0,1,0,0,3.258096538021482,tiny,1.1187096437696127,0,0,0,1,1,0,0,23,2,0,0,3,2,0,False,True,False,False,0,0,0,0,0,0.21831383135201032,-0.48418503683298725,-1.2943745648194094,0.38516684350042196,-0.579504646141257,-1.2961773443023563,-0.3552655235637277,0.5561070751274192,-0.17526681505929956
11758fc3c635,101,999,/api/account/999/balance,POST,405,153,2.056973,0,0,/api/account/{}/balance,1,/api/account//balance,1,numeric,1,0,0,0,898.0,0,29,2,0,client_error,0,0,0,0,5.0369526024136295,small,1.1174252106812734,0,0,0,3,0,1,0,23,2,0,0,3,2,1,False,False,False,True,0,0,0,0,0,0.29997911492773827,2.4320811593767298,-1.4839834015855122,2.681371739204962,2.373595341966813,-1.4874975079966513,2.8147960713126134,0.5561070751274192,-0.17526681505929956
49f80cd0ce94,101,1000,/api/account/1000/balance,POST,405,153,2.053468,0,0,/api/account/{}/balance,1,/api/account//balance,1,numeric,1,0,0,0,899.0,0,29,2,0,client_error,0,0,0,0,5.0369526024136295,small,1.1162779938488345,0,0,0,3,0,1,0,23,2,0,0,3,2,1,False,False,False,True,0,0,0,0,0,0.29997911492773827,2.4320811593767298,-1.6531305059034642,2.6852374040125455,2.373595341966813,-1.6583788985242434,2.8147960713126134,0.5561070751274192,-0.17526681505929956
55d5ea278f2d,101,1001,/api/account/1001/balance,GET,401,25,2.132724,0,0,/api/account/{}/balance,1,/api/account//balance,1,numeric,1,0,0,0,900.0,0,29,2,0,client_error,0,1,0,0,3.258096538021482,tiny,1.1419029136113723,1,0,0,1,1,0,0,23,2,0,0,3,2,0,False,True,False,False,0,0,0,0,0,0.21831383135201032,-0.48418503683298725,2.171669180208733,2.689103068820129,-0.579504646141257,2.158529812509368,-0.3552655235637277,0.5561070751274192,-0.17526681505929956
67bf5c9f6d8f,101,-1,/api/account/-1/balance,POST,405,153,2.044114,0,0,/api/account/-1/balance,0,/api/account/-1/balance,0,none,0,0,0,0,102.0,0,29,2,0,client_error,0,0,0,0,5.0369526024136295,small,1.1132098900209118,0,0,0,3,0,1,0,23,2,0,0,1,1,1,False,False,False,True,0,0,0,0,0,0.29997911492773827,2.4320811593767298,-2.104543348639583,-0.395697447631425,2.373595341966813,-2.1153821725120263,2.8147960713126134,0.5561070751274192,-0.17526681505929956
ab2428a5cd56,101,0,/api/account/0/balance,GET,401,25,2.130664,0,0,/api/account/{}/balance,1,/api/account//balance,1,numeric,1,0,0,0,101.0,0,29,2,0,client_error,0,1,0,0,3.258096538021482,tiny,1.1412451226285119,1,0,0,1,1,0,0,23,2,0,0,3,2,0,False,True,False,False,0,0,0,0,0,0.21831383135201032,-0.48418503683298725,2.0722560461445387,-0.3995631124390084,-0.579504646141257,2.060549871273026,-0.3552655235637277,0.5561070751274192,-0.17526681505929956
d623b4621002,101,abc,/api/account/abc/balance,GET,401,25,2.114605,0,0,/api/account/abc/balance,0,/api/account/abc/balance,0,none,0,0,0,0,-1.0,0,29,2,0,client_error,0,1,0,0,3.258096538021482,tiny,1.1361023384203928,1,0,0,1,1,0,0,23,2,0,0,4,1,0,False,True,False,False,0,0,0,0,0,0.21831383135201032,-0.48418503683298725,1.2972679296703904,-0.7938609228125153,-0.579504646141257,1.2945167275660499,-0.3552655235637277,0.5561070751274192,-0.17526681505929956
466e5f37affd,101,xyz,/api/account/xyz/balance,POST,405,153,2.074859,0,0,/api/account/xyz/balance,0,/api/account/xyz/balance,0,none,0,0,0,0,-1.0,0,29,2,0,client_error,0,0,0,0,5.0369526024136295,small,1.1232590465486334,0,0,0,3,0,1,0,23,2,0,0,5,1,1,False,False,False,True,0,0,0,0,0,0.29997911492773827,2.4320811593767298,-0.6208264521330774,-0.7938609228125153,2.373595341966813,-0.6185301454755774,2.8147960713126134,0.5561070751274192,-0.17526681505929956
98fda3aba8ed,101,../../../etc/passwd,/api/account/../../../etc/passwd/balance,GET,404,31,2.040889,0,0,/api/account/../../../etc/passwd/balance,0,/api/account/../../../etc/passwd/balance,0,none,0,0,0,0,-1.0,0,29,2,0,client_error,0,0,0,1,3.4657359027997265,tiny,1.112149906878107,0,0,0,1,1,0,0,23,2,0,0,2,1,0,False,False,True,False,0,0,0,0,0,0.2795627940338063,-0.3474850588856568,-2.260177988133274,-0.7938609228125153,-0.23480008126296797,-2.273269843139376,-0.3552655235637277,0.5561070751274192,-0.17526681505929956
c67053cc7887,101,' OR '1'='1,/api/account/' OR '1'='1/balance,POST,405,153,2.045705,0,0,/api/account/' OR '1'='1/balance,0,/api/account/' OR '1'='1/balance,0,none,0,0,0,0,-1.0,0,29,2,0,client_error,0,0,0,0,5.0369526024136295,small,1.1137324014571952,0,0,0,3,0,1,0,23,2,0,0,0,1,1,False,False,False,True,0,0,0,0,0,0.29997911492773827,2.4320811593767298,-2.0277635931560343,-0.7938609228125153,2.373595341966813,-2.0375525257757006,2.8147960713126134,0.5561070751274192,-0.17526681505929956
c40d479c0539,101,102,/settings?user_id=102,GET,401,25,2.055047,0,0,/settings?{},1,/settings?,1,numeric,1,0,0,0,1.0,0,29,2,0,client_error,0,1,0,0,3.258096538021482,tiny,1.1167949771206014,0,0,0,1,1,0,0,23,2,0,0,28,2,0,False,True,False,False,0,0,0,0,0,0.21831383135201032,-0.48418503683298725,-1.5769298560552365,-0.7861295931973484,-0.579504646141257,-1.5813726884852797,-0.3552655235637277,0.5561070751274192,-0.17526681505929956
92a15634ef01,101,103,/settings?user_id=103,GET,401,25,2.074415,0,0,/settings?{},1,/settings?,1,numeric,1,0,0,0,2.0,0,29,2,0,client_error,0,1,0,0,3.258096538021482,tiny,1.1231146392573754,0,0,0,1,1,0,0,23,2,0,0,28,2,0,False,True,False,False,0,0,0,0,0,0.21831383135201032,-0.48418503683298725,-0.6422533606401102,-0.7822639283897651,-0.579504646141257,-0.6400400449424682,-0.3552655235637277,0.5561070751274192,-0.17526681505929956
b57c0dfa3bed,101,104,/settings?user_id=104,GET,401,25,2.071665,0,0,/settings?{},1,/settings?,1,numeric,1,0,0,0,3.0,0,29,2,0,client_error,0,1,0,0,3.258096538021482,tiny,1.1222197598599322,0,0,0,1,1,0,0,23,2,0,0,28,2,0,False,True,False,False,0,0,0,0,0,0.21831383135201032,-0.48418503683298725,-0.7749650687355163,-0.7783982635821817,-0.579504646141257,-0.7733350171444578,-0.3552655235637277,0.5561070751274192,-0.17526681505929956
e5393da054dc,101,105,/settings?user_id=105,GET,401,25,2.03903,0,0,/settings?{},1,/settings?,1,numeric,1,0,0,0,4.0,0,29,2,0,client_error,0,1,0,0,3.258096538021482,tiny,1.1115383855542433,0,0,0,1,1,0,0,23,2,0,0,28,2,0,False,True,False,False,0,0,0,0,0,0.21831383135201032,-0.48418503683298725,-2.349891102805763,-0.7745325987745982,-0.579504646141257,-2.3643577797912125,-0.3552655235637277,0.5561070751274192,-0.17526681505929956
bcb0dc388954,101,202,/settings?user_id=202,GET,401,25,2.125419,0,0,/settings?{},1,/settings?,1,numeric,1,0,0,0,101.0,0,29,2,0,client_error,0,1,0,0,3.258096538021482,tiny,1.1395683542004449,1,0,0,1,1,0,0,23,2,0,0,28,2,0,False,True,False,False,0,0,0,0,0,0.21831383135201032,-0.48418503683298725,1.8191386247044172,-0.3995631124390084,-0.579504646141257,1.8107901811439087,-0.3552655235637277,0.5561070751274192,-0.17526681505929956
9cb06db7d2f7,101,203,/settings?user_id=203,GET,401,25,2.09671,0,0,/settings?{},1,/settings?,1,numeric,1,0,0,0,102.0,0,29,2,0,client_error,0,1,0,0,3.258096538021482,tiny,1.1303402576011712,0,0,0,1,1,0,0,23,2,0,0,28,2,0,False,True,False,False,0,0,0,0,0,0.21831383135201032,-0.48418503683298725,0.43367665099144354,-0.395697447631425,-0.579504646141257,0.4362374948357453,-0.3552655235637277,0.5561070751274192,-0.17526681505929956
2ed5df1cfe9d,101,204,/settings?user_id=204,GET,401,25,2.086193,0,0,/settings?{},1,/settings?,1,numeric,1,0,0,0,103.0,0,29,2,0,client_error,0,1,0,0,3.258096538021482,tiny,1.126938292490902,0,0,0,1,1,0,0,23,2,0,0,28,2,0,False,True,False,False,0,0,0,0,0,0.21831383135201032,-0.48418503683298725,-0.07386117956827061,-0.3918317828238416,-0.579504646141257,-0.07049541923185074,-0.3552655235637277,0.5561070751274192,-0.17526681505929956
8315b58e53ec,101,205,/settings?user_id=205,GET,401,25,2.11654,0,0,/settings?{},1,/settings?,1,numeric,1,0,0,0,104.0,0,29,2,0,client_error,0,1,0,0,3.258096538021482,tiny,1.1367234120953593,1,0,0,1,1,0,0,23,2,0,0,28,2,0,False,True,False,False,0,0,0,0,0,0.21831383135201032,-0.48418503683298725,1.3906487133666048,-0.3879661180162582,-0.579504646141257,1.3870275155857321,-0.3552655235637277,0.5561070751274192,-0.17526681505929956
40b6c7cf53a3,101,302,/settings?user_id=302,GET,401,25,2.058396,0,0,/settings?{},1,/settings?,1,numeric,1,0,0,0,201.0,0,29,2,0,client_error,0,1,0,0,3.258096538021482,tiny,1.117890595525813,0,0,0,1,1,0,0,23,2,0,0,28,2,0,False,True,False,False,0,0,0,0,0,0.21831383135201032,-0.48418503683298725,-1.4153111249965162,-0.012996631680668318,-0.579504646141257,-1.4181770385642838,-0.3552655235637277,0.5561070751274192,-0.17526681505929956
2314231b0777,101,303,/settings?user_id=303,GET,401,25,2.08455,0,0,/settings?{},1,/settings?,1,numeric,1,0,0,0,202.0,0,29,2,0,client_error,0,1,0,0,3.258096538021482,tiny,1.1264057796188458,0,0,0,1,1,0,0,23,2,0,0,28,2,0,False,True,False,False,0,0,0,0,0,0.21831383135201032,-0.48418503683298725,-0.15315039280490347,-0.009130966873084918,-0.579504646141257,-0.14981480984551687,-0.3552655235637277,0.5561070751274192,-0.17526681505929956
0158edfe802d,101,304,/settings?user_id=304,GET,401,25,2.10622,0,0,/settings?{},1,/settings?,1,numeric,1,0,0,0,203.0,0,29,2,0,client_error,0,1,0,0,3.258096538021482,tiny,1.1334065528684774,1,0,0,1,1,0,0,23,2,0,0,28,2,0,False,True,False,False,0,0,0,0,0,0.21831383135201032,-0.48418503683298725,0.892617866986794,-0.005265302065501518,-0.579504646141257,0.8929713782913469,-0.3552655235637277,0.5561070751274192,-0.17526681505929956
812e63f8e329,101,305,/settings?user_id=305,GET,401,25,2.109918,0,0,/settings?{},1,/settings?,1,numeric,1,0,0,0,204.0,0,29,2,0,client_error,0,1,0,0,3.258096538021482,tiny,1.1345963592840533,1,0,0,1,1,0,0,23,2,0,0,28,2,0,False,True,False,False,0,0,0,0,0,0.21831383135201032,-0.48418503683298725,1.07107892027289,-0.0013996372579181166,-0.579504646141257,1.070196615058522,-0.3552655235637277,0.5561070751274192,-0.17526681505929956
169a560c3969,101,401,/settings?user_id=401,GET,401,25,2.104167,0,0,/settings?{},1,/settings?,1,numeric,1,0,0,0,300.0,0,29,2,0,client_error,0,1,0,0,3.258096538021482,tiny,1.1327454024201127,1,0,0,1,1,0,0,23,2,0,0,28,2,0,False,True,False,False,0,0,0,0,0,0.21831383135201032,-0.48418503683298725,0.7935425445432105,0.3697041842700884,-0.579504646141257,0.7944910345848191,-0.3552655235637277,0.5561070751274192,-0.17526681505929956
004804671dca,101,402,/settings?user_id=402,GET,401,25,2.096495,0,0,/settings?{},1,/settings?,1,numeric,1,0,0,0,301.0,0,29,2,0,client_error,0,1,0,0,3.258096538021482,tiny,1.130270826668371,0,0,0,1,1,0,0,23,2,0,0,28,2,0,False,True,False,False,0,0,0,0,0,0.21831383135201032,-0.48418503683298725,0.42330100835853796,0.37356984907767177,-0.579504646141257,0.4258955490003584,-0.3552655235637277,0.5561070751274192,-0.17526681505929956
9f7493b998c9,101,403,/settings?user_id=403,GET,401,25,2.087793,0,0,/settings?{},1,/settings?,1,numeric,1,0,0,0,302.0,0,29,2,0,client_error,0,1,0,0,3.258096538021482,tiny,1.1274565962369159,0,0,0,1,1,0,0,23,2,0,0,28,2,0,False,True,False,False,0,0,0,0,0,0.21831383135201032,-0.48418503683298725,0.0033529051417682874,0.37743551388525515,-0.579504646141257,0.006707479409574736,-0.3552655235637277,0.5561070751274192,-0.17526681505929956
307afdba6b5c,101,404,/settings?user_id=404,GET,401,25,2.07759,0,0,/settings?{},1,/settings?,1,numeric,1,0,0,0,303.0,0,29,2,0,client_error,0,1,0,0,3.258096538021482,tiny,1.124146823165512,0,0,0,1,1,0,0,23,2,0,0,28,2,0,False,True,False,False,0,0,0,0,0,0.21831383135201032,-0.48418503683298725,-0.4890316612936241,0.3813011786928386,-0.579504646141257,-0.48629315375746,-0.3552655235637277,0.5561070751274192,-0.17526681505929956
1d6844ceb5c7,101,405,/settings?user_id=405,GET,401,25,2.076961,0,0,/settings?{},1,/settings?,1,numeric,1,0,0,0,304.0,0,29,2,0,client_error,0,1,0,0,3.258096538021482,tiny,1.1239424215764473,0,0,0,1,1,0,0,23,2,0,0,28,2,0,False,True,False,False,0,0,0,0,0,0.21831383135201032,-0.48418503683298725,-0.519386448345261,0.38516684350042196,-0.579504646141257,-0.5167393839537,-0.3552655235637277,0.5561070751274192,-0.17526681505929956
aa5caed2812c,101,999,/settings?user_id=999,GET,401,25,2.08746,0,0,/settings?{},1,/settings?,1,numeric,1,0,0,0,898.0,0,29,2,0,client_error,0,1,0,0,3.258096538021482,tiny,1.1273487464045857,0,0,0,1,1,0,0,23,2,0,0,28,2,0,False,True,False,False,0,0,0,0,0,0.21831383135201032,-0.48418503683298725,-0.012717276238506306,2.681371739204962,-0.579504646141257,-0.009357076823933908,-0.3552655235637277,0.5561070751274192,-0.17526681505929956
ab4550c676eb,101,1000,/settings?user_id=1000,GET,401,25,2.096085,0,0,/settings?{},1,/settings?,1,numeric,1,0,0,0,899.0,0,29,2,0,client_error,0,1,0,0,3.258096538021482,tiny,1.1301384101309668,0,0,0,1,1,0,0,23,2,0,0,28,2,0,False,True,False,False,0,0,0,0,0,0.21831383135201032,-0.48418503683298725,0.4035148991515873,2.6852374040125455,-0.579504646141257,0.4061717083098721,-0.3552655235637277,0.5561070751274192,-0.17526681505929956
3fefebe81a92,101,1001,/settings?user_id=1001,GET,401,25,2.079423,0,0,/settings?{},1,/settings?,1,numeric,1,0,0,0,900.0,0,29,2,0,client_error,0,1,0,0,3.258096538021482,tiny,1.1247422417732535,0,0,0,1,1,0,0,23,2,0,0,28,2,0,False,True,False,False,0,0,0,0,0,0.21831383135201032,-0.48418503683298725,-0.4005732754976773,2.689103068820129,-0.579504646141257,-0.39760376500384254,-0.3552655235637277,0.5561070751274192,-0.17526681505929956
24562d96bab3,101,-1,/settings?user_id=-1,GET,401,25,2.106129,0,0,/settings?{},1,/settings?,1,alphanumeric,0,0,1,0,102.0,0,29,2,0,client_error,0,1,0,0,3.258096538021482,tiny,1.133377256381752,1,0,0,1,1,0,0,23,2,0,0,28,0,0,False,True,False,False,0,0,0,0,0,0.21831383135201032,-0.48418503683298725,0.8882263159189177,-0.395697447631425,-0.579504646141257,0.8886075786610929,-0.3552655235637277,0.5561070751274192,-0.17526681505929956
27746db5b25a,101,0,/settings?user_id=0,GET,401,25,2.093349,0,0,/settings?{},1,/settings?,1,numeric,1,0,0,0,101.0,0,29,2,0,client_error,0,1,0,0,3.258096538021482,tiny,1.1292543227723466,0,0,0,1,1,0,0,23,2,0,0,28,2,0,False,True,False,False,0,0,0,0,0,0.21831383135201032,-0.48418503683298725,0.2714788142974028,-0.3995631124390084,-0.579504646141257,0.27448424268254445,-0.3552655235637277,0.5561070751274192,-0.17526681505929956
a51f37275f55,101,abc,/settings?user_id=abc,GET,401,25,2.092614,0,0,/settings?{},1,/settings?,1,alphanumeric,0,0,1,0,-1.0,0,29,2,0,client_error,0,1,0,0,3.258096538021482,tiny,1.1290166879842114,0,0,0,1,1,0,0,23,2,0,0,28,0,0,False,True,False,False,0,0,0,0,0,0.21831383135201032,-0.48418503683298725,0.23600859413373884,-0.7938609228125153,-0.579504646141257,0.23908782773634277,-0.3552655235637277,0.5561070751274192,-0.17526681505929956
641550a11c8e,101,xyz,/settings?user_id=xyz,GET,401,25,2.072507,0,0,/settings?{},1,/settings?,1,alphanumeric,0,0,1,0,-1.0,0,29,2,0,client_error,0,1,0,0,3.258096538021482,tiny,1.1224938407304779,0,0,0,1,1,0,0,23,2,0,0,28,0,0,False,True,False,False,0,0,0,0,0,0.21831383135201032,-0.48418503683298725,-0.7343311566568534,-0.7938609228125153,-0.579504646141257,-0.7325098488314252,-0.3552655235637277,0.5561070751274192,-0.17526681505929956
857635ca249c,101,../../../etc/passwd,/settings?user_id=../../../etc/passwd,GET,401,25,2.08186,0,0,/settings?{},1,/settings?,1,other,0,0,0,0,-1.0,0,29,2,0,client_error,0,1,0,0,3.258096538021482,tiny,1.1255333108175054,0,0,0,1,1,0,0,23,2,0,0,28,3,0,False,True,False,False,0,0,0,0,0,0.21831383135201032,-0.48418503683298725,-0.2829665727236853,-0.7938609228125153,-0.579504646141257,-0.27977165649327457,-0.3552655235637277,0.5561070751274192,-0.17526681505929956
d45a22cee527,101,' OR '1'='1,/settings?user_id=' OR '1'='1,GET,401,25,2.0758,0,0,/settings?{},1,/settings?,1,other,0,0,0,0,-1.0,0,29,2,0,client_error,0,1,0,0,3.258096538021482,tiny,1.1235650300236861,0,0,0,1,1,0,0,23,2,0,0,28,3,0,False,True,False,False,0,0,0,0,0,0.21831383135201032,-0.48418503683298725,-0.5754149185629769,-0.7938609228125153,-0.579504646141257,-0.5729529884665427,-0.3552655235637277,0.5561070751274192,-0.17526681505929956
28ed036976ba,101,102,/messages/102/view,GET,401,25,2.097272,0,0,/messages/{}/view,1,/messages//view,1,numeric,1,0,0,0,1.0,0,29,2,0,client_error,0,1,0,0,3.258096538021482,tiny,1.130521724063793,0,0,0,1,1,0,0,23,2,0,0,17,2,0,False,True,False,False,0,0,0,0,0,0.21831383135201032,-0.48418503683298725,0.46079809824584533,-0.7861295931973484,-0.579504646141257,0.4632674691092411,-0.3552655235637277,0.5561070751274192,-0.17526681505929956
8763f6e17104,101,103,/messages/103/view,GET,401,25,2.067167,0,0,/messages/{}/view,1,/messages//view,1,numeric,1,0,0,0,2.0,0,29,2,0,client_error,0,1,0,0,3.258096538021482,tiny,1.1207543342529296,0,0,0,1,1,0,0,23,2,0,0,17,2,0,False,True,False,False,0,0,0,0,0,0.21831383135201032,-0.48418503683298725,-0.9920331643766318,-0.7822639283897651,-0.579504646141257,-0.9916145597370984,-0.3552655235637277,0.5561070751274192,-0.17526681505929956
4180d9c2812d,101,104,/messages/104/view,GET,401,25,2.07771,0,0,/messages/{}/view,1,/messages//view,1,numeric,1,0,0,0,3.0,0,29,2,0,client_error,0,1,0,0,3.258096538021482,tiny,1.1241858139539433,0,0,0,1,1,0,0,23,2,0,0,17,2,0,False,True,False,False,0,0,0,0,0,0.21831383135201032,-0.48418503683298725,-0.48324060494035403,-0.7783982635821817,-0.579504646141257,-0.4804853587909759,-0.3552655235637277,0.5561070751274192,-0.17526681505929956
ec7628fd044f,101,105,/messages/105/view,GET,401,25,2.099392,0,0,/messages/{}/view,1,/messages//view,1,numeric,1,0,0,0,4.0,0,29,2,0,client_error,0,1,0,0,3.258096538021482,tiny,1.1312059632230287,0,0,0,1,1,0,0,23,2,0,0,17,2,0,False,True,False,False,0,0,0,0,0,0.21831383135201032,-0.48418503683298725,0.563106760486664,-0.7745325987745982,-0.579504646141257,0.5651869456000521,-0.3552655235637277,0.5561070751274192,-0.17526681505929956
a1c5e8347954,101,202,/messages/202/view,GET,401,25,2.043987,0,0,/messages/{}/view,1,/messages//view,1,numeric,1,0,0,0,101.0,0,29,2,0,client_error,0,1,0,0,3.258096538021482,tiny,1.113168169293868,0,0,0,1,1,0,0,23,2,0,0,17,2,0,False,True,False,False,0,0,0,0,0,0.21831383135201032,-0.48418503683298725,-2.1106722166134424,-0.3995631124390084,-0.579504646141257,-2.1215966000286683,-0.3552655235637277,0.5561070751274192,-0.17526681505929956
a9e2c7595eb3,101,203,/messages/203/view,GET,401,25,2.077891,0,0,/messages/{}/view,1,/messages//view,1,numeric,1,0,0,0,102.0,0,29,2,0,client_error,0,1,0,0,3.258096538021482,tiny,1.1242446221840583,0,0,0,1,1,0,0,23,2,0,0,17,2,0,False,True,False,False,0,0,0,0,0,0.21831383135201032,-0.48418503683298725,-0.47450576160753055,-0.395697447631425,-0.579504646141257,-0.4717256964042717,-0.3552655235637277,0.5561070751274192,-0.17526681505929956
7e576910289d,101,204,/messages/204/view,GET,401,25,2.103679,0,0,/messages/{}/view,1,/messages//view,1,numeric,1,0,0,0,103.0,0,29,2,0,client_error,0,1,0,0,3.258096538021482,tiny,1.1325881820248243,1,0,0,1,1,0,0,23,2,0,0,17,2,0,False,True,False,False,0,0,0,0,0,0.21831383135201032,-0.48418503683298725,0.7699922487066546,-0.3918317828238416,-0.579504646141257,0.7710725848144572,-0.3552655235637277,0.5561070751274192,-0.17526681505929956
a2f7b54bc96a,101,205,/messages/205/view,GET,401,25,2.065535,0,0,/messages/{}/view,1,/messages//view,1,numeric,1,0,0,0,104.0,0,29,2,0,client_error,0,1,0,0,3.258096538021482,tiny,1.1202221055424773,0,0,0,1,1,0,0,23,2,0,0,17,2,0,False,True,False,False,0,0,0,0,0,0.21831383135201032,-0.48418503683298725,-1.070791530780873,-0.3879661180162582,-0.579504646141257,-1.0708916236269759,-0.3552655235637277,0.5561070751274192,-0.17526681505929956
db074a4110a7,101,302,/messages/302/view,GET,401,25,2.077608,0,0,/messages/{}/view,1,/messages//view,1,numeric,1,0,0,0,201.0,0,29,2,0,client_error,0,1,0,0,3.258096538021482,tiny,1.1241526718806956,0,0,0,1,1,0,0,23,2,0,0,17,2,0,False,True,False,False,0,0,0,0,0,0.21831383135201032,-0.48418503683298725,-0.4881630028406218,-0.012996631680668318,-0.579504646141257,-0.4854219700761403,-0.3552655235637277,0.5561070751274192,-0.17526681505929956
5614aecb83d9,101,303,/messages/303/view,GET,401,25,2.10035,0,0,/messages/{}/view,1,/messages//view,1,numeric,1,0,0,0,202.0,0,29,2,0,client_error,0,1,0,0,3.258096538021482,tiny,1.1315150083438175,0,0,0,1,1,0,0,23,2,0,0,17,2,0,False,True,False,False,0,0,0,0,0,0.21831383135201032,-0.48418503683298725,0.6093386937068163,-0.009130966873084918,-0.579504646141257,0.6112201439309057,-0.3552655235637277,0.5561070751274192,-0.17526681505929956
6f9acfb0f42d,101,304,/messages/304/view,GET,401,25,2.079978,0,0,/messages/{}/view,1,/messages//view,1,numeric,1,0,0,0,203.0,0,29,2,0,client_error,0,1,0,0,3.258096538021482,tiny,1.12492245410283,0,0,0,1,1,0,0,23,2,0,0,17,2,0,False,True,False,False,0,0,0,0,0,0.21831383135201032,-0.48418503683298725,-0.3737896398638649,-0.005265302065501518,-0.579504646141257,-0.3707605976117027,-0.3552655235637277,0.5561070751274192,-0.17526681505929956
c6f859616bd6,101,305,/messages/305/view,GET,401,25,2.076893,0,0,/messages/{}/view,1,/messages//view,1,numeric,1,0,0,0,204.0,0,29,2,0,client_error,0,1,0,0,3.258096538021482,tiny,1.123920321604624,0,0,0,1,1,0,0,23,2,0,0,17,2,0,False,True,False,False,0,0,0,0,0,0.21831383135201032,-0.48418503683298725,-0.5226680469454252,-0.0013996372579181166,-0.579504646141257,-0.5200312410891517,-0.3552655235637277,0.5561070751274192,-0.17526681505929956
2f31074dd5f3,101,401,/messages/401/view,GET,401,25,2.125106,0,0,/messages/{}/view,1,/messages//view,1,numeric,1,0,0,0,300.0,0,29,2,0,client_error,0,1,0,0,3.258096538021482,tiny,1.1394682026130947,1,0,0,1,1,0,0,23,2,0,0,17,2,0,False,True,False,False,0,0,0,0,0,0.21831383135201032,-0.48418503683298725,1.8040336193830246,0.3697041842700884,-0.579504646141257,1.7958723016062041,-0.3552655235637277,0.5561070751274192,-0.17526681505929956
0cca2a7643c1,101,402,/messages/402/view,GET,401,25,2.068367,0,0,/messages/{}/view,1,/messages//view,1,numeric,1,0,0,0,301.0,0,29,2,0,client_error,0,1,0,0,3.258096538021482,tiny,1.1211454982544005,0,0,0,1,1,0,0,23,2,0,0,17,2,0,False,True,False,False,0,0,0,0,0,0.21831383135201032,-0.48418503683298725,-0.9341226008441026,0.37356984907767177,-0.579504646141257,-0.9333495076513668,-0.3552655235637277,0.5561070751274192,-0.17526681505929956
d7bc488d1a05,101,403,/messages/403/view,GET,401,25,2.082239,0,0,/messages/{}/view,1,/messages//view,1,numeric,1,0,0,0,302.0,0,29,2,0,client_error,0,1,0,0,3.258096538021482,tiny,1.125656280938679,0,0,0,1,1,0,0,23,2,0,0,17,2,0,False,True,False,False,0,0,0,0,0,0.21831383135201032,-0.48418503683298725,-0.2646764864079866,0.37743551388525515,-0.579504646141257,-0.2614548878534582,-0.3552655235637277,0.5561070751274192,-0.17526681505929956
156e57a8a437,101,404,/messages/404/view,GET,401,25,2.082435,0,0,/messages/{}/view,1,/messages//view,1,numeric,1,0,0,0,303.0,0,29,2,0,client_error,0,1,0,0,3.258096538021482,tiny,1.1257198690538222,0,0,0,1,1,0,0,23,2,0,0,17,2,0,False,True,False,False,0,0,0,0,0,0.21831383135201032,-0.48418503683298725,-0.2552177610310124,0.3813011786928386,-0.579504646141257,-0.2519832472451225,-0.3552655235637277,0.5561070751274192,-0.17526681505929956
7788b32d2654,101,405,/messages/405/view,GET,401,25,2.085625,0,0,/messages/{}/view,1,/messages//view,1,numeric,1,0,0,0,304.0,0,29,2,0,client_error,0,1,0,0,3.258096538021482,tiny,1.1267542300309903,0,0,0,1,1,0,0,23,2,0,0,17,2,0,False,True,False,False,0,0,0,0,0,0.21831383135201032,-0.48418503683298725,-0.10127217964035412,0.38516684350042196,-0.579504646141257,-0.0979120750934678,-0.3552655235637277,0.5561070751274192,-0.17526681505929956
9314e5d67324,101,999,/messages/999/view,GET,401,25,2.079354,0,0,/messages/{}/view,1,/messages//view,1,numeric,1,0,0,0,898.0,0,29,2,0,client_error,0,1,0,0,3.258096538021482,tiny,1.1247198347271785,0,0,0,1,1,0,0,23,2,0,0,17,2,0,False,True,False,False,0,0,0,0,0,0.21831383135201032,-0.48418503683298725,-0.40390313290079205,2.681371739204962,-0.579504646141257,-0.4009413617707743,-0.3552655235637277,0.5561070751274192,-0.17526681505929956
ead074a3cb54,101,1000,/messages/1000/view,GET,401,25,2.075154,0,0,/messages/{}/view,1,/messages//view,1,numeric,1,0,0,0,899.0,0,29,2,0,client_error,0,1,0,0,3.258096538021482,tiny,1.1233549813052677,0,0,0,1,1,0,0,23,2,0,0,17,2,0,False,True,False,False,0,0,0,0,0,0.21831383135201032,-0.48418503683298725,-0.6065901052646656,2.6852374040125455,-0.579504646141257,-0.6042403755296991,-0.3552655235637277,0.5561070751274192,-0.17526681505929956
b8fe1de548cb,101,1001,/messages/1001/view,GET,401,25,2.079208,0,0,/messages/{}/view,1,/messages//view,1,numeric,1,0,0,0,900.0,0,29,2,0,client_error,0,1,0,0,3.258096538021482,tiny,1.124672421061447,0,0,0,1,1,0,0,23,2,0,0,17,2,0,False,True,False,False,0,0,0,0,0,0.21831383135201032,-0.48418503683298725,-0.4109489181305829,2.689103068820129,-0.579504646141257,-0.40800376959214296,-0.3552655235637277,0.5561070751274192,-0.17526681505929956
d99fd17fe199,101,-1,/messages/-1/view,GET,401,25,2.087526,0,0,/messages/-1/view,0,/messages/-1/view,0,none,0,0,0,0,102.0,0,29,2,0,client_error,0,1,0,0,3.258096538021482,tiny,1.1273701229712703,0,0,0,1,1,0,0,23,2,0,0,15,1,0,False,True,False,False,0,0,0,0,0,0.21831383135201032,-0.48418503683298725,-0.009532195244221702,-0.395697447631425,-0.579504646141257,-0.006172973055166856,-0.3552655235637277,0.5561070751274192,-0.17526681505929956
01ff91c6d850,101,0,/messages/0/view,GET,401,25,2.096832,0,0,/messages/{}/view,1,/messages//view,1,numeric,1,0,0,0,101.0,0,29,2,0,client_error,0,1,0,0,3.258096538021482,tiny,1.1303796534751367,0,0,0,1,1,0,0,23,2,0,0,17,2,0,False,True,False,False,0,0,0,0,0,0.21831383135201032,-0.48418503683298725,0.4395642249505932,-0.3995631124390084,-0.579504646141257,0.4421056285084043,-0.3552655235637277,0.5561070751274192,-0.17526681505929956
821e28cab4e1,101,abc,/messages/abc/view,GET,401,25,2.095376,0,0,/messages/abc/view,0,/messages/abc/view,0,none,0,0,0,0,-1.0,0,29,2,0,client_error,0,1,0,0,3.258096538021482,tiny,1.1299093850258748,0,0,0,1,1,0,0,23,2,0,0,18,1,0,False,True,False,False,0,0,0,0,0,0.21831383135201032,-0.48418503683298725,0.3692994078644441,-0.7938609228125153,-0.579504646141257,0.3720577314946478,-0.3552655235637277,0.5561070751274192,-0.17526681505929956
b63d1e2d06a6,101,xyz,/messages/xyz/view,GET,401,25,2.096382,0,0,/messages/xyz/view,0,/messages/xyz/view,0,none,0,0,0,0,-1.0,0,29,2,0,client_error,0,1,0,0,3.258096538021482,tiny,1.130234333129096,0,0,0,1,1,0,0,23,2,0,0,19,1,0,False,True,False,False,0,0,0,0,0,0.21831383135201032,-0.48418503683298725,0.41784776362590015,-0.7938609228125153,-0.579504646141257,0.4204597267911291,-0.3552655235637277,0.5561070751274192,-0.17526681505929956
23f3d1808380,101,../../../etc/passwd,/messages/../../../etc/passwd/view,GET,404,31,2.076132,0,0,/messages/../../../etc/passwd/view,0,/messages/../../../etc/passwd/view,0,none,0,0,0,0,-1.0,0,29,2,0,client_error,0,0,0,1,3.4657359027997265,tiny,1.1236729635965286,0,0,0,1,1,0,0,23,2,0,0,16,1,0,False,False,True,False,0,0,0,0,0,0.2795627940338063,-0.3474850588856568,-0.5593929959856528,-0.7938609228125153,-0.23480008126296797,-0.5568759588323822,-0.3552655235637277,0.5561070751274192,-0.17526681505929956
9090ea7eaae2,101,' OR '1'='1,/messages/' OR '1'='1/view,GET,401,25,2.081629,0,0,/messages/' OR '1'='1/view,0,/messages/' OR '1'='1/view,0,none,0,0,0,0,-1.0,0,29,2,0,client_error,0,1,0,0,3.258096538021482,tiny,1.1254583532731315,0,0,0,1,1,0,0,23,2,0,0,14,1,0,False,True,False,False,0,0,0,0,0,0.21831383135201032,-0.48418503683298725,-0.29411435620369214,-0.7938609228125153,-0.579504646141257,-0.2909368077105198,-0.3552655235637277,0.5561070751274192,-0.17526681505929956
e6a026d01dfb,101,102,/report?report_id=102,GET,200,187,2.105158,0,0,/report?{},1,/report?,1,numeric,1,0,0,0,1.0,0,29,2,0,success,1,0,0,0,5.236441962829949,small,1.1330645997590874,1,0,0,1,1,0,0,23,2,0,0,27,2,0,True,False,False,False,0,1,0,0,0,-3.885366668328318,3.2067143677449357,0.8413670182604943,-0.7861295931973484,2.7047699882271474,0.8420364362860311,-0.3552655235637277,0.5561070751274192,-0.17526681505929956
ff2234458e0a,101,103,/report?report_id=103,GET,200,187,2.090856,0,0,/report?{},1,/report?,1,numeric,1,0,0,0,2.0,0,29,2,0,success,1,0,0,0,5.236441962829949,small,1.1284480751996853,0,0,0,1,1,0,0,23,2,0,0,27,2,0,True,False,False,False,0,1,0,0,0,-3.885366668328318,3.2067143677449357,0.1511696185585671,-0.7822639283897651,2.7047699882271474,0.15439124680750008,-0.3552655235637277,0.5561070751274192,-0.17526681505929956
4f0348b2d3a6,101,104,/report?report_id=104,GET,404,29,2.130717,0,0,/report?{},1,/report?,1,numeric,1,0,0,0,3.0,0,29,2,0,client_error,0,0,0,1,3.4011973816621555,tiny,1.141262051801166,1,0,0,1,1,0,0,23,2,0,0,27,2,0,False,False,True,False,0,0,0,0,0,0.2795627940338063,-0.3930517182014336,2.0748137627005736,-0.7783982635821817,-0.3419412433945987,2.0630715223522524,-0.3552655235637277,0.5561070751274192,-0.17526681505929956
3f176cb279b0,101,105,/report?report_id=105,GET,404,29,2.058297,0,0,/report?{},1,/report?,1,numeric,1,0,0,0,4.0,0,29,2,0,client_error,0,0,0,1,3.4011973816621555,tiny,1.1178582250929634,0,0,0,1,1,0,0,23,2,0,0,27,2,0,False,False,True,False,0,0,0,0,0,0.2795627940338063,-0.3930517182014336,-1.420088746487954,-0.7745325987745982,-0.3419412433945987,-1.4229987116960747,-0.3552655235637277,0.5561070751274192,-0.17526681505929956
828f59b4b7a3,101,202,/report?report_id=202,GET,404,29,2.094437,0,0,/report?{},1,/report?,1,numeric,1,0,0,0,101.0,0,29,2,0,client_error,0,0,0,1,3.4011973816621555,tiny,1.129605983289117,0,0,0,1,1,0,0,23,2,0,0,27,2,0,False,False,True,False,0,0,0,0,0,0.2795627940338063,-0.3930517182014336,0.32398439190024464,-0.3995631124390084,-0.3419412433945987,0.3268651321536502,-0.3552655235637277,0.5561070751274192,-0.17526681505929956
8c9bff56bf45,101,203,/report?report_id=203,GET,404,29,2.073987,0,0,/report?{},1,/report?,1,numeric,1,0,0,0,102.0,0,29,2,0,client_error,0,0,0,1,3.4011973816621555,tiny,1.122975416089895,0,0,0,1,1,0,0,23,2,0,0,27,2,0,False,False,True,False,0,0,0,0,0,0.2795627940338063,-0.3930517182014336,-0.6629081283000632,-0.395697447631425,-0.3419412433945987,-0.6607777536127,-0.3552655235637277,0.5561070751274192,-0.17526681505929956
a9a40a6aa210,101,204,/report?report_id=204,GET,404,29,2.138982,0,0,/report?{},1,/report?,1,numeric,1,0,0,0,103.0,0,29,2,0,client_error,0,0,0,1,3.4011973816621555,tiny,1.1438985435330853,1,0,0,1,1,0,0,23,2,0,0,27,2,0,False,False,True,False,0,0,0,0,0,0.2795627940338063,-0.3930517182014336,2.4736727690309,-0.3918317828238416,-0.3419412433945987,2.4557848791699644,-0.3552655235637277,0.5561070751274192,-0.17526681505929956
1a3362326f3f,101,205,/report?report_id=205,GET,404,29,2.114022,0,0,/report?{},1,/report?,1,numeric,1,0,0,0,104.0,0,29,2,0,client_error,0,0,0,1,3.4011973816621555,tiny,1.135915138255187,1,0,0,1,1,0,0,23,2,0,0,27,2,0,False,False,True,False,0,0,0,0,0,0.2795627940338063,-0.3930517182014336,1.269133047554156,-0.3879661180162582,-0.3419412433945987,1.2666327010831615,-0.3552655235637277,0.5561070751274192,-0.17526681505929956
818b4c45f743,101,302,/report?report_id=302,GET,404,29,2.102241,0,0,/report?{},1,/report?,1,numeric,1,0,0,0,201.0,0,29,2,0,client_error,0,0,0,1,3.4011973816621555,tiny,1.1321247535482288,0,0,0,1,1,0,0,23,2,0,0,27,2,0,False,False,True,False,0,0,0,0,0,0.2795627940338063,-0.3930517182014336,0.7005960900734863,-0.012996631680668318,-0.3419412433945987,0.7020435222593397,-0.3552655235637277,0.5561070751274192,-0.17526681505929956
b9a2ac9cfba7,101,303,/report?report_id=303,GET,404,29,2.07845,0,0,/report?{},1,/report?,1,numeric,1,0,0,0,202.0,0,29,2,0,client_error,0,0,0,1,3.4011973816621555,tiny,1.1244262235610893,0,0,0,1,1,0,0,23,2,0,0,27,2,0,False,False,True,False,0,0,0,0,0,0.2795627940338063,-0.3930517182014336,-0.4475290907619589,-0.009130966873084918,-0.3419412433945987,-0.4446756262245842,-0.3552655235637277,0.5561070751274192,-0.17526681505929956
d7ce3f259a4c,101,304,/report?report_id=304,GET,404,29,2.080448,0,0,/report?{},1,/report?,1,numeric,1,0,0,0,203.0,0,29,2,0,client_error,0,0,0,1,3.4011973816621555,tiny,1.125075040953451,0,0,0,1,1,0,0,23,2,0,0,27,2,0,False,False,True,False,0,0,0,0,0,0.2795627940338063,-0.3930517182014336,-0.3511080024802899,-0.005265302065501518,-0.3419412433945987,-0.3480323282270073,-0.3552655235637277,0.5561070751274192,-0.17526681505929956
d55878a18c74,101,305,/report?report_id=305,GET,404,29,2.11195,0,0,/report?{},1,/report?,1,numeric,1,0,0,0,204.0,0,29,2,0,client_error,0,0,0,1,3.4011973816621555,tiny,1.1352495393490258,1,0,0,1,1,0,0,23,2,0,0,27,2,0,False,False,True,False,0,0,0,0,0,0.2795627940338063,-0.3930517182014336,1.1691408078546626,-0.0013996372579181166,-0.3419412433945987,1.1674897462359264,-0.3552655235637277,0.5561070751274192,-0.17526681505929956
ab30d81295af,101,401,/report?report_id=401,GET,404,29,2.094243,0,0,/report?{},1,/report?,1,numeric,1,0,0,0,300.0,0,29,2,0,client_error,0,0,0,1,3.4011973816621555,tiny,1.129543288174791,0,0,0,1,1,0,0,23,2,0,0,27,2,0,False,False,True,False,0,0,0,0,0,0.2795627940338063,-0.3930517182014336,0.31462218412915005,0.3697041842700884,-0.3419412433945987,0.31752650669736454,-0.3552655235637277,0.5561070751274192,-0.17526681505929956
9af8c82a3e47,101,402,/report?report_id=402,GET,404,29,2.081858,0,0,/report?{},1,/report?,1,numeric,1,0,0,0,301.0,0,29,2,0,client_error,0,0,0,1,3.4011973816621555,tiny,1.1255326618585493,0,0,0,1,1,0,0,23,2,0,0,27,2,0,False,False,True,False,0,0,0,0,0,0.2795627940338063,-0.3930517182014336,-0.2830630903295649,0.37356984907767177,-0.3419412433945987,-0.2798683208776202,-0.3552655235637277,0.5561070751274192,-0.17526681505929956
37a8e3d1981b,101,403,/report?report_id=403,GET,404,29,2.076243,0,0,/report?{},1,/report?,1,numeric,1,0,0,0,302.0,0,29,2,0,client_error,0,0,0,1,3.4011973816621555,tiny,1.1237090472227744,0,0,0,1,1,0,0,23,2,0,0,27,2,0,False,False,True,False,0,0,0,0,0,0.2795627940338063,-0.3930517182014336,-0.5540362688588946,0.37743551388525515,-0.3419412433945987,-0.5515011943991749,-0.3552655235637277,0.5561070751274192,-0.17526681505929956
ee39cc4ccd5f,101,404,/report?report_id=404,GET,404,29,2.099718,0,0,/report?{},1,/report?,1,numeric,1,0,0,0,303.0,0,29,2,0,client_error,0,0,0,1,3.4011973816621555,tiny,1.131311139611349,0,0,0,1,1,0,0,23,2,0,0,27,2,0,False,False,True,False,0,0,0,0,0,0.2795627940338063,-0.3930517182014336,0.5788391302463493,0.3813011786928386,-0.3419412433945987,0.5808532843240526,-0.3552655235637277,0.5561070751274192,-0.17526681505929956
847cac027ce5,101,405,/report?report_id=405,GET,404,29,2.055674,0,0,/report?{},1,/report?,1,numeric,1,0,0,0,304.0,0,29,2,0,client_error,0,0,0,1,3.4011973816621555,tiny,1.1170001902213795,0,0,0,1,1,0,0,23,2,0,0,27,2,0,False,False,True,False,0,0,0,0,0,0.2795627940338063,-0.3930517182014336,-1.5466715866095004,0.38516684350042196,-0.3419412433945987,-1.550805581183604,-0.3552655235637277,0.5561070751274192,-0.17526681505929956
cfbfdcf0fedf,101,999,/report?report_id=999,GET,404,29,2.089804,0,0,/report?{},1,/report?,1,numeric,1,0,0,0,898.0,0,29,2,0,client_error,0,0,0,1,3.4011973816621555,tiny,1.128107658477148,0,0,0,1,1,0,0,23,2,0,0,27,2,0,False,False,True,False,0,0,0,0,0,0.2795627940338063,-0.3930517182014336,0.10040135786170838,2.681371739204962,-0.3419412433945987,0.10368515423530109,-0.3552655235637277,0.5561070751274192,-0.17526681505929956
8b3459e77e8d,101,1000,/report?report_id=1000,GET,404,29,2.106185,0,0,/report?{},1,/report?,1,numeric,1,0,0,0,899.0,0,29,2,0,client_error,0,0,0,1,3.4011973816621555,tiny,1.1333952850905393,1,0,0,1,1,0,0,23,2,0,0,27,2,0,False,False,True,False,0,0,0,0,0,0.2795627940338063,-0.3930517182014336,0.8909288088837614,2.6852374040125455,-0.3419412433945987,0.8912930089475907,-0.3552655235637277,0.5561070751274192,-0.17526681505929956
a9f701bc9dd5,101,1001,/report?report_id=1001,GET,404,29,2.079442,0,0,/report?{},1,/report?,1,numeric,1,0,0,0,900.0,0,29,2,0,client_error,0,0,0,1,3.4011973816621555,tiny,1.1247484117412592,0,0,0,1,1,0,0,23,2,0,0,27,2,0,False,False,True,False,0,0,0,0,0,0.2795627940338063,-0.3930517182014336,-0.39965635824174595,2.689103068820129,-0.3419412433945987,-0.39668472975043734,-0.3552655235637277,0.5561070751274192,-0.17526681505929956
4db91a1f4d6b,101,-1,/report?report_id=-1,GET,404,29,2.084573,0,0,/report?{},1,/report?,1,alphanumeric,0,0,1,0,102.0,0,29,2,0,client_error,0,0,0,1,3.4011973816621555,tiny,1.126413236108204,0,0,0,1,1,0,0,23,2,0,0,27,0,0,False,False,True,False,0,0,0,0,0,0.2795627940338063,-0.3930517182014336,-0.15204044033721284,-0.395697447631425,-0.3419412433945987,-0.14870414337519364,-0.3552655235637277,0.5561070751274192,-0.17526681505929956
29a192d0a02b,101,0,/report?report_id=0,GET,404,29,2.101165,0,0,/report?{},1,/report?,1,numeric,1,0,0,0,101.0,0,29,2,0,client_error,0,0,0,1,3.4011973816621555,tiny,1.1317778473451556,0,0,0,1,1,0,0,23,2,0,0,27,2,0,False,False,True,False,0,0,0,0,0,0.2795627940338063,-0.3930517182014336,0.6486696181059864,-0.3995631124390084,-0.3419412433945987,0.6503708020833536,-0.3552655235637277,0.5561070751274192,-0.17526681505929956
5b1a0972d72f,101,abc,/report?report_id=abc,GET,404,29,2.094551,0,0,/report?{},1,/report?,1,alphanumeric,0,0,1,0,-1.0,0,29,2,0,client_error,0,0,0,1,3.4011973816621555,tiny,1.1296428229145978,0,0,0,1,1,0,0,23,2,0,0,27,0,0,False,False,True,False,0,0,0,0,0,0.2795627940338063,-0.3930517182014336,0.329485895435833,-0.7938609228125153,-0.3419412433945987,0.33235250494201773,-0.3552655235637277,0.5561070751274192,-0.17526681505929956
856d8b3a7f4a,101,xyz,/report?report_id=xyz,GET,404,29,2.114923,0,0,/report?{},1,/report?,1,alphanumeric,0,0,1,0,-1.0,0,29,2,0,client_error,0,0,0,1,3.4011973816621555,tiny,1.136204432832771,1,0,0,1,1,0,0,23,2,0,0,27,0,0,False,False,True,False,0,0,0,0,0,0.2795627940338063,-0.3930517182014336,1.3126142290065141,-0.7938609228125153,-0.3419412433945987,1.3097239967229994,-0.3552655235637277,0.5561070751274192,-0.17526681505929956
ac2064ddf0e6,101,../../../etc/passwd,/report?report_id=../../../etc/passwd,GET,404,29,2.122345,0,0,/report?{},1,/report?,1,other,0,0,0,0,-1.0,0,29,2,0,client_error,0,0,0,1,3.4011973816621555,tiny,1.138584322073735,1,0,0,1,1,0,0,23,2,0,0,27,3,0,False,False,True,False,0,0,0,0,0,0.2795627940338063,-0.3930517182014336,1.6707910644552484,-0.7938609228125153,-0.3419412433945987,1.6642156423285053,-0.3552655235637277,0.5561070751274192,-0.17526681505929956
962a56dcf444,101,' OR '1'='1,/report?report_id=' OR '1'='1,GET,404,29,2.094391,0,0,/report?{},1,/report?,1,other,0,0,0,0,-1.0,0,29,2,0,client_error,0,0,0,1,3.4011973816621555,tiny,1.129591117792774,0,0,0,1,1,0,0,23,2,0,0,27,3,0,False,False,True,False,0,0,0,0,0,0.2795627940338063,-0.3930517182014336,0.3217644869648205,-0.7938609228125153,-0.3419412433945987,0.32465087185503355,-0.3552655235637277,0.5561070751274192,-0.17526681505929956
3120b240c25e,102,101,/user/profile?user_id=101,GET,200,155,2.056345,1,1,/user/profile?{},1,/user/profile?,1,numeric,1,0,0,0,1.0,0,29,2,0,success,1,0,0,0,5.049856007249537,small,1.1172197576025331,0,1,1,1,1,0,0,23,2,0,0,29,2,0,True,False,False,False,0,1,1,0,0,-3.885366668328318,2.477647818692507,-1.51428992983422,-0.7861295931973484,2.3950164369222913,-1.5181003607360783,-0.3552655235637277,0.5561070751274192,-0.17526681505929956
c2d1f097fc06,102,103,/user/profile?user_id=103,GET,200,160,2.121083,1,1,/user/profile?{},1,/user/profile?,1,numeric,1,0,0,0,1.0,0,29,2,0,success,1,0,0,0,5.081404364984463,small,1.1381800569753988,1,1,1,1,1,0,0,23,2,0,0,29,2,0,True,False,False,False,0,1,1,0,0,-3.885366668328318,2.5915644669819486,1.609888455140194,-0.7861295931973484,2.4473902386686817,1.6039991425421407,-0.3552655235637277,0.5561070751274192,-0.17526681505929956
537673c05ea5,102,104,/user/profile?user_id=104,GET,404,27,2.122967,0,0,/user/profile?{},1,/user/profile?,1,numeric,1,0,0,0,2.0,0,29,2,0,client_error,0,0,0,1,3.332204510175204,tiny,1.1387835114823848,1,0,0,1,1,0,0,23,2,0,0,29,2,0,False,False,True,False,0,0,0,0,0,0.2795627940338063,-0.4386183775172104,1.7008080398862746,-0.7822639283897651,-0.4564771252155258,1.6938855026077255,-0.3552655235637277,0.5561070751274192,-0.17526681505929956
4294e00eb5a0,102,105,/user/profile?user_id=105,GET,404,27,2.100954,0,0,/user/profile?{},1,/user/profile?,1,numeric,1,0,0,0,3.0,0,29,2,0,client_error,0,0,0,1,3.332204510175204,tiny,1.1317098060837478,0,0,0,1,1,0,0,23,2,0,0,29,2,0,False,False,True,False,0,0,0,0,0,0.2795627940338063,-0.4386183775172104,0.6384870106848616,-0.7783982635821817,-0.4564771252155258,0.6402358519729211,-0.3552655235637277,0.5561070751274192,-0.17526681505929956
58ab225a65a8,102,201,/user/profile?user_id=201,GET,404,27,2.096985,0,0,/user/profile?{},1,/user/profile?,1,numeric,1,0,0,0,99.0,0,29,2,0,client_error,0,0,0,1,3.332204510175204,tiny,1.130429057582501,0,0,0,1,1,0,0,23,2,0,0,29,2,0,False,False,True,False,0,0,0,0,0,0.2795627940338063,-0.4386183775172104,0.44694782180099485,-0.4072944420541752,-0.4564771252155258,0.4494645185852017,-0.3552655235637277,0.5561070751274192,-0.17526681505929956
4a4383ccbb3e,102,203,/user/profile?user_id=203,GET,404,27,2.112471,0,0,/user/profile?{},1,/user/profile?,1,numeric,1,0,0,0,101.0,0,29,2,0,client_error,0,0,0,1,3.332204510175204,tiny,1.1354169444783437,1,0,0,1,1,0,0,23,2,0,0,29,2,0,False,False,True,False,0,0,0,0,0,0.2795627940338063,-0.4386183775172104,1.1942836441883715,-0.3995631124390084,-0.4564771252155258,1.1924252427091422,-0.3552655235637277,0.5561070751274192,-0.17526681505929956
c0287b7b43af,102,204,/user/profile?user_id=204,GET,404,27,2.080827,0,0,/user/profile?{},1,/user/profile?,1,numeric,1,0,0,0,102.0,0,29,2,0,client_error,0,0,0,1,3.332204510175204,tiny,1.1251980674375726,0,0,0,1,1,0,0,23,2,0,0,29,2,0,False,False,True,False,0,0,0,0,0,0.2795627940338063,-0.4386183775172104,-0.33281791616459117,-0.395697447631425,-0.4564771252155258,-0.3297071641569018,-0.3552655235637277,0.5561070751274192,-0.17526681505929956
4d3e407ad184,102,205,/user/profile?user_id=205,GET,404,27,2.087877,0,0,/user/profile?{},1,/user/profile?,1,numeric,1,0,0,0,103.0,0,29,2,0,client_error,0,0,0,1,3.332204510175204,tiny,1.1274837997630127,0,0,0,1,1,0,0,23,2,0,0,29,2,0,False,False,True,False,0,0,0,0,0,0.2795627940338063,-0.4386183775172104,0.007406644589055187,-0.3918317828238416,-0.4564771252155258,0.010759526272244285,-0.3552655235637277,0.5561070751274192,-0.17526681505929956
7f94d8834fa5,102,301,/user/profile?user_id=301,GET,404,27,2.096091,0,0,/user/profile?{},1,/user/profile?,1,numeric,1,0,0,0,199.0,0,29,2,0,client_error,0,0,0,1,3.332204510175204,tiny,1.1301403480603798,0,0,0,1,1,0,0,23,2,0,0,29,2,0,False,False,True,False,0,0,0,0,0,0.2795627940338063,-0.4386183775172104,0.4038044519692476,-0.02072796129583512,-0.4564771252155258,0.4064603687125651,-0.3552655235637277,0.5561070751274192,-0.17526681505929956
41572d8d6832,102,303,/user/profile?user_id=303,GET,404,27,2.099065,0,0,/user/profile?{},1,/user/profile?,1,numeric,1,0,0,0,201.0,0,29,2,0,client_error,0,0,0,1,3.332204510175204,tiny,1.1311004530935551,0,0,0,1,1,0,0,23,2,0,0,29,2,0,False,False,True,False,0,0,0,0,0,0.2795627940338063,-0.4386183775172104,0.5473261319240497,-0.012996631680668318,-0.4564771252155258,0.549470895129575,-0.3552655235637277,0.5561070751274192,-0.17526681505929956
9fafd6d34fad,102,304,/user/profile?user_id=304,GET,404,27,2.128235,0,0,/user/profile?{},1,/user/profile?,1,numeric,1,0,0,0,202.0,0,29,2,0,client_error,0,0,0,1,3.332204510175204,tiny,1.140468947738345,1,0,0,1,1,0,0,23,2,0,0,29,2,0,False,False,True,False,0,0,0,0,0,0.2795627940338063,-0.4386183775172104,1.955035413794108,-0.009130966873084918,-0.4564771252155258,1.9449362917177548,-0.3552655235637277,0.5561070751274192,-0.17526681505929956
9aef677863fc,102,305,/user/profile?user_id=305,GET,404,27,2.080828,0,0,/user/profile?{},1,/user/profile?,1,numeric,1,0,0,0,203.0,0,29,2,0,client_error,0,0,0,1,3.332204510175204,tiny,1.1251983920256905,0,0,0,1,1,0,0,23,2,0,0,29,2,0,False,False,True,False,0,0,0,0,0,0.2795627940338063,-0.4386183775172104,-0.3327696573616621,-0.005265302065501518,-0.4564771252155258,-0.32965881578249356,-0.3552655235637277,0.5561070751274192,-0.17526681505929956
a9c69a16300f,102,401,/user/profile?user_id=401,GET,404,27,2.081833,0,0,/user/profile?{},1,/user/profile?,1,numeric,1,0,0,0,299.0,0,29,2,0,client_error,0,0,0,1,3.332204510175204,tiny,1.1255245498360613,0,0,0,1,1,0,0,23,2,0,0,29,2,0,False,False,True,False,0,0,0,0,0,0.2795627940338063,-0.4386183775172104,-0.2842695604031566,0.36583851946250495,-0.4564771252155258,-0.2810766309751863,-0.3552655235637277,0.5561070751274192,-0.17526681505929956
2de7ebac733c,102,402,/user/profile?user_id=402,GET,404,27,2.071158,0,0,/user/profile?{},1,/user/profile?,1,numeric,1,0,0,0,300.0,0,29,2,0,client_error,0,0,0,1,3.332204510175204,tiny,1.1220546891746297,0,0,0,1,1,0,0,23,2,0,0,29,2,0,False,False,True,False,0,0,0,0,0,0.2795627940338063,-0.4386183775172104,-0.7994322818280035,0.3697041842700884,-0.4564771252155258,-0.7979227911748141,-0.3552655235637277,0.5561070751274192,-0.17526681505929956
25e5e3bbec55,102,403,/user/profile?user_id=403,GET,404,27,2.07648,0,0,/user/profile?{},1,/user/profile?,1,numeric,1,0,0,0,301.0,0,29,2,0,client_error,0,0,0,1,3.332204510175204,tiny,1.1237860862834042,0,0,0,1,1,0,0,23,2,0,0,29,2,0,False,False,True,False,0,0,0,0,0,0.2795627940338063,-0.4386183775172104,-0.5425989325612061,0.37356984907767177,-0.4564771252155258,-0.5400259950880213,-0.3552655235637277,0.5561070751274192,-0.17526681505929956
b824c774d0db,102,404,/user/profile?user_id=404,GET,404,27,2.080828,0,0,/user/profile?{},1,/user/profile?,1,numeric,1,0,0,0,302.0,0,29,2,0,client_error,0,0,0,1,3.332204510175204,tiny,1.1251983920256905,0,0,0,1,1,0,0,23,2,0,0,29,2,0,False,False,True,False,0,0,0,0,0,0.2795627940338063,-0.4386183775172104,-0.3327696573616621,0.37743551388525515,-0.4564771252155258,-0.32965881578249356,-0.3552655235637277,0.5561070751274192,-0.17526681505929956
09a621bfd1cd,102,405,/user/profile?user_id=405,GET,404,27,2.087883,0,0,/user/profile?{},1,/user/profile?,1,numeric,1,0,0,0,303.0,0,29,2,0,client_error,0,0,0,1,3.332204510175204,tiny,1.1274857428437024,0,0,0,1,1,0,0,23,2,0,0,29,2,0,False,False,True,False,0,0,0,0,0,0.2795627940338063,-0.4386183775172104,0.007696197406715476,0.3813011786928386,-0.4564771252155258,0.011048953973068884,-0.3552655235637277,0.5561070751274192,-0.17526681505929956
5ae3e4090db3,102,999,/user/profile?user_id=999,GET,404,27,2.082499,0,0,/user/profile?{},1,/user/profile?,1,numeric,1,0,0,0,897.0,0,29,2,0,client_error,0,0,0,1,3.332204510175204,tiny,1.1257406316443064,0,0,0,1,1,0,0,23,2,0,0,29,2,0,False,False,True,False,0,0,0,0,0,0.2795627940338063,-0.4386183775172104,-0.2521291976426074,2.6775060743973786,-0.4564771252155258,-0.2488905970742245,-0.3552655235637277,0.5561070751274192,-0.17526681505929956
eaf429011086,102,1000,/user/profile?user_id=1000,GET,404,27,2.080236,0,0,/user/profile?{},1,/user/profile?,1,numeric,1,0,0,0,898.0,0,29,2,0,client_error,0,0,0,1,3.332204510175204,tiny,1.1250062174266855,0,0,0,1,1,0,0,23,2,0,0,29,2,0,False,False,True,False,0,0,0,0,0,0.2795627940338063,-0.4386183775172104,-0.3613388687043653,2.681371739204962,-0.4564771252155258,-0.3582837991103999,-0.3552655235637277,0.5561070751274192,-0.17526681505929956
0a7712fbcd26,102,1001,/user/profile?user_id=1001,GET,404,27,2.099267,0,0,/user/profile?{},1,/user/profile?,1,numeric,1,0,0,0,899.0,0,29,2,0,client_error,0,0,0,1,3.332204510175204,tiny,1.1311656319191075,0,0,0,1,1,0,0,23,2,0,0,29,2,0,False,False,True,False,0,0,0,0,0,0.2795627940338063,-0.4386183775172104,0.5570744101187056,2.6852374040125455,-0.4564771252155258,0.559179476827825,-0.3552655235637277,0.5561070751274192,-0.17526681505929956
b7608b64db69,102,-1,/user/profile?user_id=-1,GET,404,27,2.095533,0,0,/user/profile?{},1,/user/profile?,1,alphanumeric,0,0,1,0,103.0,0,29,2,0,client_error,0,0,0,1,3.332204510175204,tiny,1.1299601045567333,0,0,0,1,1,0,0,23,2,0,0,29,0,0,False,False,True,False,0,0,0,0,0,0.2795627940338063,-0.4386183775172104,0.37687603992662644,-0.3918317828238416,-0.4564771252155258,0.37961255784913195,-0.3552655235637277,0.5561070751274192,-0.17526681505929956
d1e8b022284c,102,0,/user/profile?user_id=0,GET,404,27,2.091457,0,0,/user/profile?{},1,/user/profile?,1,numeric,1,0,0,0,102.0,0,29,2,0,client_error,0,0,0,1,3.332204510175204,tiny,1.1286425008141416,0,0,0,1,1,0,0,23,2,0,0,29,2,0,False,False,True,False,0,0,0,0,0,0.2795627940338063,-0.4386183775172104,0.1801731591277822,-0.395697447631425,-0.4564771252155258,0.18335152564324136,-0.3552655235637277,0.5561070751274192,-0.17526681505929956
17b7bb2bbb64,102,abc,/user/profile?user_id=abc,GET,404,27,2.105833,0,0,/user/profile?{},1,/user/profile?,1,alphanumeric,0,0,1,0,-1.0,0,29,2,0,client_error,0,0,0,1,3.332204510175204,tiny,1.1332819563782348,1,0,0,1,1,0,0,23,2,0,0,29,0,0,False,False,True,False,0,0,0,0,0,0.2795627940338063,-0.4386183775172104,0.8739417102475554,-0.7938609228125153,-0.4564771252155258,0.8744123570972103,-0.3552655235637277,0.5561070751274192,-0.17526681505929956
41a6edefe87f,102,xyz,/user/profile?user_id=xyz,GET,404,27,2.083773,0,0,/user/profile?{},1,/user/profile?,1,alphanumeric,0,0,1,0,-1.0,0,29,2,0,client_error,0,0,0,1,3.332204510175204,tiny,1.1261538472851758,0,0,0,1,1,0,0,23,2,0,0,29,0,0,False,False,True,False,0,0,0,0,0,0.2795627940338063,-0.4386183775172104,-0.19064748269223228,-0.7938609228125153,-0.4564771252155258,-0.18734088711277277,-0.3552655235637277,0.5561070751274192,-0.17526681505929956
f36915159ea4,102,../../../etc/passwd,/user/profile?user_id=../../../etc/passwd,GET,404,27,2.093297,0,0,/user/profile?{},1,/user/profile?,1,other,0,0,0,0,-1.0,0,29,2,0,client_error,0,0,0,1,3.332204510175204,tiny,1.1292375123713632,0,0,0,1,1,0,0,23,2,0,0,29,3,0,False,False,True,False,0,0,0,0,0,0.2795627940338063,-0.4386183775172104,0.2689693565443398,-0.7938609228125153,-0.4564771252155258,0.27198028300016175,-0.3552655235637277,0.5561070751274192,-0.17526681505929956
c7d8e6e857ec,102,' OR '1'='1,/user/profile?user_id=' OR '1'='1,GET,404,27,2.075782,0,0,/user/profile?{},1,/user/profile?,1,other,0,0,0,0,-1.0,0,29,2,0,client_error,0,0,0,1,3.332204510175204,tiny,1.1235591778705325,0,0,0,1,1,0,0,23,2,0,0,29,3,0,False,False,True,False,0,0,0,0,0,0.2795627940338063,-0.4386183775172104,-0.5762835770159792,-0.7938609228125153,-0.4564771252155258,-0.5738246842438325,-0.3552655235637277,0.5561070751274192,-0.17526681505929956
472c62534811,102,101,/api/user/101/details,GET,401,25,2.110631,0,0,/api/user/{}/details,1,/api/user//details,1,numeric,1,0,0,0,1.0,0,29,2,0,client_error,0,1,0,0,3.258096538021482,tiny,1.1348255995016363,1,0,0,1,1,0,0,23,2,0,0,9,2,0,False,True,False,False,0,0,0,0,0,0.21831383135201032,-0.48418503683298725,1.1054874467718139,-0.7861295931973484,-0.579504646141257,1.104342633524924,-0.3552655235637277,0.5561070751274192,-0.17526681505929956
c9ebb9c6f337,102,103,/api/user/103/details,POST,405,153,2.054802,0,0,/api/user/{}/details,1,/api/user//details,1,numeric,1,0,0,0,1.0,0,29,2,0,client_error,0,0,0,0,5.0369526024136295,small,1.1167147787392235,0,0,0,3,0,1,0,23,2,0,0,9,2,1,False,False,False,True,0,0,0,0,0,0.29997911492773827,2.4320811593767298,-1.588753262776465,-0.7861295931973484,2.373595341966813,-1.59331847810447,2.8147960713126134,0.5561070751274192,-0.17526681505929956
792ceb101117,102,104,/api/user/104/details,POST,405,153,2.059747,0,0,/api/user/{}/details,1,/api/user//details,1,numeric,1,0,0,0,2.0,0,29,2,0,client_error,0,0,0,0,5.0369526024136295,small,1.1183322328075693,0,0,0,3,0,1,0,23,2,0,0,9,2,1,False,False,False,True,0,0,0,0,0,0.29997911492773827,2.4320811593767298,-1.350113482219465,-0.7822639283897651,2.373595341966813,-1.3523938398860362,2.8147960713126134,0.5561070751274192,-0.17526681505929956
b56a1cd31d4b,102,105,/api/user/105/details,GET,401,25,2.084876,0,0,/api/user/{}/details,1,/api/user//details,1,numeric,1,0,0,0,3.0,0,29,2,0,client_error,0,1,0,0,3.258096538021482,tiny,1.1265114620600658,0,0,0,1,1,0,0,23,2,0,0,9,2,0,False,True,False,False,0,0,0,0,0,0.21831383135201032,-0.48418503683298725,-0.1374180230452397,-0.7783982635821817,-0.579504646141257,-0.13407309302322115,-0.3552655235637277,0.5561070751274192,-0.17526681505929956
d1f88400c226,102,201,/api/user/201/details,GET,401,25,2.096549,0,0,/api/user/{}/details,1,/api/user//details,1,numeric,1,0,0,0,99.0,0,29,2,0,client_error,0,1,0,0,3.258096538021482,tiny,1.1302882655885536,0,0,0,1,1,0,0,23,2,0,0,9,2,0,False,True,False,False,0,0,0,0,0,0.21831383135201032,-0.48418503683298725,0.42590698371750196,-0.4072944420541752,-0.579504646141257,0.42849312850393256,-0.3552655235637277,0.5561070751274192,-0.17526681505929956
d3daa22f4dc6,102,203,/api/user/203/details,POST,405,153,2.088301,0,0,/api/user/{}/details,1,/api/user//details,1,numeric,1,0,0,0,101.0,0,29,2,0,client_error,0,0,0,0,5.0369526024136295,small,1.1276211015055033,0,0,0,3,0,1,0,23,2,0,0,9,2,1,False,False,False,True,0,0,0,0,0,0.29997911492773827,2.4320811593767298,0.027868377037206064,-0.3995631124390084,2.373595341966813,0.031211032923150393,2.8147960713126134,0.5561070751274192,-0.17526681505929956
defe2bf37f61,102,204,/api/user/204/details,GET,401,25,2.092241,0,0,/api/user/{}/details,1,/api/user//details,1,numeric,1,0,0,0,102.0,0,29,2,0,client_error,0,1,0,0,3.258096538021482,tiny,1.1288960707666849,0,0,0,1,1,0,0,23,2,0,0,9,2,0,False,True,False,False,0,0,0,0,0,0.21831383135201032,-0.48418503683298725,0.2180080606357004,-0.395697447631425,-0.579504646141257,0.22112153115691888,-0.3552655235637277,0.5561070751274192,-0.17526681505929956
513898cfef2c,102,205,/api/user/205/details,POST,405,153,2.058143,0,0,/api/user/{}/details,1,/api/user//details,1,numeric,1,0,0,0,103.0,0,29,2,0,client_error,0,0,0,0,5.0369526024136295,small,1.1178078690034627,0,0,0,3,0,1,0,23,2,0,0,9,2,1,False,False,False,True,0,0,0,0,0,0.29997911492773827,2.4320811593767298,-1.427520602141306,-0.3918317828238416,2.373595341966813,-1.430499402369442,2.8147960713126134,0.5561070751274192,-0.17526681505929956
9fcaf5a6f087,102,301,/api/user/301/details,POST,405,153,2.061581,0,0,/api/user/{}/details,1,/api/user//details,1,numeric,1,0,0,0,199.0,0,29,2,0,client_error,0,0,0,0,5.0369526024136295,small,1.1189314492046898,0,0,0,3,0,1,0,23,2,0,0,9,2,1,False,False,False,True,0,0,0,0,0,0.29997911492773827,2.4320811593767298,-1.2616068376205891,-0.02072796129583512,2.373595341966813,-1.2631387590054726,2.8147960713126134,0.5561070751274192,-0.17526681505929956
a7dd6ecbfd43,102,303,/api/user/303/details,POST,405,153,2.053343,0,0,/api/user/{}/details,1,/api/user//details,1,numeric,1,0,0,0,201.0,0,29,2,0,client_error,0,0,0,0,5.0369526024136295,small,1.1162370559517822,0,0,0,3,0,1,0,23,2,0,0,9,2,1,False,False,False,True,0,0,0,0,0,0.29997911492773827,2.4320811593767298,-1.6591628562714442,-0.012996631680668318,2.373595341966813,-1.6644767211640121,2.8147960713126134,0.5561070751274192,-0.17526681505929956
76502d07c502,102,304,/api/user/304/details,GET,401,25,2.095459,0,0,/api/user/{}/details,1,/api/user//details,1,numeric,1,0,0,0,202.0,0,29,2,0,client_error,0,1,0,0,3.258096538021482,tiny,1.129936198856321,0,0,0,1,1,0,0,23,2,0,0,9,2,0,False,True,False,False,0,0,0,0,0,0.21831383135201032,-0.48418503683298725,0.37330488850878046,-0.009130966873084918,-0.579504646141257,0.37605173202049547,-0.3552655235637277,0.5561070751274192,-0.17526681505929956
d9d5c812fd99,102,305,/api/user/305/details,POST,405,153,2.070639,0,0,/api/user/{}/details,1,/api/user//details,1,numeric,1,0,0,0,203.0,0,29,2,0,client_error,0,0,0,0,5.0369526024136295,small,1.1218856832627653,0,0,0,3,0,1,0,23,2,0,0,9,2,1,False,False,False,True,0,0,0,0,0,0.29997911492773827,2.4320811593767298,-0.8244786005558329,-0.005265302065501518,2.373595341966813,-0.823096729013033,2.8147960713126134,0.5561070751274192,-0.17526681505929956
9aba5ae9c41a,102,401,/api/user/401/details,POST,405,153,2.071693,0,0,/api/user/{}/details,1,/api/user//details,1,numeric,1,0,0,0,299.0,0,29,2,0,client_error,0,0,0,0,5.0369526024136295,small,1.1222288753957679,0,0,0,3,0,1,0,23,2,0,0,9,2,1,False,False,False,True,0,0,0,0,0,0.29997911492773827,2.4320811593767298,-0.7736138222530945,0.36583851946250495,2.373595341966813,-0.7719772307217297,2.8147960713126134,0.5561070751274192,-0.17526681505929956
1a1a1da6f635,102,402,/api/user/402/details,GET,401,25,2.068698,0,0,/api/user/{}/details,1,/api/user//details,1,numeric,1,0,0,0,300.0,0,29,2,0,client_error,0,1,0,0,3.258096538021482,tiny,1.121253367406942,0,0,0,1,1,0,0,23,2,0,0,9,2,0,False,True,False,False,0,0,0,0,0,0.21831383135201032,-0.48418503683298725,-0.9181489370697077,0.3697041842700884,-0.579504646141257,-0.9172820736143765,-0.3552655235637277,0.5561070751274192,-0.17526681505929956
20bf612cc124,102,403,/api/user/403/details,GET,401,25,2.085314,0,0,/api/user/{}/details,1,/api/user//details,1,numeric,1,0,0,0,301.0,0,29,2,0,client_error,0,1,0,0,3.258096538021482,tiny,1.1266534349979285,0,0,0,1,1,0,0,23,2,0,0,9,2,0,False,True,False,False,0,0,0,0,0,0.21831383135201032,-0.48418503683298725,-0.11628066735586719,0.37356984907767177,-0.579504646141257,-0.11292579780119784,-0.3552655235637277,0.5561070751274192,-0.17526681505929956
d994b90b93f9,102,404,/api/user/404/details,POST,405,153,2.069126,0,0,/api/user/{}/details,1,/api/user//details,1,numeric,1,0,0,0,302.0,0,29,2,0,client_error,0,0,0,0,5.0369526024136295,small,1.1213928305133112,0,0,0,3,0,1,0,23,2,0,0,9,2,1,False,False,False,True,0,0,0,0,0,0.29997911492773827,2.4320811593767298,-0.8974941694097761,0.37743551388525515,2.373595341966813,-0.8965086253264952,2.8147960713126134,0.5561070751274192,-0.17526681505929956
95c734b9afa7,102,405,/api/user/405/details,POST,405,153,2.062236,0,0,/api/user/{}/details,1,/api/user//details,1,numeric,1,0,0,0,303.0,0,29,2,0,client_error,0,0,0,0,5.0369526024136295,small,1.1191453680734273,0,0,0,3,0,1,0,23,2,0,0,9,2,1,False,False,False,True,0,0,0,0,0,0.29997911492773827,2.4320811593767298,-1.22999732169241,0.3813011786928386,2.373595341966813,-1.2312749014361488,2.8147960713126134,0.5561070751274192,-0.17526681505929956
875821542237,102,999,/api/user/999/details,GET,401,25,2.101893,0,0,/api/user/{}/details,1,/api/user//details,1,numeric,1,0,0,0,897.0,0,29,2,0,client_error,0,1,0,0,3.258096538021482,tiny,1.1320125702845003,0,0,0,1,1,0,0,23,2,0,0,9,2,0,False,True,False,False,0,0,0,0,0,0.21831383135201032,-0.48418503683298725,0.683802026649061,2.6775060743973786,-0.579504646141257,0.6853334884123815,-0.3552655235637277,0.5561070751274192,-0.17526681505929956
1d74b37eb336,102,1000,/api/user/1000/details,POST,405,153,2.07064,0,0,/api/user/{}/details,1,/api/user//details,1,numeric,1,0,0,0,898.0,0,29,2,0,client_error,0,0,0,0,5.0369526024136295,small,1.1218860089278264,0,0,0,3,0,1,0,23,2,0,0,9,2,1,False,False,False,True,0,0,0,0,0,0.29997911492773827,2.4320811593767298,-0.8244303417528823,2.681371739204962,2.373595341966813,-0.8230482202247026,2.8147960713126134,0.5561070751274192,-0.17526681505929956
de6f8fd67287,102,1001,/api/user/1001/details,POST,405,153,2.053291,0,0,/api/user/{}/details,1,/api/user//details,1,numeric,1,0,0,0,899.0,0,29,2,0,client_error,0,0,0,0,5.0369526024136295,small,1.1162200252929935,0,0,0,3,0,1,0,23,2,0,0,9,2,1,False,False,False,True,0,0,0,0,0,0.29997911492773827,2.4320811593767298,-1.661672314024507,2.6852374040125455,2.373595341966813,-1.6670134889075954,2.8147960713126134,0.5561070751274192,-0.17526681505929956
d9b510316aa1,102,-1,/api/user/-1/details,POST,405,153,2.060141,0,0,/api/user/-1/details,0,/api/user/-1/details,0,none,0,0,0,0,103.0,0,29,2,0,client_error,0,0,0,0,5.0369526024136295,small,1.1184609933340837,0,0,0,3,0,1,0,23,2,0,0,7,1,1,False,False,False,True,0,0,0,0,0,0.29997911492773827,2.4320811593767298,-1.331099513859637,-0.3918317828238416,2.373595341966813,-1.3332145729909903,2.8147960713126134,0.5561070751274192,-0.17526681505929956
0cf5cde32167,102,0,/api/user/0/details,GET,401,25,2.110146,0,0,/api/user/{}/details,1,/api/user//details,1,numeric,1,0,0,0,102.0,0,29,2,0,client_error,0,1,0,0,3.258096538021482,tiny,1.1346696704268655,1,0,0,1,1,0,0,23,2,0,0,9,2,0,False,True,False,False,0,0,0,0,0,0.21831383135201032,-0.48418503683298725,1.0820819273440667,-0.395697447631425,-0.579504646141257,1.0811165298215213,-0.3552655235637277,0.5561070751274192,-0.17526681505929956
5084ee8f4e81,102,abc,/api/user/abc/details,GET,401,25,2.099175,0,0,/api/user/abc/details,0,/api/user/abc/details,0,none,0,0,0,0,-1.0,0,29,2,0,client_error,0,1,0,0,3.258096538021482,tiny,1.1311359470402274,0,0,0,1,1,0,0,23,2,0,0,10,1,0,False,True,False,False,0,0,0,0,0,0.21831383135201032,-0.48418503683298725,0.5526346002478574,-0.7938609228125153,-0.579504646141257,0.5547578250203874,-0.3552655235637277,0.5561070751274192,-0.17526681505929956
3797746b327d,102,xyz,/api/user/xyz/details,GET,401,25,2.103856,0,0,/api/user/xyz/details,0,/api/user/xyz/details,0,none,0,0,0,0,-1.0,0,29,2,0,client_error,0,1,0,0,3.258096538021482,tiny,1.1326452094922643,1,0,0,1,1,0,0,23,2,0,0,11,1,0,False,True,False,False,0,0,0,0,0,0.21831383135201032,-0.48418503683298725,0.7785340568276974,-0.7938609228125153,-0.579504646141257,0.7795669972558348,-0.3552655235637277,0.5561070751274192,-0.17526681505929956
c98045fee45e,102,../../../etc/passwd,/api/user/../../../etc/passwd/details,POST,404,31,2.034426,0,0,/api/user/../../../etc/passwd/details,0,/api/user/../../../etc/passwd/details,0,none,0,0,0,0,-1.0,0,29,2,0,client_error,0,0,0,1,3.4657359027997265,tiny,1.1100222797713457,0,0,0,3,0,1,0,23,2,0,0,8,1,1,False,False,True,False,0,0,0,0,0,0.2795627940338063,-0.3474850588856568,-2.5720746315589267,-0.7938609228125153,-0.23480008126296797,-2.5901862866984,2.8147960713126134,0.5561070751274192,-0.17526681505929956
c6f87d95eb7a,102,' OR '1'='1,/api/user/' OR '1'='1/details,POST,405,153,2.056415,0,0,/api/user/' OR '1'='1/details,0,/api/user/' OR '1'='1/details,0,none,0,0,0,0,-1.0,0,29,2,0,client_error,0,0,0,0,5.0369526024136295,small,1.1172426605138213,0,0,0,3,0,1,0,23,2,0,0,6,1,1,False,False,False,True,0,0,0,0,0,0.29997911492773827,2.4320811593767298,-1.510911813628155,-0.7938609228125153,2.373595341966813,-1.5146889033573294,2.8147960713126134,0.5561070751274192,-0.17526681505929956
0872ddedf27b,102,101,/profile?uid=101,GET,200,64,2.088055,1,1,/profile?{},1,/profile?,1,numeric,1,0,0,0,1.0,0,29,2,0,success,1,0,0,0,4.174387269895637,tiny,1.127541442884747,0,1,1,1,1,0,0,23,2,0,0,26,2,0,True,False,False,False,0,1,1,0,0,-3.885366668328318,0.40436481982466094,0.015996711513048514,-0.7861295931973484,0.9416404333094139,0.019345642268612004,-0.3552655235637277,0.5561070751274192,-0.17526681505929956
7ed6cddb130e,102,103,/profile?uid=103,GET,200,67,2.107764,1,1,/profile?{},1,/profile?,1,numeric,1,0,0,0,1.0,0,29,2,0,success,1,0,0,0,4.219507705176107,tiny,1.1339034965464059,1,1,1,1,1,0,0,23,2,0,0,26,2,0,True,False,False,False,0,1,1,0,0,-3.885366668328318,0.47271480879832617,0.9671294587319892,-0.7861295931973484,1.0165454014838449,0.9669926306798692,-0.3552655235637277,0.5561070751274192,-0.17526681505929956
9d30123994cb,102,104,/profile?uid=104,GET,404,30,2.089227,0,0,/profile?{},1,/profile?,1,numeric,1,0,0,0,2.0,0,29,2,0,client_error,0,0,0,1,3.4339872044851463,tiny,1.1279208978016708,0,0,0,1,1,0,0,23,2,0,0,26,2,0,False,False,True,False,0,0,0,0,0,0.2795627940338063,-0.37026838854354516,0.07255602856315586,-0.7822639283897651,-0.2875064707747419,0.0758665910666039,-0.3552655235637277,0.5561070751274192,-0.17526681505929956
ab57ead50f1a,102,105,/profile?uid=105,GET,404,30,2.08124,0,0,/profile?{},1,/profile?,1,numeric,1,0,0,0,3.0,0,29,2,0,client_error,0,0,0,1,3.4339872044851463,tiny,1.1253321133674914,0,0,0,1,1,0,0,23,2,0,0,26,2,0,False,False,True,False,0,0,0,0,0,0.2795627940338063,-0.37026838854354516,-0.31288703054881034,-0.7783982635821817,-0.2875064707747419,-0.30974062056078117,-0.3552655235637277,0.5561070751274192,-0.17526681505929956
c18aaf6356c7,102,201,/profile?uid=201,GET,404,30,2.07816,0,0,/profile?{},1,/profile?,1,numeric,1,0,0,0,99.0,0,29,2,0,client_error,0,0,0,1,3.4339872044851463,tiny,1.124332015872048,0,0,0,1,1,0,0,23,2,0,0,26,2,0,False,False,True,False,0,0,0,0,0,0.2795627940338063,-0.37026838854354516,-0.46152414361566096,-0.4072944420541752,-0.2875064707747419,-0.45870814426875434,-0.3552655235637277,0.5561070751274192,-0.17526681505929956
73d23df48f0a,102,203,/profile?uid=203,GET,404,30,2.07575,0,0,/profile?{},1,/profile?,1,numeric,1,0,0,0,101.0,0,29,2,0,client_error,0,0,0,1,3.4339872044851463,tiny,1.1235487739581413,0,0,0,1,1,0,0,23,2,0,0,26,2,0,False,False,True,False,0,0,0,0,0,0.2795627940338063,-0.37026838854354516,-0.5778278587101602,-0.3995631124390084,-0.2875064707747419,-0.575374378221516,-0.3552655235637277,0.5561070751274192,-0.17526681505929956
56ed6ba9bcfc,102,204,/profile?uid=204,GET,404,30,2.066062,0,0,/profile?{},1,/profile?,1,numeric,1,0,0,0,102.0,0,29,2,0,client_error,0,0,0,1,3.4339872044851463,tiny,1.1203940020325098,0,0,0,1,1,0,0,23,2,0,0,26,2,0,False,False,True,False,0,0,0,0,0,0.2795627940338063,-0.37026838854354516,-1.045359141629504,-0.395697447631425,-0.2875064707747419,-1.045287125494629,-0.3552655235637277,0.5561070751274192,-0.17526681505929956
e296fc5679b6,102,205,/profile?uid=205,GET,404,30,2.062116,0,0,/profile?{},1,/profile?,1,numeric,1,0,0,0,103.0,0,29,2,0,client_error,0,0,0,1,3.4339872044851463,tiny,1.1191061802540416,0,0,0,1,1,0,0,23,2,0,0,26,2,0,False,False,True,False,0,0,0,0,0,0.2795627940338063,-0.37026838854354516,-1.2357883780456587,-0.3918317828238416,-0.2875064707747419,-1.2371120447546793,-0.3552655235637277,0.5561070751274192,-0.17526681505929956
3c6ffe74d731,102,301,/profile?uid=301,GET,404,30,2.075799,0,0,/profile?{},1,/profile?,1,numeric,1,0,0,0,199.0,0,29,2,0,client_error,0,0,0,1,3.4339872044851463,tiny,1.1235647049049649,0,0,0,1,1,0,0,23,2,0,0,26,2,0,False,False,True,False,0,0,0,0,0,0.2795627940338063,-0.37026838854354516,-0.5754631773659274,-0.02072796129583512,-0.2875064707747419,-0.5730014158759109,-0.3552655235637277,0.5561070751274192,-0.17526681505929956
3bd7029e9157,102,303,/profile?uid=303,GET,404,30,2.068263,0,0,/profile?{},1,/profile?,1,numeric,1,0,0,0,201.0,0,29,2,0,client_error,0,0,0,1,3.4339872044851463,tiny,1.1211116034293875,0,0,0,1,1,0,0,23,2,0,0,26,2,0,False,False,True,False,0,0,0,0,0,0.2795627940338063,-0.37026838854354516,-0.93914151635025,-0.012996631680668318,-0.2875064707747419,-0.9383982435713103,-0.3552655235637277,0.5561070751274192,-0.17526681505929956
a4e2b605e1fa,102,304,/profile?uid=304,GET,404,30,2.107827,0,0,/profile?{},1,/profile?,1,numeric,1,0,0,0,202.0,0,29,2,0,client_error,0,0,0,1,3.4339872044851463,tiny,1.1339237681505068,1,0,0,1,1,0,0,23,2,0,0,26,2,0,False,False,True,False,0,0,0,0,0,0.2795627940338063,-0.37026838854354516,0.9701697633174436,-0.009130966873084918,-0.2875064707747419,0.9700121469552901,-0.3552655235637277,0.5561070751274192,-0.17526681505929956
79d34a76887e,102,305,/profile?uid=305,GET,404,30,2.107228,0,0,/profile?{},1,/profile?,1,numeric,1,0,0,0,203.0,0,29,2,0,client_error,0,0,0,1,3.4339872044851463,tiny,1.1337310104027942,1,0,0,1,1,0,0,23,2,0,0,26,2,0,False,False,True,False,0,0,0,0,0,0.2795627940338063,-0.37026838854354516,0.9412627403541296,-0.005265302065501518,-0.2875064707747419,0.9413003018770921,-0.3552655235637277,0.5561070751274192,-0.17526681505929956
59dd4fb2fa99,102,401,/profile?uid=401,GET,404,30,2.094257,0,0,/profile?{},1,/profile?,1,numeric,1,0,0,0,299.0,0,29,2,0,client_error,0,0,0,1,3.4339872044851463,tiny,1.1295478126960805,0,0,0,1,1,0,0,23,2,0,0,26,2,0,False,False,True,False,0,0,0,0,0,0.2795627940338063,-0.37026838854354516,0.3152978073703503,0.36583851946250495,-0.2875064707747419,0.3182004477236322,-0.3552655235637277,0.5561070751274192,-0.17526681505929956
9a62162d61a9,102,402,/profile?uid=402,GET,404,30,2.072955,0,0,/profile?{},1,/profile?,1,numeric,1,0,0,0,300.0,0,29,2,0,client_error,0,0,0,1,3.4339872044851463,tiny,1.1226396393704479,0,0,0,1,1,0,0,23,2,0,0,26,2,0,False,False,True,False,0,0,0,0,0,0.2795627940338063,-0.37026838854354516,-0.71271121293804,0.3697041842700884,-0.2875064707747419,-0.7107927037977887,-0.3552655235637277,0.5561070751274192,-0.17526681505929956
4d911c6494a1,102,403,/profile?uid=403,GET,404,30,2.074982,0,0,/profile?{},1,/profile?,1,numeric,1,0,0,0,301.0,0,29,2,0,client_error,0,0,0,1,3.4339872044851463,tiny,1.1232990475828117,0,0,0,1,1,0,0,23,2,0,0,26,2,0,False,False,True,False,0,0,0,0,0,0.2795627940338063,-0.37026838854354516,-0.6148906193709986,0.37356984907767177,-0.2875064707747419,-0.6125718713728477,-0.3552655235637277,0.5561070751274192,-0.17526681505929956
1ae3dbc19875,102,404,/profile?uid=404,GET,404,30,2.099991,0,0,/profile?{},1,/profile?,1,numeric,1,0,0,0,302.0,0,29,2,0,client_error,0,0,0,1,3.4339872044851463,tiny,1.1313992082610798,0,0,0,1,1,0,0,23,2,0,0,26,2,0,False,False,True,False,0,0,0,0,0,0.2795627940338063,-0.37026838854354516,0.5920137834499996,0.37743551388525515,-0.2875064707747419,0.5939713740367601,-0.3552655235637277,0.5561070751274192,-0.17526681505929956
19c9e18024a8,102,405,/profile?uid=405,GET,404,30,2.089154,0,0,/profile?{},1,/profile?,1,numeric,1,0,0,0,303.0,0,29,2,0,client_error,0,0,0,1,3.4339872044851463,tiny,1.1278972670155463,0,0,0,1,1,0,0,23,2,0,0,26,2,0,False,False,True,False,0,0,0,0,0,0.2795627940338063,-0.37026838854354516,0.06903313594826044,0.3813011786928386,-0.2875064707747419,0.0723467145462788,-0.3552655235637277,0.5561070751274192,-0.17526681505929956
94b531686505,102,999,/profile?uid=999,GET,404,30,2.10285,0,0,/profile?{},1,/profile?,1,numeric,1,0,0,0,897.0,0,29,2,0,client_error,0,0,0,1,3.4339872044851463,tiny,1.132321043981989,1,0,0,1,1,0,0,23,2,0,0,26,2,0,False,False,True,False,0,0,0,0,0,0.2795627940338063,-0.37026838854354516,0.7299857010662628,2.6775060743973786,-0.2875064707747419,0.7312815715275892,-0.3552655235637277,0.5561070751274192,-0.17526681505929956
a3f6ce56f16a,102,1000,/profile?uid=1000,GET,404,30,2.061916,0,0,/profile?{},1,/profile?,1,numeric,1,0,0,0,898.0,0,29,2,0,client_error,0,0,0,1,3.4339872044851463,tiny,1.119040863808905,0,0,0,1,1,0,0,23,2,0,0,26,2,0,False,False,True,False,0,0,0,0,0,0.2795627940338063,-0.37026838854354516,-1.2454401386344136,2.681371739204962,-0.2875064707747419,-1.2468411253030527,-0.3552655235637277,0.5561070751274192,-0.17526681505929956
904b416cd57b,102,1001,/profile?uid=1001,GET,404,30,2.113288,0,0,/profile?{},1,/profile?,1,numeric,1,0,0,0,899.0,0,29,2,0,client_error,0,0,0,1,3.4339872044851463,tiny,1.1356794024387915,1,0,0,1,1,0,0,23,2,0,0,26,2,0,False,False,True,False,0,0,0,0,0,0.2795627940338063,-0.37026838854354516,1.2337110861934213,2.6852374040125455,-0.2875064707747419,1.231519143677283,-0.3552655235637277,0.5561070751274192,-0.17526681505929956
f2d0b79cda94,102,-1,/profile?uid=-1,GET,404,30,2.114812,0,0,/profile?{},1,/profile?,1,alphanumeric,0,0,1,0,103.0,0,29,2,0,client_error,0,0,0,1,3.4339872044851463,tiny,1.136168797288077,1,0,0,1,1,0,0,23,2,0,0,26,0,0,False,False,True,False,0,0,0,0,0,0.2795627940338063,-0.37026838854354516,1.307257501879756,-0.3918317828238416,-0.2875064707747419,1.3044159753818452,-0.3552655235637277,0.5561070751274192,-0.17526681505929956
a79f0b75f8bb,102,0,/profile?uid=0,GET,404,30,2.127422,0,0,/profile?{},1,/profile?,1,numeric,1,0,0,0,102.0,0,29,2,0,client_error,0,0,0,1,3.4339872044851463,tiny,1.1402090229999593,1,0,0,1,1,0,0,23,2,0,0,26,2,0,False,False,True,False,0,0,0,0,0,0.2795627940338063,-0.37026838854354516,1.9158010070008176,-0.395697447631425,-0.2875064707747419,1.9062197217791539,-0.3552655235637277,0.5561070751274192,-0.17526681505929956
66fd07ae24c7,102,abc,/profile?uid=abc,GET,404,30,2.07163,0,0,/profile?{},1,/profile?,1,alphanumeric,0,0,1,0,-1.0,0,29,2,0,client_error,0,0,0,1,3.4339872044851463,tiny,1.1222083653232868,0,0,0,1,1,0,0,23,2,0,0,26,0,0,False,False,True,False,0,0,0,0,0,0.2795627940338063,-0.37026838854354516,-0.776654126838549,-0.7938609228125153,-0.2875064707747419,-0.7750322675781299,-0.3552655235637277,0.5561070751274192,-0.17526681505929956
44e6206d58df,102,xyz,/profile?uid=xyz,GET,404,30,2.0848,0,0,/profile?{},1,/profile?,1,alphanumeric,0,0,1,0,-1.0,0,29,2,0,client_error,0,0,0,1,3.4339872044851463,tiny,1.1264868254340894,0,0,0,1,1,0,0,23,2,0,0,26,0,0,False,False,True,False,0,0,0,0,0,0.2795627940338063,-0.37026838854354516,-0.14108569206896526,-0.7938609228125153,-0.2875064707747419,-0.13774279240847695,-0.3552655235637277,0.5561070751274192,-0.17526681505929956
82187f578957,102,../../../etc/passwd,/profile?uid=../../../etc/passwd,GET,404,30,2.084263,0,0,/profile?{},1,/profile?,1,other,0,0,0,0,-1.0,0,29,2,0,client_error,0,0,0,1,3.4339872044851463,tiny,1.1263127309236731,0,0,0,1,1,0,0,23,2,0,0,26,3,0,False,False,True,False,0,0,0,0,0,0.2795627940338063,-0.37026838854354516,-0.16700066924977539,-0.7938609228125153,-0.2875064707747419,-0.16367469227426662,-0.3552655235637277,0.5561070751274192,-0.17526681505929956
3c0481a4cc20,102,' OR '1'='1,/profile?uid=' OR '1'='1,GET,404,30,2.097727,0,0,/profile?{},1,/profile?,1,other,0,0,0,0,-1.0,0,29,2,0,client_error,0,0,0,1,3.4339872044851463,tiny,1.1306686167431361,0,0,0,1,1,0,0,23,2,0,0,26,3,0,False,False,True,False,0,0,0,0,0,0.2795627940338063,-0.37026838854354516,0.4827558535852696,-0.7938609228125153,-0.2875064707747419,0.4851475745912255,-0.3552655235637277,0.5561070751274192,-0.17526681505929956
0878352fb9a4,102,101,/invoice?id=101,GET,404,30,2.097901,0,0,/invoice?{},1,/invoice?,1,numeric,1,0,0,0,1.0,0,29,2,0,client_error,0,0,0,1,3.4339872044851463,tiny,1.1307247853833595,0,0,0,1,1,0,0,23,2,0,0,13,2,0,False,False,True,False,0,0,0,0,0,0.2795627940338063,-0.37026838854354516,0.4911528852974823,-0.7861295931973484,-0.2875064707747419,0.4935140621409358,-0.3552655235637277,0.5561070751274192,-0.17526681505929956
b6872b91ff56,102,103,/invoice?id=103,GET,404,30,2.101226,0,0,/invoice?{},1,/invoice?,1,numeric,1,0,0,0,1.0,0,29,2,0,client_error,0,0,0,1,3.4339872044851463,tiny,1.131797517178935,0,0,0,1,1,0,0,23,2,0,0,13,2,0,False,False,True,False,0,0,0,0,0,0.2795627940338063,-0.37026838854354516,0.6516134050855613,-0.7861295931973484,-0.2875064707747419,0.6533006828631812,-0.3552655235637277,0.5561070751274192,-0.17526681505929956
eff7e75b6e77,102,104,/invoice?id=104,GET,404,30,2.083642,0,0,/invoice?{},1,/invoice?,1,numeric,1,0,0,0,2.0,0,29,2,0,client_error,0,0,0,1,3.4339872044851463,tiny,1.12611136595385,0,0,0,1,1,0,0,23,2,0,0,13,2,0,False,False,True,False,0,0,0,0,0,0.2795627940338063,-0.37026838854354516,-0.19696938587785098,-0.7822639283897651,-0.2875064707747419,-0.19366860892014942,-0.3552655235637277,0.5561070751274192,-0.17526681505929956
a2fd6a14bb6b,102,105,/invoice?id=105,GET,404,30,2.086229,0,0,/invoice?{},1,/invoice?,1,numeric,1,0,0,0,3.0,0,29,2,0,client_error,0,0,0,1,3.4339872044851463,tiny,1.1269499572798618,0,0,0,1,1,0,0,23,2,0,0,13,2,0,False,False,True,False,0,0,0,0,0,0.2795627940338063,-0.37026838854354516,-0.07212386266230887,-0.7783982635821817,-0.2875064707747419,-0.06875791390477591,-0.3552655235637277,0.5561070751274192,-0.17526681505929956
4de82ec9263c,102,201,/invoice?id=201,GET,404,30,2.079644,0,0,/invoice?{},1,/invoice?,1,numeric,1,0,0,0,99.0,0,29,2,0,client_error,0,0,0,1,3.4339872044851463,tiny,1.1248140058895053,0,0,0,1,1,0,0,23,2,0,0,13,2,0,False,False,True,False,0,0,0,0,0,0.2795627940338063,-0.37026838854354516,-0.38990808004709,-0.4072944420541752,-0.2875064707747419,-0.3869142844903689,-0.3552655235637277,0.5561070751274192,-0.17526681505929956
a169af1cd91d,102,203,/invoice?id=203,GET,404,30,2.086359,0,0,/invoice?{},1,/invoice?,1,numeric,1,0,0,0,101.0,0,29,2,0,client_error,0,0,0,1,3.4339872044851463,tiny,1.1269920789960752,0,0,0,1,1,0,0,23,2,0,0,13,2,0,False,False,True,False,0,0,0,0,0,0.2795627940338063,-0.37026838854354516,-0.06585021827961929,-0.3995631124390084,-0.2875064707747419,-0.06248375784775821,-0.3552655235637277,0.5561070751274192,-0.17526681505929956
597c153d2379,102,204,/invoice?id=204,GET,404,30,2.10829,0,0,/invoice?{},1,/invoice?,1,numeric,1,0,0,0,102.0,0,29,2,0,client_error,0,0,0,1,3.4339872044851463,tiny,1.134072735745826,1,0,0,1,1,0,0,23,2,0,0,13,2,0,False,False,True,False,0,0,0,0,0,0.2795627940338063,-0.37026838854354516,0.9925135890804293,-0.395697447631425,-0.2875064707747419,0.9922013173997176,-0.3552655235637277,0.5561070751274192,-0.17526681505929956
576241677ceb,102,205,/invoice?id=205,GET,404,30,2.110718,0,0,/invoice?{},1,/invoice?,1,numeric,1,0,0,0,103.0,0,29,2,0,client_error,0,0,0,1,3.4339872044851463,tiny,1.134853567712391,1,0,0,1,1,0,0,23,2,0,0,13,2,0,False,False,True,False,0,0,0,0,0,0.2795627940338063,-0.37026838854354516,1.1096859626279094,-0.3918317828238416,-0.2875064707747419,1.1085085824625527,-0.3552655235637277,0.5561070751274192,-0.17526681505929956
87e709d658af,102,301,/invoice?id=301,GET,200,85,2.060531,0,0,/invoice?{},1,/invoice?,1,numeric,1,0,0,0,199.0,0,29,2,0,success,1,0,0,0,4.454347296253507,tiny,1.1185884303215674,0,0,0,1,1,0,0,23,2,0,0,13,2,0,True,False,False,False,0,1,0,0,1,-3.885366668328318,0.8828147426403177,-1.312278580711547,-0.02072796129583512,1.4064053836937898,-1.314232451207113,-0.3552655235637277,0.5561070751274192,-0.17526681505929956
83e0069dda0b,102,303,/invoice?id=303,GET,200,84,2.069098,0,0,/invoice?{},1,/invoice?,1,numeric,1,0,0,0,201.0,0,29,2,0,success,1,0,0,0,4.442651256490317,tiny,1.121383707353257,0,0,0,1,1,0,0,23,2,0,0,13,2,0,True,False,False,False,0,1,0,0,1,-3.885366668328318,0.8600314129824292,-0.8988454158921979,-0.012996631680668318,1.386988649773054,-0.8978675473994331,-0.3552655235637277,0.5561070751274192,-0.17526681505929956
f7c563fdf69b,102,304,/invoice?id=304,GET,404,30,2.073444,0,0,/invoice?{},1,/invoice?,1,numeric,1,0,0,0,202.0,0,29,2,0,client_error,0,0,0,1,3.4339872044851463,tiny,1.1227987569288855,0,0,0,1,1,0,0,23,2,0,0,13,2,0,False,False,True,False,0,0,0,0,0,0.2795627940338063,-0.37026838854354516,-0.6891126582985336,-0.009130966873084918,-0.2875064707747419,-0.6870916658820704,-0.3552655235637277,0.5561070751274192,-0.17526681505929956
a344a9e6f5d7,102,305,/invoice?id=305,GET,404,30,2.104178,0,0,/invoice?{},1,/invoice?,1,numeric,1,0,0,0,203.0,0,29,2,0,client_error,0,0,0,1,3.4339872044851463,tiny,1.1327489460376148,1,0,0,1,1,0,0,23,2,0,0,13,2,0,False,False,True,False,0,0,0,0,0,0.2795627940338063,-0.37026838854354516,0.794073391375602,-0.005265302065501518,-0.2875064707747419,0.7950188670478151,-0.3552655235637277,0.5561070751274192,-0.17526681505929956
0f61d13c7374,102,401,/invoice?id=401,GET,404,30,2.077584,0,0,/invoice?{},1,/invoice?,1,numeric,1,0,0,0,299.0,0,29,2,0,client_error,0,0,0,1,3.4339872044851463,tiny,1.1241448735861825,0,0,0,1,1,0,0,23,2,0,0,13,2,0,False,False,True,False,0,0,0,0,0,0.2795627940338063,-0.37026838854354516,-0.4893212141112844,0.36583851946250495,-0.2875064707747419,-0.4865835494501955,-0.3552655235637277,0.5561070751274192,-0.17526681505929956
bb183d7fa9ba,102,402,/invoice?id=402,GET,404,30,2.065161,0,0,/invoice?{},1,/invoice?,1,numeric,1,0,0,0,300.0,0,29,2,0,client_error,0,0,0,1,3.4339872044851463,tiny,1.1201000965567227,0,0,0,1,1,0,0,23,2,0,0,13,2,0,False,False,True,False,0,0,0,0,0,0.2795627940338063,-0.37026838854354516,-1.0888403230818622,0.3697041842700884,-0.2875064707747419,-1.0890652282613094,-0.3552655235637277,0.5561070751274192,-0.17526681505929956
08be05aec65a,102,403,/invoice?id=403,GET,404,30,2.09423,0,0,/invoice?{},1,/invoice?,1,numeric,1,0,0,0,301.0,0,29,2,0,client_error,0,0,0,1,3.4339872044851463,tiny,1.1295390868152633,0,0,0,1,1,0,0,23,2,0,0,13,2,0,False,False,True,False,0,0,0,0,0,0.2795627940338063,-0.37026838854354516,0.31399481969087895,0.37356984907767177,-0.2875064707747419,0.31690070158544315,-0.3552655235637277,0.5561070751274192,-0.17526681505929956
d7e053c0d446,102,404,/invoice?id=404,GET,404,30,2.089256,0,0,/invoice?{},1,/invoice?,1,numeric,1,0,0,0,302.0,0,29,2,0,client_error,0,0,0,1,3.4339872044851463,tiny,1.1279302852192619,0,0,0,1,1,0,0,23,2,0,0,13,2,0,False,False,True,False,0,0,0,0,0,0.2795627940338063,-0.37026838854354516,0.07395553384850678,0.37743551388525515,-0.2875064707747419,0.07726487509283336,-0.3552655235637277,0.5561070751274192,-0.17526681505929956
01b1e2b7b08d,102,405,/invoice?id=405,GET,404,30,2.096538,0,0,/invoice?{},1,/invoice?,1,numeric,1,0,0,0,303.0,0,29,2,0,client_error,0,0,0,1,3.4339872044851463,tiny,1.1302847132405887,0,0,0,1,1,0,0,23,2,0,0,13,2,0,False,False,True,False,0,0,0,0,0,0.2795627940338063,-0.37026838854354516,0.4253761368851105,0.3813011786928386,-0.2875064707747419,0.4279639956122987,-0.3552655235637277,0.5561070751274192,-0.17526681505929956
8cda2e62cf5c,102,999,/invoice?id=999,GET,404,30,2.084117,0,0,/invoice?{},1,/invoice?,1,numeric,1,0,0,0,897.0,0,29,2,0,client_error,0,0,0,1,3.4339872044851463,tiny,1.1262653927246558,0,0,0,1,1,0,0,23,2,0,0,13,2,0,False,False,True,False,0,0,0,0,0,0.2795627940338063,-0.37026838854354516,-0.1740464544795662,2.6775060743973786,-0.2875064707747419,-0.17072585910204258,-0.3552655235637277,0.5561070751274192,-0.17526681505929956
e52d56283b6a,102,1000,/invoice?id=1000,GET,404,30,2.090245,0,0,/invoice?{},1,/invoice?,1,numeric,1,0,0,0,898.0,0,29,2,0,client_error,0,0,0,1,3.4339872044851463,tiny,1.1282503757924147,0,0,0,1,1,0,0,23,2,0,0,13,2,0,False,False,True,False,0,0,0,0,0,0.2795627940338063,-0.37026838854354516,0.12168348995991103,2.681371739204962,-0.2875064707747419,0.12494332670589985,-0.3552655235637277,0.5561070751274192,-0.17526681505929956
2a904348417d,102,1001,/invoice?id=1001,GET,404,30,2.101885,0,0,/invoice?{},1,/invoice?,1,numeric,1,0,0,0,899.0,0,29,2,0,client_error,0,0,0,1,3.4339872044851463,tiny,1.1320099912109098,0,0,0,1,1,0,0,23,2,0,0,13,2,0,False,False,True,False,0,0,0,0,0,0.2795627940338063,-0.37026838854354516,0.6834159562254997,2.6852374040125455,-0.2875064707747419,0.6849493276600715,-0.3552655235637277,0.5561070751274192,-0.17526681505929956
a738ef1fb629,102,-1,/invoice?id=-1,GET,404,30,2.062931,0,0,/invoice?{},1,/invoice?,1,alphanumeric,0,0,1,0,103.0,0,29,2,0,client_error,0,0,0,1,3.4339872044851463,tiny,1.119372300662525,0,0,0,1,1,0,0,23,2,0,0,13,0,0,False,False,True,False,0,0,0,0,0,0.2795627940338063,-0.37026838854354516,-1.1964574536464885,-0.3918317828238416,-0.2875064707747419,-1.1974726111589242,-0.3552655235637277,0.5561070751274192,-0.17526681505929956
17a6d299941c,102,0,/invoice?id=0,GET,404,30,2.065343,0,0,/invoice?{},1,/invoice?,1,numeric,1,0,0,0,102.0,0,29,2,0,client_error,0,0,0,1,3.4339872044851463,tiny,1.1201594717728725,0,0,0,1,1,0,0,23,2,0,0,13,2,0,False,False,True,False,0,0,0,0,0,0.2795627940338063,-0.37026838854354516,-1.0800572209460881,-0.395697447631425,-0.2875064707747419,-1.0802211116029323,-0.3552655235637277,0.5561070751274192,-0.17526681505929956
f0c48dd8421a,102,abc,/invoice?id=abc,GET,404,30,2.074503,0,0,/invoice?{},1,/invoice?,1,alphanumeric,0,0,1,0,-1.0,0,29,2,0,client_error,0,0,0,1,3.4339872044851463,tiny,1.123143262179329,0,0,0,1,1,0,0,23,2,0,0,13,0,0,False,False,True,False,0,0,0,0,0,0.2795627940338063,-0.37026838854354516,-0.6380065859810641,-0.7938609228125153,-0.2875064707747419,-0.6357765748066813,-0.3552655235637277,0.5561070751274192,-0.17526681505929956
f9814683f021,102,xyz,/invoice?id=xyz,GET,404,30,2.065004,0,0,/invoice?{},1,/invoice?,1,alphanumeric,0,0,1,0,-1.0,0,29,2,0,client_error,0,0,0,1,3.4339872044851463,tiny,1.1200488744444195,0,0,0,1,1,0,0,23,2,0,0,13,0,0,False,False,True,False,0,0,0,0,0,0.2795627940338063,-0.37026838854354516,-1.096416955144023,-0.7938609228125153,-0.2875064707747419,-1.0966949156304617,-0.3552655235637277,0.5561070751274192,-0.17526681505929956
3bedbc81b149,102,../../../etc/passwd,/invoice?id=../../../etc/passwd,GET,404,30,2.054007,0,0,/invoice?{},1,/invoice?,1,other,0,0,0,0,-1.0,0,29,2,0,client_error,0,0,0,1,3.4339872044851463,tiny,1.1164544988697798,0,0,0,1,1,0,0,23,2,0,0,13,3,0,False,False,True,False,0,0,0,0,0,0.2795627940338063,-0.37026838854354516,-1.6271190111167746,-0.7938609228125153,-0.2875064707747419,-1.6320879458800923,-0.3552655235637277,0.5561070751274192,-0.17526681505929956
a5fbe132926f,102,' OR '1'='1,/invoice?id=' OR '1'='1,GET,404,30,2.084359,0,0,/invoice?{},1,/invoice?,1,other,0,0,0,0,-1.0,0,29,2,0,client_error,0,0,0,1,3.4339872044851463,tiny,1.1263438561895778,0,0,0,1,1,0,0,23,2,0,0,13,3,0,False,False,True,False,0,0,0,0,0,0.2795627940338063,-0.37026838854354516,-0.1623678241671679,-0.7938609228125153,-0.2875064707747419,-0.15903849049624633,-0.3552655235637277,0.5561070751274192,-0.17526681505929956
b173fc4e4741,102,101,/order/101/status,GET,401,25,2.083578,0,0,/order/{}/status,1,/order//status,1,numeric,1,0,0,0,1.0,0,29,2,0,client_error,0,1,0,0,3.258096538021482,tiny,1.1260906110594235,0,0,0,1,1,0,0,23,2,0,0,23,2,0,False,True,False,False,0,0,0,0,0,0.21831383135201032,-0.48418503683298725,-0.20005794926625595,-0.7861295931973484,-0.579504646141257,-0.19676011274014,-0.3552655235637277,0.5561070751274192,-0.17526681505929956
8ec87ddd26c9,102,103,/order/103/status,GET,401,25,2.106244,0,0,/order/{}/status,1,/order//status,1,numeric,1,0,0,0,1.0,0,29,2,0,client_error,0,1,0,0,3.258096538021482,tiny,1.133414279271399,1,0,0,1,1,0,0,23,2,0,0,23,2,0,False,True,False,False,0,0,0,0,0,0.21831383135201032,-0.48418503683298725,0.8937760782574351,-0.7861295931973484,-0.579504646141257,0.8941222491970906,-0.3552655235637277,0.5561070751274192,-0.17526681505929956
8f93a34f66ee,102,104,/order/104/status,GET,401,25,2.112499,0,0,/order/{}/status,1,/order//status,1,numeric,1,0,0,0,2.0,0,29,2,0,client_error,0,1,0,0,3.258096538021482,tiny,1.135425940505634,1,0,0,1,1,0,0,23,2,0,0,23,2,0,False,True,False,False,0,0,0,0,0,0.21831383135201032,-0.48418503683298725,1.1956348906707932,-0.7822639283897651,-0.579504646141257,1.1937652279753161,-0.3552655235637277,0.5561070751274192,-0.17526681505929956
b38e975b83c8,102,105,/order/105/status,GET,401,25,2.089148,0,0,/order/{}/status,1,/order//status,1,numeric,1,0,0,0,3.0,0,29,2,0,client_error,0,1,0,0,3.258096538021482,tiny,1.1278953247343175,0,0,0,1,1,0,0,23,2,0,0,23,2,0,False,True,False,False,0,0,0,0,0,0.21831383135201032,-0.48418503683298725,0.06874358313057873,-0.7783982635821817,-0.579504646141257,0.07205740592756106,-0.3552655235637277,0.5561070751274192,-0.17526681505929956
ceb17650d020,102,201,/order/201/status,GET,401,25,2.084313,0,0,/order/{}/status,1,/order//status,1,numeric,1,0,0,0,99.0,0,29,2,0,client_error,0,1,0,0,3.258096538021482,tiny,1.1263289421205525,0,0,0,1,1,0,0,23,2,0,0,23,2,0,False,True,False,False,0,0,0,0,0,0.21831383135201032,-0.48418503683298725,-0.164587729102592,-0.4072944420541752,-0.579504646141257,-0.16125998584168405,-0.3552655235637277,0.5561070751274192,-0.17526681505929956
f022966c3767,102,203,/order/203/status,GET,401,25,2.11036,0,0,/order/{}/status,1,/order//status,1,numeric,1,0,0,0,101.0,0,29,2,0,client_error,0,1,0,0,3.258096538021482,tiny,1.1347384751189868,1,0,0,1,1,0,0,23,2,0,0,23,2,0,False,True,False,False,0,0,0,0,0,0.21831383135201032,-0.48418503683298725,1.0924093111740432,-0.3995631124390084,-0.579504646141257,1.0913651952281487,-0.3552655235637277,0.5561070751274192,-0.17526681505929956
a13c78ee853e,102,204,/order/204/status,GET,401,25,2.09698,0,0,/order/{}/status,1,/order//status,1,numeric,1,0,0,0,102.0,0,29,2,0,client_error,0,1,0,0,3.258096538021482,tiny,1.130427443107766,0,0,0,1,1,0,0,23,2,0,0,23,2,0,False,True,False,False,0,0,0,0,0,0.21831383135201032,-0.48418503683298725,0.4467065277862637,-0.395697447631425,-0.579504646141257,0.4492240377276588,-0.3552655235637277,0.5561070751274192,-0.17526681505929956
29ea3a75dcaf,102,205,/order/205/status,GET,401,25,2.084368,0,0,/order/{}/status,1,/order//status,1,numeric,1,0,0,0,103.0,0,29,2,0,client_error,0,1,0,0,3.258096538021482,tiny,1.126346774133588,0,0,0,1,1,0,0,23,2,0,0,23,2,0,False,True,False,False,0,0,0,0,0,0.21831383135201032,-0.48418503683298725,-0.16193349494067746,-0.3918317828238416,-0.579504646141257,-0.1586038539778092,-0.3552655235637277,0.5561070751274192,-0.17526681505929956
f76b1e2389b3,102,301,/order/301/status,GET,401,25,2.085632,0,0,/order/{}/status,1,/order//status,1,numeric,1,0,0,0,199.0,0,29,2,0,client_error,0,1,0,0,3.258096538021482,tiny,1.1267564986125775,0,0,0,1,1,0,0,23,2,0,0,23,2,0,False,True,False,False,0,0,0,0,0,0.21831383135201032,-0.48418503683298725,-0.10093436801974331,-0.02072796129583512,-0.579504646141257,-0.09757416305696945,-0.3552655235637277,0.5561070751274192,-0.17526681505929956
b47f6d4298af,102,303,/order/303/status,GET,401,25,2.093805,0,0,/order/{}/status,1,/order//status,1,numeric,1,0,0,0,201.0,0,29,2,0,client_error,0,1,0,0,3.258096538021482,tiny,1.1294017249546184,0,0,0,1,1,0,0,23,2,0,0,23,2,0,False,True,False,False,0,0,0,0,0,0.21831383135201032,-0.48418503683298725,0.2934848284397776,-0.012996631680668318,-0.579504646141257,0.2964402401550213,-0.3552655235637277,0.5561070751274192,-0.17526681505929956
4b6765b0437c,102,304,/order/304/status,GET,401,25,2.054113,0,0,/order/{}/status,1,/order//status,1,numeric,1,0,0,0,202.0,0,29,2,0,client_error,0,1,0,0,3.258096538021482,tiny,1.1164892067668122,0,0,0,1,1,0,0,23,2,0,0,23,2,0,False,True,False,False,0,0,0,0,0,0.21831383135201032,-0.48418503683298725,-1.6220035780047262,-0.009130966873084918,-0.579504646141257,-1.6269181004424351,-0.3552655235637277,0.5561070751274192,-0.17526681505929956
ae7a416229a5,102,305,/order/305/status,GET,401,25,2.07717,0,0,/order/{}/status,1,/order//status,1,numeric,1,0,0,0,203.0,0,29,2,0,client_error,0,1,0,0,3.258096538021482,tiny,1.1240103434325406,0,0,0,1,1,0,0,23,2,0,0,23,2,0,False,True,False,False,0,0,0,0,0,0.21831383135201032,-0.48418503683298725,-0.5093003585299943,-0.005265302065501518,-0.579504646141257,-0.5066222196232572,-0.3552655235637277,0.5561070751274192,-0.17526681505929956
e686443e8517,102,401,/order/401/status,GET,401,25,2.082487,0,0,/order/{}/status,1,/order//status,1,numeric,1,0,0,0,299.0,0,29,2,0,client_error,0,1,0,0,3.258096538021482,tiny,1.125736738691427,0,0,0,1,1,0,0,23,2,0,0,23,2,0,False,True,False,False,0,0,0,0,0,0.21831383135201032,-0.48418503683298725,-0.252708303277928,0.36583851946250495,-0.579504646141257,-0.2494704640901875,-0.3552655235637277,0.5561070751274192,-0.17526681505929956
2bef8054beb9,102,402,/order/402/status,GET,401,25,2.093404,0,0,/order/{}/status,1,/order//status,1,numeric,1,0,0,0,300.0,0,29,2,0,client_error,0,1,0,0,3.258096538021482,tiny,1.1292721026966466,0,0,0,1,1,0,0,23,2,0,0,23,2,0,False,True,False,False,0,0,0,0,0,0.21831383135201032,-0.48418503683298725,0.2741330484593173,0.3697041842700884,-0.579504646141257,0.2771326157729168,-0.3552655235637277,0.5561070751274192,-0.17526681505929956
037d225088a2,102,403,/order/403/status,GET,401,25,2.088272,0,0,/order/{}/status,1,/order//status,1,numeric,1,0,0,0,301.0,0,29,2,0,client_error,0,1,0,0,3.258096538021482,tiny,1.127611711185013,0,0,0,1,1,0,0,23,2,0,0,23,2,0,False,True,False,False,0,0,0,0,0,0.21831383135201032,-0.48418503683298725,0.026468871751833715,0.37356984907767177,-0.579504646141257,0.029812316501364025,-0.3552655235637277,0.5561070751274192,-0.17526681505929956
5e8bd4c5424f,102,404,/order/404/status,GET,401,25,2.09518,0,0,/order/{}/status,1,/order//status,1,numeric,1,0,0,0,302.0,0,29,2,0,client_error,0,1,0,0,3.258096538021482,tiny,1.1298460627653006,0,0,0,1,1,0,0,23,2,0,0,23,2,0,False,True,False,False,0,0,0,0,0,0.21831383135201032,-0.48418503683298725,0.3598406824874699,0.37743551388525515,-0.579504646141257,0.3626256907223228,-0.3552655235637277,0.5561070751274192,-0.17526681505929956
b2bd43c76681,102,405,/order/405/status,GET,401,25,2.124587,0,0,/order/{}/status,1,/order//status,1,numeric,1,0,0,0,303.0,0,29,2,0,client_error,0,1,0,0,3.258096538021482,tiny,1.1393021144544624,1,0,0,1,1,0,0,23,2,0,0,23,2,0,False,True,False,False,0,0,0,0,0,0.21831383135201032,-0.48418503683298725,1.7789873006551953,0.3813011786928386,-0.579504646141257,1.7711329718694577,-0.3552655235637277,0.5561070751274192,-0.17526681505929956
8ee008ed0f41,102,999,/order/999/status,GET,401,25,2.095109,0,0,/order/{}/status,1,/order//status,1,numeric,1,0,0,0,897.0,0,29,2,0,client_error,0,1,0,0,3.258096538021482,tiny,1.1298231236101164,0,0,0,1,1,0,0,23,2,0,0,23,2,0,False,True,False,False,0,0,0,0,0,0.21831383135201032,-0.48418503683298725,0.3564143074784541,2.6775060743973786,-0.579504646141257,0.3592088347064638,-0.3552655235637277,0.5561070751274192,-0.17526681505929956
5bd1946914ae,102,1000,/order/1000/status,GET,401,25,2.07514,0,0,/order/{}/status,1,/order//status,1,numeric,1,0,0,0,898.0,0,29,2,0,client_error,0,1,0,0,3.258096538021482,tiny,1.1233504286773772,0,0,0,1,1,0,0,23,2,0,0,23,2,0,False,True,False,False,0,0,0,0,0,0.21831383135201032,-0.48418503683298725,-0.6072657285058658,2.681371739204962,-0.579504646141257,-0.6049185031185538,-0.3552655235637277,0.5561070751274192,-0.17526681505929956
8568c134e145,102,1001,/order/1001/status,GET,401,25,2.107653,0,0,/order/{}/status,1,/order//status,1,numeric,1,0,0,0,899.0,0,29,2,0,client_error,0,1,0,0,3.258096538021482,tiny,1.133867778910723,1,0,0,1,1,0,0,23,2,0,0,23,2,0,False,True,False,False,0,0,0,0,0,0.21831383135201032,-0.48418503683298725,0.961772731605231,2.6852374040125455,-0.579504646141257,0.9616723816395253,-0.3552655235637277,0.5561070751274192,-0.17526681505929956
25017e55f4d3,102,-1,/order/-1/status,GET,401,25,2.086315,0,0,/order/-1/status,0,/order/-1/status,0,none,0,0,0,0,103.0,0,29,2,0,client_error,0,1,0,0,3.258096538021482,tiny,1.1269778226138327,0,0,0,1,1,0,0,23,2,0,0,21,1,0,False,True,False,False,0,0,0,0,0,0.21831383135201032,-0.48418503683298725,-0.06797360560914235,-0.3918317828238416,-0.579504646141257,-0.06460728877286952,-0.3552655235637277,0.5561070751274192,-0.17526681505929956
6051adc0b970,102,0,/order/0/status,GET,401,25,2.127798,0,0,/order/{}/status,1,/order//status,1,numeric,1,0,0,0,102.0,0,29,2,0,client_error,0,1,0,0,3.258096538021482,tiny,1.1403292425927003,1,0,0,1,1,0,0,23,2,0,0,23,2,0,False,True,False,False,0,0,0,0,0,0.21831383135201032,-0.48418503683298725,1.9339463169076647,-0.395697447631425,-0.579504646141257,1.9241267909533128,-0.3552655235637277,0.5561070751274192,-0.17526681505929956
d3583e8faaf4,102,abc,/order/abc/status,GET,401,25,2.094752,0,0,/order/abc/status,0,/order/abc/status,0,none,0,0,0,0,-1.0,0,29,2,0,client_error,0,1,0,0,3.258096538021482,tiny,1.1297077736853296,0,0,0,1,1,0,0,23,2,0,0,24,1,0,False,True,False,False,0,0,0,0,0,0.21831383135201032,-0.48418503683298725,0.33918591482753835,-0.7938609228125153,-0.579504646141257,0.3420271171902422,-0.3552655235637277,0.5561070751274192,-0.17526681505929956
afea1fcbe7f7,102,xyz,/order/xyz/status,GET,401,25,2.095679,0,0,/order/xyz/status,0,/order/xyz/status,0,none,0,0,0,0,-1.0,0,29,2,0,client_error,0,1,0,0,3.258096538021482,tiny,1.1300072681815703,0,0,0,1,1,0,0,23,2,0,0,25,1,0,False,True,False,False,0,0,0,0,0,0.21831383135201032,-0.48418503683298725,0.38392182515641726,-0.7938609228125153,-0.579504646141257,0.3866377213287516,-0.3552655235637277,0.5561070751274192,-0.17526681505929956
433337d03335,102,../../../etc/passwd,/order/../../../etc/passwd/status,GET,404,31,2.066689,0,0,/order/../../../etc/passwd/status,0,/order/../../../etc/passwd/status,0,none,0,0,0,0,-1.0,0,29,2,0,client_error,0,0,0,1,3.4657359027997265,tiny,1.1205984779690625,0,0,0,1,1,0,0,23,2,0,0,22,1,0,False,False,True,False,0,0,0,0,0,0.2795627940338063,-0.3474850588856568,-1.0151008721837467,-0.7938609228125153,-0.23480008126296797,-1.0148298210169082,-0.3552655235637277,0.5561070751274192,-0.17526681505929956
eba4c42bd963,102,' OR '1'='1,/order/' OR '1'='1/status,GET,401,25,2.076751,0,0,/order/' OR '1'='1/status,0,/order/' OR '1'='1/status,0,none,0,0,0,0,-1.0,0,29,2,0,client_error,0,1,0,0,3.258096538021482,tiny,1.1238741700885384,0,0,0,1,1,0,0,23,2,0,0,20,1,0,False,True,False,False,0,0,0,0,0,0.21831383135201032,-0.48418503683298725,-0.5295207969634569,-0.7938609228125153,-0.579504646141257,-0.5269056479324592,-0.3552655235637277,0.5561070751274192,-0.17526681505929956
32f0a94053bd,102,101,/document?doc_id=101,GET,404,31,2.082946,0,0,/document?{},1,/document?,1,numeric,1,0,0,0,1.0,0,29,2,0,client_error,0,0,0,1,3.4657359027997265,tiny,1.1258856333435459,0,0,0,1,1,0,0,23,2,0,0,12,2,0,False,False,True,False,0,0,0,0,0,0.2795627940338063,-0.3474850588856568,-0.23055751272672304,-0.7861295931973484,-0.23480008126296797,-0.22729215875439165,-0.3552655235637277,0.5561070751274192,-0.17526681505929956
0e472b1dd1e8,102,103,/document?doc_id=103,GET,404,31,2.102754,0,0,/document?{},1,/document?,1,numeric,1,0,0,0,1.0,0,29,2,0,client_error,0,0,0,1,3.4657359027997265,tiny,1.1322901042056166,1,0,0,1,1,0,0,23,2,0,0,12,2,0,False,False,True,False,0,0,0,0,0,0.2795627940338063,-0.3474850588856568,0.7253528559836553,-0.7861295931973484,-0.23480008126296797,0.726672998972128,-0.3552655235637277,0.5561070751274192,-0.17526681505929956
3633e7b68b85,102,104,/document?doc_id=104,GET,404,31,2.109906,0,0,/document?{},1,/document?,1,numeric,1,0,0,0,2.0,0,29,2,0,client_error,0,0,0,1,3.4657359027997265,tiny,1.1345925006539699,1,0,0,1,1,0,0,23,2,0,0,12,2,0,False,False,True,False,0,0,0,0,0,0.2795627940338063,-0.3474850588856568,1.0704998146375695,-0.7822639283897651,-0.23480008126296797,1.069621860526033,-0.3552655235637277,0.5561070751274192,-0.17526681505929956
cb98f0c1f285,102,105,/document?doc_id=105,GET,404,31,2.0908,0,0,/document?{},1,/document?,1,numeric,1,0,0,0,3.0,0,29,2,0,client_error,0,0,0,1,3.4657359027997265,tiny,1.1284299570772918,0,0,0,1,1,0,0,23,2,0,0,12,2,0,False,False,True,False,0,0,0,0,0,0.2795627940338063,-0.3474850588856568,0.14846712559372346,-0.7783982635821817,-0.23480008126296797,0.15169249809600527,-0.3552655235637277,0.5561070751274192,-0.17526681505929956
dd054d4b0a48,102,201,/document?doc_id=201,GET,200,104,2.129149,0,0,/document?{},1,/document?,1,numeric,1,0,0,0,99.0,0,29,2,0,success,1,0,0,0,4.653960350157523,small,1.1407610826006134,1,0,0,1,1,0,0,23,2,0,0,12,2,0,True,False,False,False,0,1,0,0,0,-3.885366668328318,1.3156980061401975,1.9991439596847158,-0.4072944420541752,1.7377853749757683,1.9884506562863844,-0.3552655235637277,0.5561070751274192,-0.17526681505929956
1aeaa5334376,102,203,/document?doc_id=203,GET,200,104,2.078624,0,0,/document?{},1,/document?,1,numeric,1,0,0,0,101.0,0,29,2,0,success,1,0,0,0,4.653960350157523,small,1.124482743914766,0,0,0,1,1,0,0,23,2,0,0,12,2,0,True,False,False,False,0,1,0,0,0,-3.885366668328318,1.3156980061401975,-0.4391320590497462,-0.3995631124390084,1.7377853749757683,-0.4362567499003551,-0.3552655235637277,0.5561070751274192,-0.17526681505929956
2a1ba1bf864b,102,204,/document?doc_id=204,GET,404,31,2.126859,0,0,/document?{},1,/document?,1,numeric,1,0,0,0,102.0,0,29,2,0,client_error,0,0,0,1,3.4657359027997265,tiny,1.140028986317399,1,0,0,1,1,0,0,23,2,0,0,12,2,0,False,False,True,False,0,0,0,0,0,0.2795627940338063,-0.3474850588856568,1.8886313009434652,-0.395697447631425,-0.23480008126296797,1.8794027175372527,-0.3552655235637277,0.5561070751274192,-0.17526681505929956
fefce7457718,102,205,/document?doc_id=205,GET,404,31,2.089263,0,0,/document?{},1,/document?,1,numeric,1,0,0,0,103.0,0,29,2,0,client_error,0,0,0,1,3.4657359027997265,tiny,1.1279325511344431,0,0,0,1,1,0,0,23,2,0,0,12,2,0,False,False,True,False,0,0,0,0,0,0.2795627940338063,-0.3474850588856568,0.07429334546911759,-0.3918317828238416,-0.23480008126296797,0.07760238996015714,-0.3552655235637277,0.5561070751274192,-0.17526681505929956
df39c6994129,102,301,/document?doc_id=301,GET,200,85,2.119557,0,0,/document?{},1,/document?,1,numeric,1,0,0,0,199.0,0,29,2,0,success,1,0,0,0,4.454347296253507,tiny,1.13769100456077,1,0,0,1,1,0,0,23,2,0,0,12,2,0,True,False,False,False,0,1,0,0,1,-3.885366668328318,0.8828147426403177,1.5362455218479796,-0.02072796129583512,1.4064053836937898,1.531153317507491,-0.3552655235637277,0.5561070751274192,-0.17526681505929956
ff601cfa34e1,102,303,/document?doc_id=303,GET,200,84,2.098263,0,0,/document?{},1,/document?,1,numeric,1,0,0,0,201.0,0,29,2,0,success,1,0,0,0,4.442651256490317,tiny,1.1308416318710937,0,0,0,1,1,0,0,23,2,0,0,12,2,0,True,False,False,False,0,1,0,0,1,-3.885366668328318,0.8600314129824292,0.5086225719631506,-0.012996631680668318,1.386988649773054,0.5109186972000518,-0.3552655235637277,0.5561070751274192,-0.17526681505929956
e2470a1de2e9,102,304,/document?doc_id=304,GET,404,31,2.095966,0,0,/document?{},1,/document?,1,numeric,1,0,0,0,202.0,0,29,2,0,client_error,0,0,0,1,3.4657359027997265,tiny,1.1300999737550343,0,0,0,1,1,0,0,23,2,0,0,12,2,0,False,False,True,False,0,0,0,0,0,0.2795627940338063,-0.3474850588856568,0.3977721016012892,-0.009130966873084918,-0.23480008126296797,0.400446494749136,-0.3552655235637277,0.5561070751274192,-0.17526681505929956
338abfa53770,102,305,/document?doc_id=305,GET,404,31,2.124217,0,0,/document?{},1,/document?,1,numeric,1,0,0,0,203.0,0,29,2,0,client_error,0,0,0,1,3.4657359027997265,tiny,1.1391836917929636,1,0,0,1,1,0,0,23,2,0,0,12,2,0,False,False,True,False,0,0,0,0,0,0.2795627940338063,-0.3474850588856568,1.7611315435659871,-0.005265302065501518,-0.23480008126296797,1.753493560997265,-0.3552655235637277,0.5561070751274192,-0.17526681505929956
f9fa086953ba,102,401,/document?doc_id=401,GET,404,31,2.093278,0,0,/document?{},1,/document?,1,numeric,1,0,0,0,299.0,0,29,2,0,client_error,0,0,0,1,3.4657359027997265,tiny,1.1292313700389742,0,0,0,1,1,0,0,23,2,0,0,12,2,0,False,False,True,False,0,0,0,0,0,0.2795627940338063,-0.3474850588856568,0.2680524392884084,0.36583851946250495,-0.23480008126296797,0.2710653641548091,-0.3552655235637277,0.5561070751274192,-0.17526681505929956
cfa4748f96da,102,402,/document?doc_id=402,GET,404,31,2.088471,0,0,/document?{},1,/document?,1,numeric,1,0,0,0,300.0,0,29,2,0,client_error,0,0,0,1,3.4657359027997265,tiny,1.127676146438372,0,0,0,1,1,0,0,23,2,0,0,12,2,0,False,False,True,False,0,0,0,0,0,0.2795627940338063,-0.3474850588856568,0.036072373537659484,0.3697041842700884,-0.23480008126296797,0.03941014088960201,-0.3552655235637277,0.5561070751274192,-0.17526681505929956
b5b2940ca458,102,403,/document?doc_id=403,GET,404,31,2.092655,0,0,/document?{},1,/document?,1,numeric,1,0,0,0,301.0,0,29,2,0,client_error,0,0,0,1,3.4657359027997265,tiny,1.129029945289593,0,0,0,1,1,0,0,23,2,0,0,12,2,0,False,False,True,False,0,0,0,0,0,0.2795627940338063,-0.3474850588856568,0.23798720505443174,0.37356984907767177,-0.23480008126296797,0.24106254316434006,-0.3552655235637277,0.5561070751274192,-0.17526681505929956
6dade594045e,102,404,/document?doc_id=404,GET,404,31,2.082896,0,0,/document?{},1,/document?,1,numeric,1,0,0,0,302.0,0,29,2,0,client_error,0,0,0,1,3.4657359027997265,tiny,1.125869414958449,0,0,0,1,1,0,0,23,2,0,0,12,2,0,False,False,True,False,0,0,0,0,0,0.2795627940338063,-0.3474850588856568,-0.2329704528739278,0.37743551388525515,-0.23480008126296797,-0.2297079358935575,-0.3552655235637277,0.5561070751274192,-0.17526681505929956
01de41db3ecb,102,405,/document?doc_id=405,GET,404,31,2.088718,0,0,/document?{},1,/document?,1,numeric,1,0,0,0,303.0,0,29,2,0,client_error,0,0,0,1,3.4657359027997265,tiny,1.1277561180889502,0,0,0,1,1,0,0,23,2,0,0,12,2,0,False,False,True,False,0,0,0,0,0,0.2795627940338063,-0.3474850588856568,0.04799229786476756,0.3813011786928386,-0.23480008126296797,0.05132215827565297,-0.3552655235637277,0.5561070751274192,-0.17526681505929956
5dc657c36664,102,999,/document?doc_id=999,GET,404,31,2.117463,0,0,/document?{},1,/document?,1,numeric,1,0,0,0,897.0,0,29,2,0,client_error,0,0,0,1,3.4657359027997265,tiny,1.137019530017261,1,0,0,1,1,0,0,23,2,0,0,12,2,0,False,False,True,False,0,0,0,0,0,0.2795627940338063,-0.3474850588856568,1.435191588483703,2.6775060743973786,-0.23480008126296797,1.4311351688417613,-0.3552655235637277,0.5561070751274192,-0.17526681505929956
fa5e4586f857,102,1000,/document?doc_id=1000,GET,404,31,2.100622,0,0,/document?{},1,/document?,1,numeric,1,0,0,0,898.0,0,29,2,0,client_error,0,0,0,1,3.4657359027997265,tiny,1.1316027365258428,0,0,0,1,1,0,0,23,2,0,0,12,2,0,False,False,True,False,0,0,0,0,0,0.2795627940338063,-0.3474850588856568,0.6224650881075161,2.681371739204962,-0.23480008126296797,0.6242875199569964,-0.3552655235637277,0.5561070751274192,-0.17526681505929956
068688070921,102,1001,/document?doc_id=1001,GET,404,31,2.077799,0,0,/document?{},1,/document?,1,numeric,1,0,0,0,899.0,0,29,2,0,client_error,0,0,0,1,3.4657359027997265,tiny,1.1242147311401602,0,0,0,1,1,0,0,23,2,0,0,12,2,0,False,False,True,False,0,0,0,0,0,0.2795627940338063,-0.3474850588856568,-0.47894557147835737,2.6852374040125455,-0.23480008126296797,-0.47617805710993033,-0.3552655235637277,0.5561070751274192,-0.17526681505929956
98119eb16a5a,102,-1,/document?doc_id=-1,GET,404,31,2.085507,0,0,/document?{},1,/document?,1,alphanumeric,0,0,1,0,103.0,0,29,2,0,client_error,0,0,0,1,3.4657359027997265,tiny,1.1267159874524766,0,0,0,1,1,0,0,23,2,0,0,12,0,0,False,False,True,False,0,0,0,0,0,0.2795627940338063,-0.3474850588856568,-0.1069667183877017,-0.3918317828238416,-0.23480008126296797,-0.10360842194699972,-0.3552655235637277,0.5561070751274192,-0.17526681505929956
74c00047fe74,102,0,/document?doc_id=0,GET,404,31,2.07791,0,0,/document?{},1,/document?,1,numeric,1,0,0,0,102.0,0,29,2,0,client_error,0,0,0,1,3.4657359027997265,tiny,1.1242507952231153,0,0,0,1,1,0,0,23,2,0,0,12,2,0,False,False,True,False,0,0,0,0,0,0.2795627940338063,-0.3474850588856568,-0.47358884435159915,-0.395697447631425,-0.23480008126296797,-0.47080620370854087,-0.3552655235637277,0.5561070751274192,-0.17526681505929956
d83166205bb1,102,abc,/document?doc_id=abc,GET,404,31,2.074551,0,0,/document?{},1,/document?,1,alphanumeric,0,0,1,0,-1.0,0,29,2,0,client_error,0,0,0,1,3.4657359027997265,tiny,1.1231588743369068,0,0,0,1,1,0,0,23,2,0,0,12,0,0,False,False,True,False,0,0,0,0,0,0.2795627940338063,-0.3474850588856568,-0.6356901634397603,-0.7938609228125153,-0.23480008126296797,-0.6334510970760545,-0.3552655235637277,0.5561070751274192,-0.17526681505929956
549e19fd1cae,102,xyz,/document?doc_id=xyz,GET,404,31,2.078673,0,0,/document?{},1,/document?,1,alphanumeric,0,0,1,0,-1.0,0,29,2,0,client_error,0,0,0,1,3.4657359027997265,tiny,1.1244986599896283,0,0,0,1,1,0,0,23,2,0,0,12,0,0,False,False,True,False,0,0,0,0,0,0.2795627940338063,-0.3474850588856568,-0.43676737770549195,-0.7938609228125153,-0.23480008126296797,-0.43388600277801126,-0.3552655235637277,0.5561070751274192,-0.17526681505929956
e03f5bad382f,102,../../../etc/passwd,/document?doc_id=../../../etc/passwd,GET,404,31,2.069233,0,0,/document?{},1,/document?,1,other,0,0,0,0,-1.0,0,29,2,0,client_error,0,0,0,1,3.4657359027997265,tiny,1.1214276932510596,0,0,0,1,1,0,0,23,2,0,0,12,3,0,False,False,True,False,0,0,0,0,0,0.2795627940338063,-0.3474850588856568,-0.8923304774947771,-0.7938609228125153,-0.23480008126296797,-0.8913157158994364,-0.3552655235637277,0.5561070751274192,-0.17526681505929956
e6cf88601fab,102,' OR '1'='1,/document?doc_id=' OR '1'='1,GET,404,31,2.127376,0,0,/document?{},1,/document?,1,other,0,0,0,0,-1.0,0,29,2,0,client_error,0,0,0,1,3.4657359027997265,tiny,1.1401943142915403,1,0,0,1,1,0,0,23,2,0,0,12,3,0,False,False,True,False,0,0,0,0,0,0.2795627940338063,-0.3474850588856568,1.9135811020653934,-0.7938609228125153,-0.23480008126296797,1.9040288155124079,-0.3552655235637277,0.5561070751274192,-0.17526681505929956
b8f72438d3da,102,101,/api/account/101/balance,POST,405,153,2.087737,0,0,/api/account/{}/balance,1,/api/account//balance,1,numeric,1,0,0,0,1.0,0,29,2,0,client_error,0,0,0,0,5.0369526024136295,small,1.1274384601417138,0,0,0,3,0,1,0,23,2,0,0,3,2,1,False,False,False,True,0,0,0,0,0,0.29997911492773827,2.4320811593767298,0.0006504121769246413,-0.7861295931973484,2.373595341966813,0.004006053594297892,2.8147960713126134,0.5561070751274192,-0.17526681505929956
6879bd667358,102,103,/api/account/103/balance,GET,401,25,2.090064,0,0,/api/account/{}/balance,1,/api/account//balance,1,numeric,1,0,0,0,1.0,0,29,2,0,client_error,0,1,0,0,3.258096538021482,tiny,1.128191802669274,0,0,0,1,1,0,0,23,2,0,0,3,2,0,False,True,False,False,0,0,0,0,0,0.21831383135201032,-0.48418503683298725,0.11294864662708756,-0.7861295931973484,-0.579504646141257,0.11621868420868889,-0.3552655235637277,0.5561070751274192,-0.17526681505929956
194159663dee,102,104,/api/account/104/balance,POST,405,153,2.060277,0,0,/api/account/{}/balance,1,/api/account//balance,1,numeric,1,0,0,0,2.0,0,29,2,0,client_error,0,0,0,0,5.0369526024136295,small,1.1185054347431582,0,0,0,3,0,1,0,23,2,0,0,3,2,1,False,False,False,True,0,0,0,0,0,0.29997911492773827,2.4320811593767298,-1.3245363166592656,-0.7822639283897651,2.373595341966813,-1.326594891719821,2.8147960713126134,0.5561070751274192,-0.17526681505929956
c6f30f273fda,102,105,/api/account/105/balance,GET,401,25,2.070462,0,0,/api/account/{}/balance,1,/api/account//balance,1,numeric,1,0,0,0,3.0,0,29,2,0,client_error,0,1,0,0,3.258096538021482,tiny,1.121828038876181,0,0,0,1,1,0,0,23,2,0,0,3,2,0,False,True,False,False,0,0,0,0,0,0.21831383135201032,-0.48418503683298725,-0.8330204086768757,-0.7783982635821817,-0.579504646141257,-0.831683033412605,-0.3552655235637277,0.5561070751274192,-0.17526681505929956
037cd827477b,102,201,/api/account/201/balance,POST,405,153,2.071696,0,0,/api/account/{}/balance,1,/api/account//balance,1,numeric,1,0,0,0,99.0,0,29,2,0,client_error,0,0,0,0,5.0369526024136295,small,1.1222298520553935,0,0,0,3,0,1,0,23,2,0,0,3,2,1,False,False,False,True,0,0,0,0,0,0.29997911492773827,2.4320811593767298,-0.7734690458442429,-0.4072944420541752,2.373595341966813,-0.7718317543390804,2.8147960713126134,0.5561070751274192,-0.17526681505929956
44e9a311e412,102,203,/api/account/203/balance,POST,405,153,2.042238,0,0,/api/account/{}/balance,1,/api/account//balance,1,numeric,1,0,0,0,101.0,0,29,2,0,client_error,0,0,0,0,5.0369526024136295,small,1.1125934287779833,0,0,0,3,0,1,0,23,2,0,0,3,2,1,False,False,False,True,0,0,0,0,0,0.29997911492773827,2.4320811593767298,-2.1950768629621025,-0.3995631124390084,2.373595341966813,-2.2072059249355633,2.8147960713126134,0.5561070751274192,-0.17526681505929956
e4ad7a2720ee,102,204,/api/account/204/balance,GET,401,25,2.066207,0,0,/api/account/{}/balance,1,/api/account//balance,1,numeric,1,0,0,0,102.0,0,29,2,0,client_error,0,1,0,0,3.258096538021482,tiny,1.1204412928477128,0,0,0,1,1,0,0,23,2,0,0,3,2,0,False,True,False,False,0,0,0,0,0,0.21831383135201032,-0.48418503683298725,-1.0383616152026638,-0.395697447631425,-0.579504646141257,-1.038243016628233,-0.3552655235637277,0.5561070751274192,-0.17526681505929956
dd64ab12f059,102,205,/api/account/205/balance,POST,405,153,2.066427,0,0,/api/account/{}/balance,1,/api/account//balance,1,numeric,1,0,0,0,103.0,0,29,2,0,client_error,0,0,0,0,5.0369526024136295,small,1.1205130401589316,0,0,0,3,0,1,0,23,2,0,0,3,2,1,False,False,False,True,0,0,0,0,0,0.29997911492773827,2.4320811593767298,-1.0277446785550268,-0.3918317828238416,2.373595341966813,-1.0275560392748528,2.8147960713126134,0.5561070751274192,-0.17526681505929956
d87155b64e43,102,301,/api/account/301/balance,GET,401,25,2.096473,0,0,/api/account/{}/balance,1,/api/account//balance,1,numeric,1,0,0,0,199.0,0,29,2,0,client_error,0,1,0,0,3.258096538021482,tiny,1.1302637218359224,0,0,0,1,1,0,0,23,2,0,0,3,2,0,False,True,False,False,0,0,0,0,0,0.21831383135201032,-0.48418503683298725,0.4222393146937764,-0.02072796129583512,-0.579504646141257,0.42483726288220625,-0.3552655235637277,0.5561070751274192,-0.17526681505929956
0cc36cc6136a,102,303,/api/account/303/balance,GET,401,25,2.09969,0,0,/api/account/{}/balance,1,/api/account//balance,1,numeric,1,0,0,0,201.0,0,29,2,0,client_error,0,1,0,0,3.258096538021482,tiny,1.1313021064907671,0,0,0,1,1,0,0,23,2,0,0,3,2,0,False,True,False,False,0,0,0,0,0,0.21831383135201032,-0.48418503683298725,0.577487883763906,-0.012996631680668318,-0.579504646141257,0.5795077739007347,-0.3552655235637277,0.5561070751274192,-0.17526681505929956
63ecfa4ad1d1,102,304,/api/account/304/balance,POST,405,153,2.079982,0,0,/api/account/{}/balance,1,/api/account//balance,1,numeric,1,0,0,0,202.0,0,29,2,0,client_error,0,0,0,0,5.0369526024136295,small,1.124923752812562,0,0,0,3,0,1,0,23,2,0,0,3,2,1,False,False,False,True,0,0,0,0,0,0.29997911492773827,2.4320811593767298,-0.3735966046520842,-0.009130966873084918,2.373595341966813,-0.3705671508990875,2.8147960713126134,0.5561070751274192,-0.17526681505929956
45b5f8676468,102,305,/api/account/305/balance,POST,405,153,2.08745,0,0,/api/account/{}/balance,1,/api/account//balance,1,numeric,1,0,0,0,203.0,0,29,2,0,client_error,0,0,0,0,5.0369526024136295,small,1.1273455074909822,0,0,0,3,0,1,0,23,2,0,0,3,2,1,False,False,False,True,0,0,0,0,0,0.29997911492773827,2.4320811593767298,-0.013199864267947264,-0.005265302065501518,2.373595341966813,-0.009839522726680528,2.8147960713126134,0.5561070751274192,-0.17526681505929956
5f915be153ce,102,401,/api/account/401/balance,GET,401,25,2.060472,0,0,/api/account/{}/balance,1,/api/account//balance,1,numeric,1,0,0,0,299.0,0,29,2,0,client_error,0,1,0,0,3.258096538021482,tiny,1.1185691524352463,0,0,0,1,1,0,0,23,2,0,0,3,2,0,False,True,False,False,0,0,0,0,0,0.21831383135201032,-0.48418503683298725,-1.315125850085242,0.36583851946250495,-0.579504646141257,-1.3171039502366135,-0.3552655235637277,0.5561070751274192,-0.17526681505929956
47c96a22bb37,102,402,/api/account/402/balance,POST,405,153,2.046964,0,0,/api/account/{}/balance,1,/api/account//balance,1,numeric,1,0,0,0,300.0,0,29,2,0,client_error,0,0,0,0,5.0369526024136295,small,1.114145685033874,0,0,0,3,0,1,0,23,2,0,0,3,2,1,False,False,False,True,0,0,0,0,0,0.29997911492773827,2.4320811593767298,-1.96700576024981,0.3697041842700884,2.373595341966813,-1.975992696571528,2.8147960713126134,0.5561070751274192,-0.17526681505929956
2340002401c4,102,403,/api/account/403/balance,GET,401,25,2.0808,0,0,/api/account/{}/balance,1,/api/account//balance,1,numeric,1,0,0,0,301.0,0,29,2,0,client_error,0,1,0,0,3.258096538021482,tiny,1.125189303518562,0,0,0,1,1,0,0,23,2,0,0,3,2,0,False,True,False,False,0,0,0,0,0,0.21831383135201032,-0.48418503683298725,-0.33412090384408394,0.37356984907767177,-0.579504646141257,-0.3310125761981477,-0.3552655235637277,0.5561070751274192,-0.17526681505929956
e77398c9942a,102,404,/api/account/404/balance,GET,401,25,2.059618,0,0,/api/account/{}/balance,1,/api/account//balance,1,numeric,1,0,0,0,302.0,0,29,2,0,client_error,0,1,0,0,3.258096538021482,tiny,1.118290071570245,0,0,0,1,1,0,0,23,2,0,0,3,2,0,False,True,False,False,0,0,0,0,0,0.21831383135201032,-0.48418503683298725,-1.3563388677992254,0.37743551388525515,-0.579504646141257,-1.3586738827311333,-0.3552655235637277,0.5561070751274192,-0.17526681505929956
1cbcdfbb972a,102,405,/api/account/405/balance,GET,401,25,2.070843,0,0,/api/account/{}/balance,1,/api/account//balance,1,numeric,1,0,0,0,303.0,0,29,2,0,client_error,0,1,0,0,3.258096538021482,tiny,1.1219521167392699,0,0,0,1,1,0,0,23,2,0,0,3,2,0,False,True,False,False,0,0,0,0,0,0.21831383135201032,-0.48418503683298725,-0.8146338047552973,0.3813011786928386,-0.579504646141257,-0.8132012632896506,-0.3552655235637277,0.5561070751274192,-0.17526681505929956
fcf0d2e35bf2,102,999,/api/account/999/balance,POST,405,153,2.033233,0,0,/api/account/{}/balance,1,/api/account//balance,1,numeric,1,0,0,0,897.0,0,29,2,0,client_error,0,0,0,0,5.0369526024136295,small,1.1096290473845642,0,0,0,3,0,1,0,23,2,0,0,3,2,1,False,False,False,True,0,0,0,0,0,0.29997911492773827,2.4320811593767298,-2.629647383470845,2.6775060743973786,2.373595341966813,-2.648759430984337,2.8147960713126134,0.5561070751274192,-0.17526681505929956
7db1acad0f35,102,1000,/api/account/1000/balance,GET,401,25,2.09388,0,0,/api/account/{}/balance,1,/api/account//balance,1,numeric,1,0,0,0,898.0,0,29,2,0,client_error,0,1,0,0,3.258096538021482,tiny,1.1294259666540596,0,0,0,1,1,0,0,23,2,0,0,3,2,0,False,True,False,False,0,0,0,0,0,0.21831383135201032,-0.48418503683298725,0.2971042386605526,2.681371739204962,-0.579504646141257,0.3000511140474915,-0.3552655235637277,0.5561070751274192,-0.17526681505929956
f911e6708eab,102,1001,/api/account/1001/balance,POST,405,153,2.049246,0,0,/api/account/{}/balance,1,/api/account//balance,1,numeric,1,0,0,0,899.0,0,29,2,0,client_error,0,0,0,0,5.0369526024136295,small,1.114894346942367,0,0,0,3,0,1,0,23,2,0,0,3,2,1,False,False,False,True,0,0,0,0,0,0.29997911492773827,2.4320811593767298,-1.8568791719320994,2.6852374040125455,2.373595341966813,-1.8644772582159328,2.8147960713126134,0.5561070751274192,-0.17526681505929956
71ddd2176e3b,102,-1,/api/account/-1/balance,POST,405,153,2.050123,0,0,/api/account/-1/balance,0,/api/account/-1/balance,0,none,0,0,0,0,103.0,0,29,2,0,client_error,0,0,0,0,5.0369526024136295,small,1.1151819176750262,0,0,0,3,0,1,0,23,2,0,0,1,1,1,False,False,False,True,0,0,0,0,0,0.29997911492773827,2.4320811593767298,-1.8145562017504038,-0.3918317828238416,2.373595341966813,-1.8216427344517119,2.8147960713126134,0.5561070751274192,-0.17526681505929956
ca87db47a00d,102,0,/api/account/0/balance,GET,401,25,2.075767,0,0,/api/account/{}/balance,1,/api/account//balance,1,numeric,1,0,0,0,102.0,0,29,2,0,client_error,0,1,0,0,3.258096538021482,tiny,1.1235543010500764,0,0,0,1,1,0,0,23,2,0,0,3,2,0,False,True,False,False,0,0,0,0,0,0.21831383135201032,-0.48418503683298725,-0.5770074590601298,-0.395697447631425,-0.579504646141257,-0.5745511012883994,-0.3552655235637277,0.5561070751274192,-0.17526681505929956
054cd3853b06,102,abc,/api/account/abc/balance,POST,405,153,2.051859,0,0,/api/account/abc/balance,0,/api/account/abc/balance,0,none,0,0,0,0,-1.0,0,29,2,0,client_error,0,0,0,0,5.0369526024136295,small,1.1157509131413637,0,0,0,3,0,1,0,23,2,0,0,4,1,1,False,False,False,True,0,0,0,0,0,0.29997911492773827,2.4320811593767298,-1.730778919840015,-0.7938609228125153,2.373595341966813,-1.7368891519184608,2.8147960713126134,0.5561070751274192,-0.17526681505929956
9649d22ca637,102,xyz,/api/account/xyz/balance,POST,405,153,2.071274,0,0,/api/account/xyz/balance,0,/api/account/xyz/balance,0,none,0,0,0,0,-1.0,0,29,2,0,client_error,0,0,0,0,5.0369526024136295,small,1.122092459230534,0,0,0,3,0,1,0,23,2,0,0,5,1,1,False,False,False,True,0,0,0,0,0,0.29997911492773827,2.4320811593767298,-0.7938342606865356,-0.7938609228125153,2.373595341966813,-0.792296827982227,2.8147960713126134,0.5561070751274192,-0.17526681505929956
59f8139a2d0e,102,../../../etc/passwd,/api/account/../../../etc/passwd/balance,POST,404,31,2.071863,0,0,/api/account/../../../etc/passwd/balance,0,/api/account/../../../etc/passwd/balance,0,none,0,0,0,0,-1.0,0,29,2,0,client_error,0,0,0,1,3.4657359027997265,tiny,1.1222842179368122,0,0,0,3,0,1,0,23,2,0,0,2,1,1,False,False,True,False,0,0,0,0,0,0.2795627940338063,-0.3474850588856568,-0.765409825752641,-0.7938609228125153,-0.23480008126296797,-0.7637337931242519,2.8147960713126134,0.5561070751274192,-0.17526681505929956
d25844413bac,102,' OR '1'='1,/api/account/' OR '1'='1/balance,POST,405,153,2.075269,0,0,/api/account/' OR '1'='1/balance,0,/api/account/' OR '1'='1/balance,0,none,0,0,0,0,-1.0,0,29,2,0,client_error,0,0,0,0,5.0369526024136295,small,1.1233923771071543,0,0,0,3,0,1,0,23,2,0,0,0,1,1,False,False,False,True,0,0,0,0,0,0.29997911492773827,2.4320811593767298,-0.6010403429261267,-0.7938609228125153,2.373595341966813,-0.5986701585963385,2.8147960713126134,0.5561070751274192,-0.17526681505929956
058beab387fb,102,101,/settings?user_id=101,GET,401,25,2.11898,0,0,/settings?{},1,/settings?,1,numeric,1,0,0,0,1.0,0,29,2,0,client_error,0,1,0,0,3.258096538021482,tiny,1.137506025293469,1,0,0,1,1,0,0,23,2,0,0,28,2,0,False,True,False,False,0,0,0,0,0,0.21831383135201032,-0.48418503683298725,1.508400192549427,-0.7861295931973484,-0.579504646141257,1.5036001004334627,-0.3552655235637277,0.5561070751274192,-0.17526681505929956
bdd8a93188ef,102,103,/settings?user_id=103,GET,401,25,2.110686,0,0,/settings?{},1,/settings?,1,numeric,1,0,0,0,1.0,0,29,2,0,client_error,0,1,0,0,3.258096538021482,tiny,1.134843280645356,1,0,0,1,1,0,0,23,2,0,0,28,2,0,False,True,False,False,0,0,0,0,0,0.21831383135201032,-0.48418503683298725,1.108141680933707,-0.7861295931973484,-0.579504646141257,1.1069762929513616,-0.3552655235637277,0.5561070751274192,-0.17526681505929956
31b5b60b3a2e,102,104,/settings?user_id=104,GET,401,25,2.102894,0,0,/settings?{},1,/settings?,1,numeric,1,0,0,0,2.0,0,29,2,0,client_error,0,1,0,0,3.258096538021482,tiny,1.132335224392912,1,0,0,1,1,0,0,23,2,0,0,28,2,0,False,True,False,False,0,0,0,0,0,0.21831383135201032,-0.48418503683298725,0.7321090883957858,-0.7822639283897651,-0.579504646141257,0.7333937862966087,-0.3552655235637277,0.5561070751274192,-0.17526681505929956
1a5260b45dd4,102,105,/settings?user_id=105,GET,401,25,2.066166,0,0,/settings?{},1,/settings?,1,numeric,1,0,0,0,3.0,0,29,2,0,client_error,0,1,0,0,3.258096538021482,tiny,1.1204279211888133,0,0,0,1,1,0,0,23,2,0,0,28,2,0,False,True,False,False,0,0,0,0,0,0.21831383135201032,-0.48418503683298725,-1.0403402261233565,-0.7783982635821817,-0.579504646141257,-1.0402347653559303,-0.3552655235637277,0.5561070751274192,-0.17526681505929956
a343e5d9eecc,102,201,/settings?user_id=201,GET,401,25,2.102388,0,0,/settings?{},1,/settings?,1,numeric,1,0,0,0,99.0,0,29,2,0,client_error,0,1,0,0,3.258096538021482,tiny,1.1321721375255875,1,0,0,1,1,0,0,23,2,0,0,28,2,0,False,True,False,False,0,0,0,0,0,0.21831383135201032,-0.48418503683298725,0.7076901341062277,-0.4072944420541752,-0.579504646141257,0.7091015079084606,-0.3552655235637277,0.5561070751274192,-0.17526681505929956
e62dd89cd186,102,203,/settings?user_id=203,GET,401,25,2.095676,0,0,/settings?{},1,/settings?,1,numeric,1,0,0,0,101.0,0,29,2,0,client_error,0,1,0,0,3.258096538021482,tiny,1.130006299088375,0,0,0,1,1,0,0,23,2,0,0,28,2,0,False,True,False,False,0,0,0,0,0,0.21831383135201032,-0.48418503683298725,0.3837770487475871,-0.3995631124390084,-0.579504646141257,0.38649337198861644,-0.3552655235637277,0.5561070751274192,-0.17526681505929956
b9f0eb32015e,102,204,/settings?user_id=204,GET,401,25,2.080471,0,0,/settings?{},1,/settings?,1,numeric,1,0,0,0,102.0,0,29,2,0,client_error,0,1,0,0,3.258096538021482,tiny,1.125082507372016,0,0,0,1,1,0,0,23,2,0,0,28,2,0,False,True,False,False,0,0,0,0,0,0.21831383135201032,-0.48418503683298725,-0.34999805001257783,-0.395697447631425,-0.579504646141257,-0.34692018277149744,-0.3552655235637277,0.5561070751274192,-0.17526681505929956
b085b1c498ba,102,205,/settings?user_id=205,GET,401,25,2.095473,0,0,/settings?{},1,/settings?,1,numeric,1,0,0,0,103.0,0,29,2,0,client_error,0,1,0,0,3.258096538021482,tiny,1.129940721600231,0,0,0,1,1,0,0,23,2,0,0,28,2,0,False,True,False,False,0,0,0,0,0,0.21831383135201032,-0.48418503683298725,0.37398051175000213,-0.3918317828238416,-0.579504646141257,0.3767254083007735,-0.3552655235637277,0.5561070751274192,-0.17526681505929956
3e2e7a8b8df8,102,301,/settings?user_id=301,GET,401,25,2.080131,0,0,/settings?{},1,/settings?,1,numeric,1,0,0,0,199.0,0,29,2,0,client_error,0,1,0,0,3.258096538021482,tiny,1.124972128548536,0,0,0,1,1,0,0,23,2,0,0,28,2,0,False,True,False,False,0,0,0,0,0,0.21831383135201032,-0.48418503683298725,-0.36640604301346325,-0.02072796129583512,-0.579504646141257,-0.3633614398274951,-0.3552655235637277,0.5561070751274192,-0.17526681505929956
41b12ce2478b,102,303,/settings?user_id=303,GET,401,25,2.081787,0,0,/settings?{},1,/settings?,1,numeric,1,0,0,0,201.0,0,29,2,0,client_error,0,1,0,0,3.258096538021482,tiny,1.1255096235427464,0,0,0,1,1,0,0,23,2,0,0,28,2,0,False,True,False,False,0,0,0,0,0,0.21831383135201032,-0.48418503683298725,-0.2864894653385807,-0.012996631680668318,-0.579504646141257,-0.2832999471652479,-0.3552655235637277,0.5561070751274192,-0.17526681505929956
781bde48366e,102,304,/settings?user_id=304,GET,401,25,2.099614,0,0,/settings?{},1,/settings?,1,numeric,1,0,0,0,202.0,0,29,2,0,client_error,0,1,0,0,3.258096538021482,tiny,1.1312775876092915,0,0,0,1,1,0,0,23,2,0,0,28,2,0,False,True,False,False,0,0,0,0,0,0.21831383135201032,-0.48418503683298725,0.5738202147401804,-0.009130966873084918,-0.579504646141257,0.5758556129122819,-0.3552655235637277,0.5561070751274192,-0.17526681505929956
4429daf86d46,102,305,/settings?user_id=305,GET,401,25,2.092318,0,0,/settings?{},1,/settings?,1,numeric,1,0,0,0,203.0,0,29,2,0,client_error,0,1,0,0,3.258096538021482,tiny,1.1289209714912165,0,0,0,1,1,0,0,23,2,0,0,28,2,0,False,True,False,False,0,0,0,0,0,0.21831383135201032,-0.48418503683298725,0.22172398846237648,-0.005265302065501518,-0.579504646141257,0.22483056881466237,-0.3552655235637277,0.5561070751274192,-0.17526681505929956
3a6dbb776ac4,102,401,/settings?user_id=401,GET,401,25,2.07436,0,0,/settings?{},1,/settings?,1,numeric,1,0,0,0,299.0,0,29,2,0,client_error,0,1,0,0,3.258096538021482,tiny,1.1230967495151092,0,0,0,1,1,0,0,23,2,0,0,28,2,0,False,True,False,False,0,0,0,0,0,0.21831383135201032,-0.48418503683298725,-0.6449075948020248,0.36583851946250495,-0.579504646141257,-0.6427047757485327,-0.3552655235637277,0.5561070751274192,-0.17526681505929956
ab673c217749,102,402,/settings?user_id=402,GET,401,25,2.072009,0,0,/settings?{},1,/settings?,1,numeric,1,0,0,0,300.0,0,29,2,0,client_error,0,1,0,0,3.258096538021482,tiny,1.1223317449686343,0,0,0,1,1,0,0,23,2,0,0,28,2,0,False,True,False,False,0,0,0,0,0,0.21831383135201032,-0.48418503683298725,-0.7583640405228502,0.3697041842700884,-0.579504646141257,-0.7566544990834363,-0.3552655235637277,0.5561070751274192,-0.17526681505929956
544d4e010677,102,403,/settings?user_id=403,GET,401,25,2.106807,0,0,/settings?{},1,/settings?,1,numeric,1,0,0,0,301.0,0,29,2,0,client_error,0,1,0,0,3.258096538021482,tiny,1.1335955106830005,1,0,0,1,1,0,0,23,2,0,0,28,2,0,False,True,False,False,0,0,0,0,0,0.21831383135201032,-0.48418503683298725,0.9209457843147875,0.37356984907767177,-0.579504646141257,0.9211172119155957,-0.3552655235637277,0.5561070751274192,-0.17526681505929956
4e54ed2ddd59,102,404,/settings?user_id=404,GET,401,25,2.104875,0,0,/settings?{},1,/settings?,1,numeric,1,0,0,0,302.0,0,29,2,0,client_error,0,1,0,0,3.258096538021482,tiny,1.1329734569261278,1,0,0,1,1,0,0,23,2,0,0,28,2,0,False,True,False,False,0,0,0,0,0,0.21831383135201032,-0.48418503683298725,0.8277097770274031,0.37743551388525515,-0.579504646141257,0.8284604377543178,-0.3552655235637277,0.5561070751274192,-0.17526681505929956
80274959c8b3,102,405,/settings?user_id=405,GET,401,25,2.051655,0,0,/settings?{},1,/settings?,1,numeric,1,0,0,0,303.0,0,29,2,0,client_error,0,1,0,0,3.258096538021482,tiny,1.1156840664035415,0,0,0,1,1,0,0,23,2,0,0,28,2,0,False,True,False,False,0,0,0,0,0,0.21831383135201032,-0.48418503683298725,-1.7406237156405506,0.3813011786928386,-0.579504646141257,-1.7468461741554926,-0.3552655235637277,0.5561070751274192,-0.17526681505929956
a37eb0280de9,102,999,/settings?user_id=999,GET,401,25,2.116554,0,0,/settings?{},1,/settings?,1,numeric,1,0,0,0,897.0,0,29,2,0,client_error,0,1,0,0,3.258096538021482,tiny,1.1367279042464482,1,0,0,1,1,0,0,23,2,0,0,28,2,0,False,True,False,False,0,0,0,0,0,0.21831383135201032,-0.48418503683298725,1.391324336607805,2.6775060743973786,-0.579504646141257,1.3876966349734743,-0.3552655235637277,0.5561070751274192,-0.17526681505929956
00cca988158e,102,1000,/settings?user_id=1000,GET,401,25,2.122032,0,0,/settings?{},1,/settings?,1,numeric,1,0,0,0,898.0,0,29,2,0,client_error,0,1,0,0,3.258096538021482,tiny,1.1384840718805573,1,0,0,1,1,0,0,23,2,0,0,28,2,0,False,True,False,False,0,0,0,0,0,0.21831383135201032,-0.48418503683298725,1.6556860591338343,2.681371739204962,-0.579504646141257,1.6492830751568317,-0.3552655235637277,0.5561070751274192,-0.17526681505929956
f7c258aae474,102,1001,/settings?user_id=1001,GET,401,25,2.08509,0,0,/settings?{},1,/settings?,1,numeric,1,0,0,0,899.0,0,29,2,0,client_error,0,1,0,0,3.258096538021482,tiny,1.1265808303515883,0,0,0,1,1,0,0,23,2,0,0,28,2,0,False,True,False,False,0,0,0,0,0,0.21831383135201032,-0.48418503683298725,-0.1270906392152632,2.6852374040125455,-0.579504646141257,-0.12374047779416658,-0.3552655235637277,0.5561070751274192,-0.17526681505929956
0d054ccc2f78,102,-1,/settings?user_id=-1,GET,401,25,2.105868,0,0,/settings?{},1,/settings?,1,alphanumeric,0,0,1,0,103.0,0,29,2,0,client_error,0,1,0,0,3.258096538021482,tiny,1.1332932254332007,1,0,0,1,1,0,0,23,2,0,0,28,0,0,False,True,False,False,0,0,0,0,0,0.21831383135201032,-0.48418503683298725,0.875630768350588,-0.3918317828238416,-0.579504646141257,0.8760909166580927,-0.3552655235637277,0.5561070751274192,-0.17526681505929956
9c2eda569b8a,102,0,/settings?user_id=0,GET,401,25,2.109549,0,0,/settings?{},1,/settings?,1,numeric,1,0,0,0,102.0,0,29,2,0,client_error,0,1,0,0,3.258096538021482,tiny,1.1344776995981243,1,0,0,1,1,0,0,23,2,0,0,28,2,0,False,True,False,False,0,0,0,0,0,0.21831383135201032,-0.48418503683298725,1.0532714219866324,-0.395697447631425,-0.579504646141257,1.052521898686014,-0.3552655235637277,0.5561070751274192,-0.17526681505929956
b482bb52ce6b,102,abc,/settings?user_id=abc,GET,401,25,2.093091,0,0,/settings?{},1,/settings?,1,alphanumeric,0,0,1,0,-1.0,0,29,2,0,client_error,0,1,0,0,3.258096538021482,tiny,1.1291709145439794,0,0,0,1,1,0,0,23,2,0,0,28,0,0,False,True,False,False,0,0,0,0,0,0.21831383135201032,-0.48418503683298725,0.25902804313790323,-0.7938609228125153,-0.579504646141257,0.26206033672003903,-0.3552655235637277,0.5561070751274192,-0.17526681505929956
d7b63344865b,102,xyz,/settings?user_id=xyz,GET,401,25,2.105624,0,0,/settings?{},1,/settings?,1,alphanumeric,0,0,1,0,-1.0,0,29,2,0,client_error,0,1,0,0,3.258096538021482,tiny,1.1332146613780187,1,0,0,1,1,0,0,23,2,0,0,28,0,0,False,True,False,False,0,0,0,0,0,0.21831383135201032,-0.48418503683298725,0.8638556204323101,-0.7938609228125153,-0.579504646141257,0.8643885648311659,-0.3552655235637277,0.5561070751274192,-0.17526681505929956
73ed7118ab2d,102,../../../etc/passwd,/settings?user_id=../../../etc/passwd,GET,401,25,2.114715,0,0,/settings?{},1,/settings?,1,other,0,0,0,0,-1.0,0,29,2,0,client_error,0,1,0,0,3.258096538021482,tiny,1.136137655276811,1,0,0,1,1,0,0,23,2,0,0,28,3,0,False,True,False,False,0,0,0,0,0,0.21831383135201032,-0.48418503683298725,1.302576397994198,-0.7938609228125153,-0.579504646141257,1.2997772793319955,-0.3552655235637277,0.5561070751274192,-0.17526681505929956
b93ab582bb40,102,' OR '1'='1,/settings?user_id=' OR '1'='1,GET,401,25,2.073989,0,0,/settings?{},1,/settings?,1,other,0,0,0,0,-1.0,0,29,2,0,client_error,0,1,0,0,3.258096538021482,tiny,1.1229760667105222,0,0,0,1,1,0,0,23,2,0,0,28,3,0,False,True,False,False,0,0,0,0,0,0.21831383135201032,-0.48418503683298725,-0.6628116106941622,-0.7938609228125153,-0.579504646141257,-0.660680841717468,-0.3552655235637277,0.5561070751274192,-0.17526681505929956
a7cdb5578b3d,102,101,/messages/101/view,GET,401,25,2.138604,0,0,/messages/{}/view,1,/messages//view,1,numeric,1,0,0,0,1.0,0,29,2,0,client_error,0,1,0,0,3.258096538021482,tiny,1.1437781150752493,1,0,0,1,1,0,0,23,2,0,0,17,2,0,False,True,False,False,0,0,0,0,0,0.21831383135201032,-0.48418503683298725,2.4554309415181517,-0.7861295931973484,-0.579504646141257,2.4378466989130034,-0.3552655235637277,0.5561070751274192,-0.17526681505929956
87812aaa06f6,102,103,/messages/103/view,GET,401,25,2.1095,0,0,/messages/{}/view,1,/messages//view,1,numeric,1,0,0,0,1.0,0,29,2,0,client_error,0,1,0,0,3.258096538021482,tiny,1.134461941561807,1,0,0,1,1,0,0,23,2,0,0,17,2,0,False,True,False,False,0,0,0,0,0,0.21831383135201032,-0.48418503683298725,1.0509067406423995,-0.7861295931973484,-0.579504646141257,1.0501746918792836,-0.3552655235637277,0.5561070751274192,-0.17526681505929956
a6c61c7c1efc,102,104,/messages/104/view,GET,401,25,2.118031,0,0,/messages/{}/view,1,/messages//view,1,numeric,1,0,0,0,2.0,0,29,2,0,client_error,0,1,0,0,3.258096538021482,tiny,1.1372017128568472,1,0,0,1,1,0,0,23,2,0,0,17,2,0,False,True,False,False,0,0,0,0,0,0.21831383135201032,-0.48418503683298725,1.4626025885557865,-0.7822639283897651,-0.579504646141257,1.45827184961429,-0.3552655235637277,0.5561070751274192,-0.17526681505929956
ce0d4d091026,102,105,/messages/105/view,GET,401,25,2.097787,0,0,/messages/{}/view,1,/messages//view,1,numeric,1,0,0,0,3.0,0,29,2,0,client_error,0,1,0,0,3.258096538021482,tiny,1.1306879855961487,0,0,0,1,1,0,0,23,2,0,0,17,2,0,False,True,False,False,0,0,0,0,0,0.21831383135201032,-0.48418503683298725,0.48565138176189393,-0.7783982635821817,-0.579504646141257,0.4880326233824605,-0.3552655235637277,0.5561070751274192,-0.17526681505929956
124d82e7262e,102,201,/messages/201/view,GET,401,25,2.110704,0,0,/messages/{}/view,1,/messages//view,1,numeric,1,0,0,0,99.0,0,29,2,0,client_error,0,1,0,0,3.258096538021482,tiny,1.1348490671335845,1,0,0,1,1,0,0,23,2,0,0,17,2,0,False,True,False,False,0,0,0,0,0,0.21831383135201032,-0.48418503683298725,1.1090103393867092,-0.4072944420541752,-0.579504646141257,1.1078382077409734,-0.3552655235637277,0.5561070751274192,-0.17526681505929956
96aa5859dd1c,102,203,/messages/203/view,GET,401,25,2.101825,0,0,/messages/{}/view,1,/messages//view,1,numeric,1,0,0,0,101.0,0,29,2,0,client_error,0,1,0,0,3.258096538021482,tiny,1.1319906479469592,0,0,0,1,1,0,0,23,2,0,0,17,2,0,False,True,False,False,0,0,0,0,0,0.21831383135201032,-0.48418503683298725,0.6805204280488754,-0.3995631124390084,-0.579504646141257,0.6820680904364232,-0.3552655235637277,0.5561070751274192,-0.17526681505929956
9b1c2bf42ff7,102,204,/messages/204/view,GET,401,25,2.084393,0,0,/messages/{}/view,1,/messages//view,1,numeric,1,0,0,0,102.0,0,29,2,0,client_error,0,1,0,0,3.258096538021482,tiny,1.1263548794889422,0,0,0,1,1,0,0,23,2,0,0,17,2,0,False,True,False,False,0,0,0,0,0,0.21831383135201032,-0.48418503683298725,-0.1607270248670858,-0.395697447631425,-0.579504646141257,-0.15739653696982392,-0.3552655235637277,0.5561070751274192,-0.17526681505929956
8caa4ae4bb0a,102,205,/messages/205/view,GET,401,25,2.094068,0,0,/messages/{}/view,1,/messages//view,1,numeric,1,0,0,0,103.0,0,29,2,0,client_error,0,1,0,0,3.258096538021482,tiny,1.1294867299313391,0,0,0,1,1,0,0,23,2,0,0,17,2,0,False,True,False,False,0,0,0,0,0,0.21831383135201032,-0.48418503683298725,0.30617689361398687,-0.3918317828238416,-0.579504646141257,0.309101986577377,-0.3552655235637277,0.5561070751274192,-0.17526681505929956
4b1cc68271f7,102,301,/messages/301/view,GET,401,25,2.087117,0,0,/messages/{}/view,1,/messages//view,1,numeric,1,0,0,0,199.0,0,29,2,0,client_error,0,1,0,0,3.258096538021482,tiny,1.127237645676438,0,0,0,1,1,0,0,23,2,0,0,17,2,0,False,True,False,False,0,0,0,0,0,0.21831383135201032,-0.48418503683298725,-0.02927004564822186,-0.02072796129583512,-0.579504646141257,-0.025905863746945073,-0.3552655235637277,0.5561070751274192,-0.17526681505929956
2d21b58da27e,102,303,/messages/303/view,GET,401,25,2.119107,0,0,/messages/{}/view,1,/messages//view,1,numeric,1,0,0,0,201.0,0,29,2,0,client_error,0,1,0,0,3.258096538021482,tiny,1.1375467429044985,1,0,0,1,1,0,0,23,2,0,0,17,2,0,False,True,False,False,0,0,0,0,0,0.21831383135201032,-0.48418503683298725,1.5145290605232864,-0.012996631680668318,-0.579504646141257,1.5096651108089603,-0.3552655235637277,0.5561070751274192,-0.17526681505929956
534468d7a8ad,102,304,/messages/304/view,GET,401,25,2.09597,0,0,/messages/{}/view,1,/messages//view,1,numeric,1,0,0,0,202.0,0,29,2,0,client_error,0,1,0,0,3.258096538021482,tiny,1.1301012657580525,0,0,0,1,1,0,0,23,2,0,0,17,2,0,False,True,False,False,0,0,0,0,0,0.21831383135201032,-0.48418503683298725,0.3979651368130484,-0.009130966873084918,-0.579504646141257,0.4006389424765932,-0.3552655235637277,0.5561070751274192,-0.17526681505929956
0d6887c91a63,102,305,/messages/305/view,GET,401,25,2.11184,0,0,/messages/{}/view,1,/messages//view,1,numeric,1,0,0,0,203.0,0,29,2,0,client_error,0,1,0,0,3.258096538021482,tiny,1.135214191112658,1,0,0,1,1,0,0,23,2,0,0,17,2,0,False,True,False,False,0,0,0,0,0,0.21831383135201032,-0.48418503683298725,1.1638323395308334,-0.005265302065501518,-0.579504646141257,1.1622245203323127,-0.3552655235637277,0.5561070751274192,-0.17526681505929956
9da07fe05315,102,401,/messages/401/view,GET,401,25,2.050916,0,0,/messages/{}/view,1,/messages//view,1,numeric,1,0,0,0,299.0,0,29,2,0,client_error,0,1,0,0,3.258096538021482,tiny,1.1154418733987859,0,0,0,1,1,0,0,23,2,0,0,17,2,0,False,True,False,False,0,0,0,0,0,0.21831383135201032,-0.48418503683298725,-1.7762869710159952,0.36583851946250495,-0.579504646141257,-1.7829215491486454,-0.3552655235637277,0.5561070751274192,-0.17526681505929956
465d1192743f,102,402,/messages/402/view,GET,401,25,2.106481,0,0,/messages/{}/view,1,/messages//view,1,numeric,1,0,0,0,300.0,0,29,2,0,client_error,0,1,0,0,3.258096538021482,tiny,1.1334905742949564,1,0,0,1,1,0,0,23,2,0,0,17,2,0,False,True,False,False,0,0,0,0,0,0.21831383135201032,-0.48418503683298725,0.9052134145551237,0.3697041842700884,-0.579504646141257,0.9054866219531064,-0.3552655235637277,0.5561070751274192,-0.17526681505929956
0fe1e88313ce,102,403,/messages/403/view,GET,401,25,2.084404,0,0,/messages/{}/view,1,/messages//view,1,numeric,1,0,0,0,301.0,0,29,2,0,client_error,0,1,0,0,3.258096538021482,tiny,1.1263584458244855,0,0,0,1,1,0,0,23,2,0,0,17,2,0,False,True,False,False,0,0,0,0,0,0.21831383135201032,-0.48418503683298725,-0.1601961780346943,0.37356984907767177,-0.579504646141257,-0.1568653205863998,-0.3552655235637277,0.5561070751274192,-0.17526681505929956
18ea22b95524,102,404,/messages/404/view,GET,401,25,2.086778,0,0,/messages/{}/view,1,/messages//view,1,numeric,1,0,0,0,302.0,0,29,2,0,client_error,0,1,0,0,3.258096538021482,tiny,1.1271278284539743,0,0,0,1,1,0,0,23,2,0,0,17,2,0,False,True,False,False,0,0,0,0,0,0.21831383135201032,-0.48418503683298725,-0.04562977984617817,0.37743551388525515,-0.579504646141257,-0.04226346864589507,-0.3552655235637277,0.5561070751274192,-0.17526681505929956
44577892cf0d,102,405,/messages/405/view,GET,401,25,2.075947,0,0,/messages/{}/view,1,/messages//view,1,numeric,1,0,0,0,303.0,0,29,2,0,client_error,0,1,0,0,3.258096538021482,tiny,1.1236128213259058,0,0,0,1,1,0,0,23,2,0,0,17,2,0,False,True,False,False,0,0,0,0,0,0.21831383135201032,-0.48418503683298725,-0.5683208745302355,0.3813011786928386,-0.579504646141257,-0.5658343305568103,-0.3552655235637277,0.5561070751274192,-0.17526681505929956
7a93b412c09a,102,999,/messages/999/view,GET,401,25,2.111095,0,0,/messages/{}/view,1,/messages//view,1,numeric,1,0,0,0,897.0,0,29,2,0,client_error,0,1,0,0,3.258096538021482,tiny,1.134974754254147,1,0,0,1,1,0,0,23,2,0,0,17,2,0,False,True,False,False,0,0,0,0,0,0.21831383135201032,-0.48418503683298725,1.1278795313377286,2.6775060743973786,-0.579504646141257,1.1265596815947754,-0.3552655235637277,0.5561070751274192,-0.17526681505929956
be71d042b994,102,1000,/messages/1000/view,GET,401,25,2.080949,0,0,/messages/{}/view,1,/messages//view,1,numeric,1,0,0,0,898.0,0,29,2,0,client_error,0,1,0,0,3.258096538021482,tiny,1.1252376664103414,0,0,0,1,1,0,0,23,2,0,0,17,2,0,False,True,False,False,0,0,0,0,0,0.21831383135201032,-0.48418503683298725,-0.3269303422054629,2.681371739204962,-0.579504646141257,-0.32380877830789195,-0.3552655235637277,0.5561070751274192,-0.17526681505929956
bd32f4641d18,102,1001,/messages/1001/view,GET,401,25,2.115226,0,0,/messages/{}/view,1,/messages//view,1,numeric,1,0,0,0,899.0,0,29,2,0,client_error,0,1,0,0,3.258096538021482,tiny,1.1363017017745694,1,0,0,1,1,0,0,23,2,0,0,17,2,0,False,True,False,False,0,0,0,0,0,0.21831383135201032,-0.48418503683298725,1.327236646298466,2.6852374040125455,-0.579504646141257,1.3242124975535898,-0.3552655235637277,0.5561070751274192,-0.17526681505929956
342d16960c11,102,-1,/messages/-1/view,GET,401,25,2.097821,0,0,/messages/-1/view,0,/messages/-1/view,0,none,0,0,0,0,103.0,0,29,2,0,client_error,0,1,0,0,3.258096538021482,tiny,1.130698961112999,0,0,0,1,1,0,0,23,2,0,0,15,1,0,False,True,False,False,0,0,0,0,0,0.21831383135201032,-0.48418503683298725,0.48729218106199745,-0.3918317828238416,-0.579504646141257,0.4896674595599799,-0.3552655235637277,0.5561070751274192,-0.17526681505929956
3132c6348ffc,102,0,/messages/0/view,GET,401,25,2.082438,0,0,/messages/{}/view,1,/messages//view,1,numeric,1,0,0,0,102.0,0,29,2,0,client_error,0,1,0,0,3.258096538021482,tiny,1.125720842309881,0,0,0,1,1,0,0,23,2,0,0,17,2,0,False,True,False,False,0,0,0,0,0,0.21831383135201032,-0.48418503683298725,-0.25507298462218225,-0.395697447631425,-0.579504646141257,-0.25183827783395796,-0.3552655235637277,0.5561070751274192,-0.17526681505929956
918d1548b312,102,abc,/messages/abc/view,GET,401,25,2.072578,0,0,/messages/abc/view,0,/messages/abc/view,0,none,0,0,0,0,-1.0,0,29,2,0,client_error,0,1,0,0,3.258096538021482,tiny,1.122516948628905,0,0,0,1,1,0,0,23,2,0,0,18,1,0,False,True,False,False,0,0,0,0,0,0.21831383135201032,-0.48418503683298725,-0.7309047816478377,-0.7938609228125153,-0.579504646141257,-0.7290678580030536,-0.3552655235637277,0.5561070751274192,-0.17526681505929956
edb17ebf5303,102,xyz,/messages/xyz/view,GET,401,25,2.113037,0,0,/messages/xyz/view,0,/messages/xyz/view,0,none,0,0,0,0,-1.0,0,29,2,0,client_error,0,1,0,0,3.258096538021482,tiny,1.1355987770296982,1,0,0,1,1,0,0,23,2,0,0,19,1,0,False,True,False,False,0,0,0,0,0,0.21831383135201032,-0.48418503683298725,1.2215981266545324,-0.7938609228125153,-0.579504646141257,1.219509746998172,-0.3552655235637277,0.5561070751274192,-0.17526681505929956
f3b6c88999c0,102,../../../etc/passwd,/messages/../../../etc/passwd/view,GET,404,31,2.077025,0,0,/messages/../../../etc/passwd/view,0,/messages/../../../etc/passwd/view,0,none,0,0,0,0,-1.0,0,29,2,0,client_error,0,0,0,1,3.4657359027997265,tiny,1.1239632211037789,0,0,0,1,1,0,0,23,2,0,0,16,1,0,False,False,True,False,0,0,0,0,0,0.2795627940338063,-0.3474850588856568,-0.516297884956856,-0.7938609228125153,-0.23480008126296797,-0.5136412319285231,-0.3552655235637277,0.5561070751274192,-0.17526681505929956
78f8e7dcd284,102,' OR '1'='1,/messages/' OR '1'='1/view,GET,401,25,2.11252,0,0,/messages/' OR '1'='1/view,0,/messages/' OR '1'='1/view,0,none,0,0,0,0,-1.0,0,29,2,0,client_error,0,1,0,0,3.258096538021482,tiny,1.1354326874729925,1,0,0,1,1,0,0,23,2,0,0,14,1,0,False,True,False,False,0,0,0,0,0,0.21831383135201032,-0.48418503683298725,1.1966483255326044,-0.7938609228125153,-0.579504646141257,1.194770209014191,-0.3552655235637277,0.5561070751274192,-0.17526681505929956
080251342849,102,101,/report?report_id=101,GET,200,186,2.086124,0,0,/report?{},1,/report?,1,numeric,1,0,0,0,1.0,0,29,2,0,success,1,0,0,0,5.231108616854587,small,1.1269159345983948,0,0,0,1,1,0,0,23,2,0,0,27,2,0,True,False,False,False,0,1,0,0,0,-3.885366668328318,3.1839310380870476,-0.07719103697140678,-0.7861295931973484,2.69591603750472,-0.07382569442731346,-0.3552655235637277,0.5561070751274192,-0.17526681505929956
89c0149a558d,102,103,/report?report_id=103,GET,200,187,2.109792,0,0,/report?{},1,/report?,1,numeric,1,0,0,0,1.0,0,29,2,0,success,1,0,0,0,5.236441962829949,small,1.1345558429255682,1,0,0,1,1,0,0,23,2,0,0,27,2,0,True,False,False,False,0,1,0,0,0,-3.885366668328318,3.2067143677449357,1.0649983111019812,-0.7861295931973484,2.7047699882271474,1.0641615818535672,-0.3552655235637277,0.5561070751274192,-0.17526681505929956
20ce8de7766f,102,104,/report?report_id=104,GET,404,29,2.108997,0,0,/report?{},1,/report?,1,numeric,1,0,0,0,2.0,0,29,2,0,client_error,0,0,0,1,3.4011973816621555,tiny,1.1343001661356558,1,0,0,1,1,0,0,23,2,0,0,27,2,0,False,False,True,False,0,0,0,0,0,0.2795627940338063,-0.3930517182014336,1.0266325627616715,-0.7822639283897651,-0.3419412433945987,1.0260777565901356,-0.3552655235637277,0.5561070751274192,-0.17526681505929956
e6331a415274,102,105,/report?report_id=105,GET,404,29,2.097321,0,0,/report?{},1,/report?,1,numeric,1,0,0,0,3.0,0,29,2,0,client_error,0,0,0,1,3.4011973816621555,tiny,1.130537544312194,0,0,0,1,1,0,0,23,2,0,0,27,2,0,False,False,True,False,0,0,0,0,0,0.2795627940338063,-0.3930517182014336,0.4631627795900996,-0.7783982635821817,-0.3419412433945987,0.4656239425925675,-0.3552655235637277,0.5561070751274192,-0.17526681505929956
15ec81926a5b,102,201,/report?report_id=201,GET,404,29,2.102796,0,0,/report?{},1,/report?,1,numeric,1,0,0,0,99.0,0,29,2,0,client_error,0,0,0,1,3.4011973816621555,tiny,1.1323036404755689,1,0,0,1,1,0,0,23,2,0,0,27,2,0,False,False,True,False,0,0,0,0,0,0.2795627940338063,-0.3930517182014336,0.7273797257072988,-0.4072944420541752,-0.3419412433945987,0.728689267010213,-0.3552655235637277,0.5561070751274192,-0.17526681505929956
99a39aa2e1f1,102,203,/report?report_id=203,GET,404,29,2.073998,0,0,/report?{},1,/report?,1,numeric,1,0,0,0,101.0,0,29,2,0,client_error,0,0,0,1,3.4011973816621555,tiny,1.1229789944981052,0,0,0,1,1,0,0,23,2,0,0,27,2,0,False,False,True,False,0,0,0,0,0,0.2795627940338063,-0.3930517182014336,-0.6623772814676717,-0.3995631124390084,-0.3419412433945987,-0.6602447389693104,-0.3552655235637277,0.5561070751274192,-0.17526681505929956
269e2a108a6f,102,204,/report?report_id=204,GET,404,29,2.107955,0,0,/report?{},1,/report?,1,numeric,1,0,0,0,102.0,0,29,2,0,client_error,0,0,0,1,3.4011973816621555,tiny,1.1339649536361038,1,0,0,1,1,0,0,23,2,0,0,27,2,0,False,False,True,False,0,0,0,0,0,0.2795627940338063,-0.3930517182014336,0.9763468900942537,-0.395697447631425,-0.3419412433945987,0.9761468486519328,-0.3552655235637277,0.5561070751274192,-0.17526681505929956
039f6627f084,102,205,/report?report_id=205,GET,404,29,2.108135,0,0,/report?{},1,/report?,1,numeric,1,0,0,0,103.0,0,29,2,0,client_error,0,0,0,1,3.4011973816621555,tiny,1.1340228678555089,1,0,0,1,1,0,0,23,2,0,0,27,2,0,False,False,True,False,0,0,0,0,0,0.2795627940338063,-0.3930517182014336,0.9850334746241266,-0.3918317828238416,-0.3419412433945987,0.984773345460051,-0.3552655235637277,0.5561070751274192,-0.17526681505929956
e624fb126ae7,102,301,/report?report_id=301,GET,404,29,2.063744,0,0,/report?{},1,/report?,1,numeric,1,0,0,0,199.0,0,29,2,0,client_error,0,0,0,1,3.4011973816621555,tiny,1.1196376974739346,0,0,0,1,1,0,0,23,2,0,0,27,2,0,False,False,True,False,0,0,0,0,0,0.2795627940338063,-0.3930517182014336,-1.1572230468531979,-0.02072796129583512,-0.3419412433945987,-1.157940959519135,-0.3552655235637277,0.5561070751274192,-0.17526681505929956
f36c568cb1fb,102,303,/report?report_id=303,GET,404,29,2.074041,0,0,/report?{},1,/report?,1,numeric,1,0,0,0,201.0,0,29,2,0,client_error,0,0,0,1,3.4011973816621555,tiny,1.1229929826982454,0,0,0,1,1,0,0,23,2,0,0,27,2,0,False,False,True,False,0,0,0,0,0,0.2795627940338063,-0.3930517182014336,-0.6603021529410992,-0.012996631680668318,-0.3419412433945987,-0.6581611545732774,-0.3552655235637277,0.5561070751274192,-0.17526681505929956
a395c787940d,102,304,/report?report_id=304,GET,404,29,2.093704,0,0,/report?{},1,/report?,1,numeric,1,0,0,0,202.0,0,29,2,0,client_error,0,0,0,1,3.4011973816621555,tiny,1.1293690785374546,0,0,0,1,1,0,0,23,2,0,0,27,2,0,False,False,True,False,0,0,0,0,0,0.2795627940338063,-0.3930517182014336,0.2886106893424389,-0.009130966873084918,-0.3419412433945987,0.2915774583312583,-0.3552655235637277,0.5561070751274192,-0.17526681505929956
ccb055147d16,102,305,/report?report_id=305,GET,404,29,2.096105,0,0,/report?{},1,/report?,1,numeric,1,0,0,0,203.0,0,29,2,0,client_error,0,0,0,1,3.4011973816621555,tiny,1.1301448698810714,0,0,0,1,1,0,0,23,2,0,0,27,2,0,False,False,True,False,0,0,0,0,0,0.2795627940338063,-0.3930517182014336,0.4044800752104692,-0.005265302065501518,-0.3419412433945987,0.40713390747669287,-0.3552655235637277,0.5561070751274192,-0.17526681505929956
579bdf89f97f,102,401,/report?report_id=401,GET,404,29,2.108339,0,0,/report?{},1,/report?,1,numeric,1,0,0,0,299.0,0,29,2,0,client_error,0,0,0,1,3.4011973816621555,tiny,1.134088499916408,1,0,0,1,1,0,0,23,2,0,0,27,2,0,False,False,True,False,0,0,0,0,0,0.2795627940338063,-0.3930517182014336,0.9948782704246621,0.36583851946250495,-0.3419412433945987,0.99454943792358,-0.3552655235637277,0.5561070751274192,-0.17526681505929956
170263857325,102,402,/report?report_id=402,GET,404,29,2.089661,0,0,/report?{},1,/report?,1,numeric,1,0,0,0,300.0,0,29,2,0,client_error,0,0,0,1,3.4011973816621555,tiny,1.1280613761533462,0,0,0,1,1,0,0,23,2,0,0,27,2,0,False,False,True,False,0,0,0,0,0,0.2795627940338063,-0.3930517182014336,0.0935003490407477,0.3697041842700884,-0.3419412433945987,0.0967912631900812,-0.3552655235637277,0.5561070751274192,-0.17526681505929956
959da85fc8dd,102,403,/report?report_id=403,GET,404,29,2.120009,0,0,/report?{},1,/report?,1,numeric,1,0,0,0,301.0,0,29,2,0,client_error,0,0,0,1,3.4011973816621555,tiny,1.137835886432615,1,0,0,1,1,0,0,23,2,0,0,27,2,0,False,False,True,False,0,0,0,0,0,0.2795627940338063,-0.3930517182014336,1.5580585007785737,0.37356984907767177,-0.3419412433945987,1.552733907177262,-0.3552655235637277,0.5561070751274192,-0.17526681505929956
2e20e8127d59,102,404,/report?report_id=404,GET,404,29,2.094953,0,0,/report?{},1,/report?,1,numeric,1,0,0,0,302.0,0,29,2,0,client_error,0,0,0,1,3.4011973816621555,tiny,1.1297727202377323,0,0,0,1,1,0,0,23,2,0,0,27,2,0,False,False,True,False,0,0,0,0,0,0.2795627940338063,-0.3930517182014336,0.3488859342192223,0.37743551388525515,-0.3419412433945987,0.3517011011056981,-0.3552655235637277,0.5561070751274192,-0.17526681505929956
9a35fb6e6ad4,102,405,/report?report_id=405,GET,404,29,2.090327,0,0,/report?{},1,/report?,1,numeric,1,0,0,0,303.0,0,29,2,0,client_error,0,0,0,1,3.4011973816621555,tiny,1.1282769105532764,0,0,0,1,1,0,0,23,2,0,0,27,2,0,False,False,True,False,0,0,0,0,0,0.2795627940338063,-0.3930517182014336,0.12564071180129688,0.3813011786928386,-0.3419412433945987,0.1288957589795097,-0.3552655235637277,0.5561070751274192,-0.17526681505929956
4dd01f77f4ea,102,999,/report?report_id=999,GET,404,29,2.11945,0,0,/report?{},1,/report?,1,numeric,1,0,0,0,897.0,0,29,2,0,client_error,0,0,0,1,3.4011973816621555,tiny,1.1376567042306018,1,0,0,1,1,0,0,23,2,0,0,27,2,0,False,False,True,False,0,0,0,0,0,0.2795627940338063,-0.3930517182014336,1.531081829933002,2.6775060743973786,-0.3419412433945987,1.5260441803775644,-0.3552655235637277,0.5561070751274192,-0.17526681505929956
6ec4be536573,102,1000,/report?report_id=1000,GET,404,29,2.118438,0,0,/report?{},1,/report?,1,numeric,1,0,0,0,898.0,0,29,2,0,client_error,0,0,0,1,3.4011973816621555,tiny,1.1373322354331887,1,0,0,1,1,0,0,23,2,0,0,27,2,0,False,False,True,False,0,0,0,0,0,0.2795627940338063,-0.3930517182014336,1.4822439213538856,2.681371739204962,-0.3419412433945987,1.4777135791198293,-0.3552655235637277,0.5561070751274192,-0.17526681505929956
08f1c6bb61c0,102,1001,/report?report_id=1001,GET,404,29,2.103942,0,0,/report?{},1,/report?,1,numeric,1,0,0,0,899.0,0,29,2,0,client_error,0,0,0,1,3.4011973816621555,tiny,1.1326729165793845,1,0,0,1,1,0,0,23,2,0,0,27,2,0,False,False,True,False,0,0,0,0,0,0.2795627940338063,-0.3930517182014336,0.7826843138808639,2.6852374040125455,-0.3419412433945987,0.7836940510443513,-0.3552655235637277,0.5561070751274192,-0.17526681505929956
1654d82a755d,102,-1,/report?report_id=-1,GET,404,29,2.12848,0,0,/report?{},1,/report?,1,alphanumeric,0,0,1,0,103.0,0,29,2,0,client_error,0,0,0,1,3.4011973816621555,tiny,1.1405472635958278,1,0,0,1,1,0,0,23,2,0,0,27,0,0,False,False,True,False,0,0,0,0,0,0.2795627940338063,-0.3930517182014336,1.9668588205153366,-0.3918317828238416,-0.3419412433945987,1.956601673752449,-0.3552655235637277,0.5561070751274192,-0.17526681505929956
be63722ba6ff,102,0,/report?report_id=0,GET,404,29,2.07498,0,0,/report?{},1,/report?,1,numeric,1,0,0,0,102.0,0,29,2,0,client_error,0,0,0,1,3.4011973816621555,tiny,1.123298397172289,0,0,0,1,1,0,0,23,2,0,0,27,2,0,False,False,True,False,0,0,0,0,0,0.2795627940338063,-0.3930517182014336,-0.6149871369768782,-0.395697447631425,-0.3419412433945987,-0.6126687519724019,-0.3552655235637277,0.5561070751274192,-0.17526681505929956
6de277b108d0,102,abc,/report?report_id=abc,GET,404,29,2.121075,0,0,/report?{},1,/report?,1,alphanumeric,0,0,1,0,-1.0,0,29,2,0,client_error,0,0,0,1,3.4011973816621555,tiny,1.1381774937592803,1,0,0,1,1,0,0,23,2,0,0,27,0,0,False,False,True,False,0,0,0,0,0,0.2795627940338063,-0.3930517182014336,1.6095023847166325,-0.7938609228125153,-0.3419412433945987,1.6036173438078811,-0.3552655235637277,0.5561070751274192,-0.17526681505929956
d05298e5a62a,102,xyz,/report?report_id=xyz,GET,404,29,2.100469,0,0,/report?{},1,/report?,1,alphanumeric,0,0,1,0,-1.0,0,29,2,0,client_error,0,0,0,1,3.4011973816621555,tiny,1.1315533903704544,0,0,0,1,1,0,0,23,2,0,0,27,0,0,False,False,True,False,0,0,0,0,0,0.2795627940338063,-0.3930517182014336,0.6150814912571144,-0.7938609228125153,-0.3419412433945987,0.6169372620009481,-0.3552655235637277,0.5561070751274192,-0.17526681505929956
3c692e6bf944,102,../../../etc/passwd,/report?report_id=../../../etc/passwd,GET,404,29,2.0935,0,0,/report?{},1,/report?,1,other,0,0,0,0,-1.0,0,29,2,0,client_error,0,0,0,1,3.4011973816621555,tiny,1.1293031359889065,0,0,0,1,1,0,0,23,2,0,0,27,3,0,False,False,True,False,0,0,0,0,0,0.2795627940338063,-0.3930517182014336,0.2787658935419248,-0.7938609228125153,-0.3419412433945987,0.28175511780050294,-0.3552655235637277,0.5561070751274192,-0.17526681505929956
ed1c7d29d838,102,' OR '1'='1,/report?report_id=' OR '1'='1,GET,404,29,2.110008,0,0,/report?{},1,/report?,1,other,0,0,0,0,-1.0,0,29,2,0,client_error,0,0,0,1,3.4011973816621555,tiny,1.1346252985351013,1,0,0,1,1,0,0,23,2,0,0,27,3,0,False,False,True,False,0,0,0,0,0,0.2795627940338063,-0.3930517182014336,1.0754222125378372,-0.7938609228125153,-0.3419412433945987,1.074507203362383,-0.3552655235637277,0.5561070751274192,-0.17526681505929956
