request_id,timestamp,user_key,user_id,target_id,endpoint,method,url,headers,status_code,response_length,response_headers,sensitive_data_found,is_unauthorized,access_type,response_time
9a8b95940046,2025-11-05T22:55:00.781347,user_a,101,101,/user/profile?user_id=101,GET,http://localhost:5002/user/profile?user_id=101,{'Authorization': 'Bearer eyJ0eXAiOiJKV1QiLCJhbGciOiJIUzI1NiJ9.eyJ1c2VyX2lkIjoiMTAxIn0.mock_token_a'},200,155,"{'Server': 'Werkzeug/3.1.3 Python/3.13.7', 'Date': 'Wed, 05 Nov 2025 17:25:00 GMT', 'Content-Type': 'application/json', 'Content-Length': '155', 'Connection': 'close'}",1,0,authorized,2.126834
d71d5567d2d7,2025-11-05T22:55:03.003296,user_a,101,201,/user/profile?user_id=201,GET,http://localhost:5002/user/profile?user_id=201,{'Authorization': 'Bearer eyJ0eXAiOiJKV1QiLCJhbGciOiJIUzI1NiJ9.eyJ1c2VyX2lkIjoiMTAxIn0.mock_token_a'},404,27,"{'Server': 'Werkzeug/3.1.3 Python/3.13.7', 'Date': 'Wed, 05 Nov 2025 17:25:03 GMT', 'Content-Type': 'application/json', 'Content-Length': '27', 'Connection': 'close'}",0,0,authorized,2.119034
cc974ab566d1,2025-11-05T22:55:05.212472,user_a,101,301,/user/profile?user_id=301,GET,http://localhost:5002/user/profile?user_id=301,{'Authorization': 'Bearer eyJ0eXAiOiJKV1QiLCJhbGciOiJIUzI1NiJ9.eyJ1c2VyX2lkIjoiMTAxIn0.mock_token_a'},404,27,"{'Server': 'Werkzeug/3.1.3 Python/3.13.7', 'Date': 'Wed, 05 Nov 2025 17:25:05 GMT', 'Content-Type': 'application/json', 'Content-Length': '27', 'Connection': 'close'}",0,0,authorized,2.106626
786f68b11c9e,2025-11-05T22:55:07.393742,user_a,101,101,/api/user/101/details,GET,http://localhost:5002/api/user/101/details,{'Authorization': 'Bearer eyJ0eXAiOiJKV1QiLCJhbGciOiJIUzI1NiJ9.eyJ1c2VyX2lkIjoiMTAxIn0.mock_token_a'},401,25,"{'Server': 'Werkzeug/3.1.3 Python/3.13.7', 'Date': 'Wed, 05 Nov 2025 17:25:07 GMT', 'Content-Type': 'application/json', 'Content-Length': '25', 'Connection': 'close'}",0,0,authorized,2.078939
593845ec8a2a,2025-11-05T22:55:09.570659,user_a,101,201,/api/user/201/details,GET,http://localhost:5002/api/user/201/details,{'Authorization': 'Bearer eyJ0eXAiOiJKV1QiLCJhbGciOiJIUzI1NiJ9.eyJ1c2VyX2lkIjoiMTAxIn0.mock_token_a'},401,25,"{'Server': 'Werkzeug/3.1.3 Python/3.13.7', 'Date': 'Wed, 05 Nov 2025 17:25:09 GMT', 'Content-Type': 'application/json', 'Content-Length': '25', 'Connection': 'close'}",0,0,authorized,2.075404
05316a1ace0b,2025-11-05T22:55:11.721222,user_a,101,301,/api/user/301/details,POST,http://localhost:5002/api/user/301/details,{'Authorization': 'Bearer eyJ0eXAiOiJKV1QiLCJhbGciOiJIUzI1NiJ9.eyJ1c2VyX2lkIjoiMTAxIn0.mock_token_a'},405,153,"{'Server': 'Werkzeug/3.1.3 Python/3.13.7', 'Date': 'Wed, 05 Nov 2025 17:25:11 GMT', 'Content-Type': 'text/html; charset=utf-8', 'Allow': 'GET, HEAD, OPTIONS', 'Content-Length': '153', 'Connection': 'close'}",0,0,authorized,2.048617
864403045174,2025-11-05T22:55:13.936917,user_a,101,101,/profile?uid=101,GET,http://localhost:5002/profile?uid=101,{'Authorization': 'Bearer eyJ0eXAiOiJKV1QiLCJhbGciOiJIUzI1NiJ9.eyJ1c2VyX2lkIjoiMTAxIn0.mock_token_a'},200,64,"{'Server': 'Werkzeug/3.1.3 Python/3.13.7', 'Date': 'Wed, 05 Nov 2025 17:25:13 GMT', 'Content-Type': 'application/json', 'Content-Length': '64', 'Connection': 'close'}",1,0,authorized,2.113617
7dd3afaf1160,2025-11-05T22:55:16.107671,user_a,101,201,/profile?uid=201,GET,http://localhost:5002/profile?uid=201,{'Authorization': 'Bearer eyJ0eXAiOiJKV1QiLCJhbGciOiJIUzI1NiJ9.eyJ1c2VyX2lkIjoiMTAxIn0.mock_token_a'},404,30,"{'Server': 'Werkzeug/3.1.3 Python/3.13.7', 'Date': 'Wed, 05 Nov 2025 17:25:16 GMT', 'Content-Type': 'application/json', 'Content-Length': '30', 'Connection': 'close'}",0,0,authorized,2.069131
d0ca4d5c84f2,2025-11-05T22:55:18.315933,user_a,101,301,/profile?uid=301,GET,http://localhost:5002/profile?uid=301,{'Authorization': 'Bearer eyJ0eXAiOiJKV1QiLCJhbGciOiJIUzI1NiJ9.eyJ1c2VyX2lkIjoiMTAxIn0.mock_token_a'},404,30,"{'Server': 'Werkzeug/3.1.3 Python/3.13.7', 'Date': 'Wed, 05 Nov 2025 17:25:18 GMT', 'Content-Type': 'application/json', 'Content-Length': '30', 'Connection': 'close'}",0,0,authorized,2.106521
429750706146,2025-11-05T22:55:20.492431,user_a,101,101,/invoice?id=101,GET,http://localhost:5002/invoice?id=101,{'Authorization': 'Bearer eyJ0eXAiOiJKV1QiLCJhbGciOiJIUzI1NiJ9.eyJ1c2VyX2lkIjoiMTAxIn0.mock_token_a'},404,30,"{'Server': 'Werkzeug/3.1.3 Python/3.13.7', 'Date': 'Wed, 05 Nov 2025 17:25:20 GMT', 'Content-Type': 'application/json', 'Content-Length': '30', 'Connection': 'close'}",0,0,authorized,2.074398
88481022a819,2025-11-05T22:55:22.690941,user_a,101,201,/invoice?id=201,GET,http://localhost:5002/invoice?id=201,{'Authorization': 'Bearer eyJ0eXAiOiJKV1QiLCJhbGciOiJIUzI1NiJ9.eyJ1c2VyX2lkIjoiMTAxIn0.mock_token_a'},404,30,"{'Server': 'Werkzeug/3.1.3 Python/3.13.7', 'Date': 'Wed, 05 Nov 2025 17:25:22 GMT', 'Content-Type': 'application/json', 'Content-Length': '30', 'Connection': 'close'}",0,0,authorized,2.09601
6f5b158651d2,2025-11-05T22:55:24.881420,user_a,101,301,/invoice?id=301,GET,http://localhost:5002/invoice?id=301,{'Authorization': 'Bearer eyJ0eXAiOiJKV1QiLCJhbGciOiJIUzI1NiJ9.eyJ1c2VyX2lkIjoiMTAxIn0.mock_token_a'},200,85,"{'Server': 'Werkzeug/3.1.3 Python/3.13.7', 'Date': 'Wed, 05 Nov 2025 17:25:24 GMT', 'Content-Type': 'application/json', 'Content-Length': '85', 'Connection': 'close'}",0,0,authorized,2.088695
bd0910e20d50,2025-11-05T22:55:27.063813,user_a,101,101,/order/101/status,GET,http://localhost:5002/order/101/status,{'Authorization': 'Bearer eyJ0eXAiOiJKV1QiLCJhbGciOiJIUzI1NiJ9.eyJ1c2VyX2lkIjoiMTAxIn0.mock_token_a'},401,25,"{'Server': 'Werkzeug/3.1.3 Python/3.13.7', 'Date': 'Wed, 05 Nov 2025 17:25:27 GMT', 'Content-Type': 'application/json', 'Content-Length': '25', 'Connection': 'close'}",0,0,authorized,2.080827
59e236af4b06,2025-11-05T22:55:29.245941,user_a,101,201,/order/201/status,GET,http://localhost:5002/order/201/status,{'Authorization': 'Bearer eyJ0eXAiOiJKV1QiLCJhbGciOiJIUzI1NiJ9.eyJ1c2VyX2lkIjoiMTAxIn0.mock_token_a'},401,25,"{'Server': 'Werkzeug/3.1.3 Python/3.13.7', 'Date': 'Wed, 05 Nov 2025 17:25:29 GMT', 'Content-Type': 'application/json', 'Content-Length': '25', 'Connection': 'close'}",0,0,authorized,2.079395
ae0c988d33eb,2025-11-05T22:55:31.472613,user_a,101,301,/order/301/status,GET,http://localhost:5002/order/301/status,{'Authorization': 'Bearer eyJ0eXAiOiJKV1QiLCJhbGciOiJIUzI1NiJ9.eyJ1c2VyX2lkIjoiMTAxIn0.mock_token_a'},401,25,"{'Server': 'Werkzeug/3.1.3 Python/3.13.7', 'Date': 'Wed, 05 Nov 2025 17:25:31 GMT', 'Content-Type': 'application/json', 'Content-Length': '25', 'Connection': 'close'}",0,0,authorized,2.124135
4057cbd973bf,2025-11-05T22:55:33.659014,user_a,101,101,/document?doc_id=101,GET,http://localhost:5002/document?doc_id=101,{'Authorization': 'Bearer eyJ0eXAiOiJKV1QiLCJhbGciOiJIUzI1NiJ9.eyJ1c2VyX2lkIjoiMTAxIn0.mock_token_a'},404,31,"{'Server': 'Werkzeug/3.1.3 Python/3.13.7', 'Date': 'Wed, 05 Nov 2025 17:25:33 GMT', 'Content-Type': 'application/json', 'Content-Length': '31', 'Connection': 'close'}",0,0,authorized,2.084779
7e3ffe0257e0,2025-11-05T22:55:35.850078,user_a,101,201,/document?doc_id=201,GET,http://localhost:5002/document?doc_id=201,{'Authorization': 'Bearer eyJ0eXAiOiJKV1QiLCJhbGciOiJIUzI1NiJ9.eyJ1c2VyX2lkIjoiMTAxIn0.mock_token_a'},200,104,"{'Server': 'Werkzeug/3.1.3 Python/3.13.7', 'Date': 'Wed, 05 Nov 2025 17:25:35 GMT', 'Content-Type': 'application/json', 'Content-Length': '104', 'Connection': 'close'}",0,0,authorized,2.089642
3dbcc75a2818,2025-11-05T22:55:38.050093,user_a,101,301,/document?doc_id=301,GET,http://localhost:5002/document?doc_id=301,{'Authorization': 'Bearer eyJ0eXAiOiJKV1QiLCJhbGciOiJIUzI1NiJ9.eyJ1c2VyX2lkIjoiMTAxIn0.mock_token_a'},200,85,"{'Server': 'Werkzeug/3.1.3 Python/3.13.7', 'Date': 'Wed, 05 Nov 2025 17:25:38 GMT', 'Content-Type': 'application/json', 'Content-Length': '85', 'Connection': 'close'}",0,0,authorized,2.098618
b3b46557aab3,2025-11-05T22:55:40.270459,user_a,101,101,/api/account/101/balance,GET,http://localhost:5002/api/account/101/balance,{'Authorization': 'Bearer eyJ0eXAiOiJKV1QiLCJhbGciOiJIUzI1NiJ9.eyJ1c2VyX2lkIjoiMTAxIn0.mock_token_a'},401,25,"{'Server': 'Werkzeug/3.1.3 Python/3.13.7', 'Date': 'Wed, 05 Nov 2025 17:25:40 GMT', 'Content-Type': 'application/json', 'Content-Length': '25', 'Connection': 'close'}",0,0,authorized,2.118765
823d76613edc,2025-11-05T22:55:42.449133,user_a,101,201,/api/account/201/balance,POST,http://localhost:5002/api/account/201/balance,{'Authorization': 'Bearer eyJ0eXAiOiJKV1QiLCJhbGciOiJIUzI1NiJ9.eyJ1c2VyX2lkIjoiMTAxIn0.mock_token_a'},405,153,"{'Server': 'Werkzeug/3.1.3 Python/3.13.7', 'Date': 'Wed, 05 Nov 2025 17:25:42 GMT', 'Content-Type': 'text/html; charset=utf-8', 'Allow': 'GET, HEAD, OPTIONS', 'Content-Length': '153', 'Connection': 'close'}",0,0,authorized,2.077365
934a30084963,2025-11-05T22:55:44.614147,user_a,101,301,/api/account/301/balance,POST,http://localhost:5002/api/account/301/balance,{'Authorization': 'Bearer eyJ0eXAiOiJKV1QiLCJhbGciOiJIUzI1NiJ9.eyJ1c2VyX2lkIjoiMTAxIn0.mock_token_a'},405,153,"{'Server': 'Werkzeug/3.1.3 Python/3.13.7', 'Date': 'Wed, 05 Nov 2025 17:25:44 GMT', 'Content-Type': 'text/html; charset=utf-8', 'Allow': 'GET, HEAD, OPTIONS', 'Content-Length': '153', 'Connection': 'close'}",0,0,authorized,2.063771
199fdb04935a,2025-11-05T22:55:46.786282,user_a,101,101,/settings?user_id=101,GET,http://localhost:5002/settings?user_id=101,{'Authorization': 'Bearer eyJ0eXAiOiJKV1QiLCJhbGciOiJIUzI1NiJ9.eyJ1c2VyX2lkIjoiMTAxIn0.mock_token_a'},401,25,"{'Server': 'Werkzeug/3.1.3 Python/3.13.7', 'Date': 'Wed, 05 Nov 2025 17:25:46 GMT', 'Content-Type': 'application/json', 'Content-Length': '25', 'Connection': 'close'}",0,0,authorized,2.070785
02fd9b591fba,2025-11-05T22:55:49.000494,user_a,101,201,/settings?user_id=201,GET,http://localhost:5002/settings?user_id=201,{'Authorization': 'Bearer eyJ0eXAiOiJKV1QiLCJhbGciOiJIUzI1NiJ9.eyJ1c2VyX2lkIjoiMTAxIn0.mock_token_a'},401,25,"{'Server': 'Werkzeug/3.1.3 Python/3.13.7', 'Date': 'Wed, 05 Nov 2025 17:25:48 GMT', 'Content-Type': 'application/json', 'Content-Length': '25', 'Connection': 'close'}",0,0,authorized,2.112459
5906e7d1d673,2025-11-05T22:55:51.179645,user_a,101,301,/settings?user_id=301,GET,http://localhost:5002/settings?user_id=301,{'Authorization': 'Bearer eyJ0eXAiOiJKV1QiLCJhbGciOiJIUzI1NiJ9.eyJ1c2VyX2lkIjoiMTAxIn0.mock_token_a'},401,25,"{'Server': 'Werkzeug/3.1.3 Python/3.13.7', 'Date': 'Wed, 05 Nov 2025 17:25:51 GMT', 'Content-Type': 'application/json', 'Content-Length': '25', 'Connection': 'close'}",0,0,authorized,2.077648
26fa76cc17a6,2025-11-05T22:55:53.391349,user_a,101,101,/messages/101/view,GET,http://localhost:5002/messages/101/view,{'Authorization': 'Bearer eyJ0eXAiOiJKV1QiLCJhbGciOiJIUzI1NiJ9.eyJ1c2VyX2lkIjoiMTAxIn0.mock_token_a'},401,25,"{'Server': 'Werkzeug/3.1.3 Python/3.13.7', 'Date': 'Wed, 05 Nov 2025 17:25:53 GMT', 'Content-Type': 'application/json', 'Content-Length': '25', 'Connection': 'close'}",0,0,authorized,2.110378
8489154f5a3b,2025-11-05T22:55:55.564947,user_a,101,201,/messages/201/view,GET,http://localhost:5002/messages/201/view,{'Authorization': 'Bearer eyJ0eXAiOiJKV1QiLCJhbGciOiJIUzI1NiJ9.eyJ1c2VyX2lkIjoiMTAxIn0.mock_token_a'},401,25,"{'Server': 'Werkzeug/3.1.3 Python/3.13.7', 'Date': 'Wed, 05 Nov 2025 17:25:55 GMT', 'Content-Type': 'application/json', 'Content-Length': '25', 'Connection': 'close'}",0,0,authorized,2.07178
cb9c1dbc3c21,2025-11-05T22:55:57.754055,user_a,101,301,/messages/301/view,GET,http://localhost:5002/messages/301/view,{'Authorization': 'Bearer eyJ0eXAiOiJKV1QiLCJhbGciOiJIUzI1NiJ9.eyJ1c2VyX2lkIjoiMTAxIn0.mock_token_a'},401,25,"{'Server': 'Werkzeug/3.1.3 Python/3.13.7', 'Date': 'Wed, 05 Nov 2025 17:25:57 GMT', 'Content-Type': 'application/json', 'Content-Length': '25', 'Connection': 'close'}",0,0,authorized,2.08737
a1b80794ff57,2025-11-05T22:55:59.925956,user_a,101,101,/report?report_id=101,GET,http://localhost:5002/report?report_id=101,{'Authorization': 'Bearer eyJ0eXAiOiJKV1QiLCJhbGciOiJIUzI1NiJ9.eyJ1c2VyX2lkIjoiMTAxIn0.mock_token_a'},200,187,"{'Server': 'Werkzeug/3.1.3 Python/3.13.7', 'Date': 'Wed, 05 Nov 2025 17:25:59 GMT', 'Content-Type': 'application/json', 'Content-Length': '187', 'Connection': 'close'}",0,0,authorized,2.070201
06eaff66b7a9,2025-11-05T22:56:02.110291,user_a,101,201,/report?report_id=201,GET,http://localhost:5002/report?report_id=201,{'Authorization': 'Bearer eyJ0eXAiOiJKV1QiLCJhbGciOiJIUzI1NiJ9.eyJ1c2VyX2lkIjoiMTAxIn0.mock_token_a'},404,29,"{'Server': 'Werkzeug/3.1.3 Python/3.13.7', 'Date': 'Wed, 05 Nov 2025 17:26:02 GMT', 'Content-Type': 'application/json', 'Content-Length': '29', 'Connection': 'close'}",0,0,authorized,2.082048
77ad61739c7c,2025-11-05T22:56:04.299076,user_a,101,301,/report?report_id=301,GET,http://localhost:5002/report?report_id=301,{'Authorization': 'Bearer eyJ0eXAiOiJKV1QiLCJhbGciOiJIUzI1NiJ9.eyJ1c2VyX2lkIjoiMTAxIn0.mock_token_a'},404,29,"{'Server': 'Werkzeug/3.1.3 Python/3.13.7', 'Date': 'Wed, 05 Nov 2025 17:26:04 GMT', 'Content-Type': 'application/json', 'Content-Length': '29', 'Connection': 'close'}",0,0,authorized,2.086711
3676cb69841e,2025-11-05T22:56:06.466723,user_b,102,102,/user/profile?user_id=102,GET,http://localhost:5002/user/profile?user_id=102,{'Authorization': 'Bearer eyJ0eXAiOiJKV1QiLCJhbGciOiJIUzI1NiJ9.eyJ1c2VyX2lkIjoiMTAyIn0.mock_token_b'},200,159,"{'Server': 'Werkzeug/3.1.3 Python/3.13.7', 'Date': 'Wed, 05 Nov 2025 17:26:06 GMT', 'Content-Type': 'application/json', 'Content-Length': '159', 'Connection': 'close'}",1,0,authorized,2.065887
81ee42cc8020,2025-11-05T22:56:08.663953,user_b,102,202,/user/profile?user_id=202,GET,http://localhost:5002/user/profile?user_id=202,{'Authorization': 'Bearer eyJ0eXAiOiJKV1QiLCJhbGciOiJIUzI1NiJ9.eyJ1c2VyX2lkIjoiMTAyIn0.mock_token_b'},404,27,"{'Server': 'Werkzeug/3.1.3 Python/3.13.7', 'Date': 'Wed, 05 Nov 2025 17:26:08 GMT', 'Content-Type': 'application/json', 'Content-Length': '27', 'Connection': 'close'}",0,0,authorized,2.095357
44d45880c53d,2025-11-05T22:56:10.855415,user_b,102,302,/user/profile?user_id=302,GET,http://localhost:5002/user/profile?user_id=302,{'Authorization': 'Bearer eyJ0eXAiOiJKV1QiLCJhbGciOiJIUzI1NiJ9.eyJ1c2VyX2lkIjoiMTAyIn0.mock_token_b'},404,27,"{'Server': 'Werkzeug/3.1.3 Python/3.13.7', 'Date': 'Wed, 05 Nov 2025 17:26:10 GMT', 'Content-Type': 'application/json', 'Content-Length': '27', 'Connection': 'close'}",0,0,authorized,2.089956
bbe06b0605ed,2025-11-05T22:56:13.061993,user_b,102,102,/api/user/102/details,GET,http://localhost:5002/api/user/102/details,{'Authorization': 'Bearer eyJ0eXAiOiJKV1QiLCJhbGciOiJIUzI1NiJ9.eyJ1c2VyX2lkIjoiMTAyIn0.mock_token_b'},401,25,"{'Server': 'Werkzeug/3.1.3 Python/3.13.7', 'Date': 'Wed, 05 Nov 2025 17:26:13 GMT', 'Content-Type': 'application/json', 'Content-Length': '25', 'Connection': 'close'}",0,0,authorized,2.104267
e05abdd18ccc,2025-11-05T22:56:15.202013,user_b,102,202,/api/user/202/details,POST,http://localhost:5002/api/user/202/details,{'Authorization': 'Bearer eyJ0eXAiOiJKV1QiLCJhbGciOiJIUzI1NiJ9.eyJ1c2VyX2lkIjoiMTAyIn0.mock_token_b'},405,153,"{'Server': 'Werkzeug/3.1.3 Python/3.13.7', 'Date': 'Wed, 05 Nov 2025 17:26:15 GMT', 'Content-Type': 'text/html; charset=utf-8', 'Allow': 'GET, HEAD, OPTIONS', 'Content-Length': '153', 'Connection': 'close'}",0,0,authorized,2.037809
5f260ca4a9a9,2025-11-05T22:56:17.412657,user_b,102,302,/api/user/302/details,GET,http://localhost:5002/api/user/302/details,{'Authorization': 'Bearer eyJ0eXAiOiJKV1QiLCJhbGciOiJIUzI1NiJ9.eyJ1c2VyX2lkIjoiMTAyIn0.mock_token_b'},401,25,"{'Server': 'Werkzeug/3.1.3 Python/3.13.7', 'Date': 'Wed, 05 Nov 2025 17:26:17 GMT', 'Content-Type': 'application/json', 'Content-Length': '25', 'Connection': 'close'}",0,0,authorized,2.108365
fd4e105b811b,2025-11-05T22:56:19.612529,user_b,102,102,/profile?uid=102,GET,http://localhost:5002/profile?uid=102,{'Authorization': 'Bearer eyJ0eXAiOiJKV1QiLCJhbGciOiJIUzI1NiJ9.eyJ1c2VyX2lkIjoiMTAyIn0.mock_token_b'},200,66,"{'Server': 'Werkzeug/3.1.3 Python/3.13.7', 'Date': 'Wed, 05 Nov 2025 17:26:19 GMT', 'Content-Type': 'application/json', 'Content-Length': '66', 'Connection': 'close'}",1,0,authorized,2.098396
b1f8c6df072b,2025-11-05T22:56:21.818958,user_b,102,202,/profile?uid=202,GET,http://localhost:5002/profile?uid=202,{'Authorization': 'Bearer eyJ0eXAiOiJKV1QiLCJhbGciOiJIUzI1NiJ9.eyJ1c2VyX2lkIjoiMTAyIn0.mock_token_b'},404,30,"{'Server': 'Werkzeug/3.1.3 Python/3.13.7', 'Date': 'Wed, 05 Nov 2025 17:26:21 GMT', 'Content-Type': 'application/json', 'Content-Length': '30', 'Connection': 'close'}",0,0,authorized,2.104469
535f3e06c3ea,2025-11-05T22:56:24.019408,user_b,102,302,/profile?uid=302,GET,http://localhost:5002/profile?uid=302,{'Authorization': 'Bearer eyJ0eXAiOiJKV1QiLCJhbGciOiJIUzI1NiJ9.eyJ1c2VyX2lkIjoiMTAyIn0.mock_token_b'},404,30,"{'Server': 'Werkzeug/3.1.3 Python/3.13.7', 'Date': 'Wed, 05 Nov 2025 17:26:24 GMT', 'Content-Type': 'application/json', 'Content-Length': '30', 'Connection': 'close'}",0,0,authorized,2.099064
da1fc9536cb4,2025-11-05T22:56:26.245323,user_b,102,102,/invoice?id=102,GET,http://localhost:5002/invoice?id=102,{'Authorization': 'Bearer eyJ0eXAiOiJKV1QiLCJhbGciOiJIUzI1NiJ9.eyJ1c2VyX2lkIjoiMTAyIn0.mock_token_b'},404,30,"{'Server': 'Werkzeug/3.1.3 Python/3.13.7', 'Date': 'Wed, 05 Nov 2025 17:26:26 GMT', 'Content-Type': 'application/json', 'Content-Length': '30', 'Connection': 'close'}",0,0,authorized,2.124259
3d604808f268,2025-11-05T22:56:28.416030,user_b,102,202,/invoice?id=202,GET,http://localhost:5002/invoice?id=202,{'Authorization': 'Bearer eyJ0eXAiOiJKV1QiLCJhbGciOiJIUzI1NiJ9.eyJ1c2VyX2lkIjoiMTAyIn0.mock_token_b'},404,30,"{'Server': 'Werkzeug/3.1.3 Python/3.13.7', 'Date': 'Wed, 05 Nov 2025 17:26:28 GMT', 'Content-Type': 'application/json', 'Content-Length': '30', 'Connection': 'close'}",0,0,authorized,2.068752
c6045dca1261,2025-11-05T22:56:30.629807,user_b,102,302,/invoice?id=302,GET,http://localhost:5002/invoice?id=302,{'Authorization': 'Bearer eyJ0eXAiOiJKV1QiLCJhbGciOiJIUzI1NiJ9.eyJ1c2VyX2lkIjoiMTAyIn0.mock_token_b'},200,88,"{'Server': 'Werkzeug/3.1.3 Python/3.13.7', 'Date': 'Wed, 05 Nov 2025 17:26:30 GMT', 'Content-Type': 'application/json', 'Content-Length': '88', 'Connection': 'close'}",0,0,authorized,2.111837
6e9f48bd98dd,2025-11-05T22:56:32.831897,user_b,102,102,/order/102/status,GET,http://localhost:5002/order/102/status,{'Authorization': 'Bearer eyJ0eXAiOiJKV1QiLCJhbGciOiJIUzI1NiJ9.eyJ1c2VyX2lkIjoiMTAyIn0.mock_token_b'},401,25,"{'Server': 'Werkzeug/3.1.3 Python/3.13.7', 'Date': 'Wed, 05 Nov 2025 17:26:32 GMT', 'Content-Type': 'application/json', 'Content-Length': '25', 'Connection': 'close'}",0,0,authorized,2.099729
7df687ad95ba,2025-11-05T22:56:35.041901,user_b,102,202,/order/202/status,GET,http://localhost:5002/order/202/status,{'Authorization': 'Bearer eyJ0eXAiOiJKV1QiLCJhbGciOiJIUzI1NiJ9.eyJ1c2VyX2lkIjoiMTAyIn0.mock_token_b'},401,25,"{'Server': 'Werkzeug/3.1.3 Python/3.13.7', 'Date': 'Wed, 05 Nov 2025 17:26:35 GMT', 'Content-Type': 'application/json', 'Content-Length': '25', 'Connection': 'close'}",0,0,authorized,2.109051
377f5138956e,2025-11-05T22:56:37.217614,user_b,102,302,/order/302/status,GET,http://localhost:5002/order/302/status,{'Authorization': 'Bearer eyJ0eXAiOiJKV1QiLCJhbGciOiJIUzI1NiJ9.eyJ1c2VyX2lkIjoiMTAyIn0.mock_token_b'},401,25,"{'Server': 'Werkzeug/3.1.3 Python/3.13.7', 'Date': 'Wed, 05 Nov 2025 17:26:37 GMT', 'Content-Type': 'application/json', 'Content-Length': '25', 'Connection': 'close'}",0,0,authorized,2.074295
a816e0cca9b1,2025-11-05T22:56:39.392064,user_b,102,102,/document?doc_id=102,GET,http://localhost:5002/document?doc_id=102,{'Authorization': 'Bearer eyJ0eXAiOiJKV1QiLCJhbGciOiJIUzI1NiJ9.eyJ1c2VyX2lkIjoiMTAyIn0.mock_token_b'},404,31,"{'Server': 'Werkzeug/3.1.3 Python/3.13.7', 'Date': 'Wed, 05 Nov 2025 17:26:39 GMT', 'Content-Type': 'application/json', 'Content-Length': '31', 'Connection': 'close'}",0,0,authorized,2.073074
f275503d4152,2025-11-05T22:56:41.583224,user_b,102,202,/document?doc_id=202,GET,http://localhost:5002/document?doc_id=202,{'Authorization': 'Bearer eyJ0eXAiOiJKV1QiLCJhbGciOiJIUzI1NiJ9.eyJ1c2VyX2lkIjoiMTAyIn0.mock_token_b'},200,114,"{'Server': 'Werkzeug/3.1.3 Python/3.13.7', 'Date': 'Wed, 05 Nov 2025 17:26:41 GMT', 'Content-Type': 'application/json', 'Content-Length': '114', 'Connection': 'close'}",0,0,authorized,2.089759
d2f156050652,2025-11-05T22:56:43.805381,user_b,102,302,/document?doc_id=302,GET,http://localhost:5002/document?doc_id=302,{'Authorization': 'Bearer eyJ0eXAiOiJKV1QiLCJhbGciOiJIUzI1NiJ9.eyJ1c2VyX2lkIjoiMTAyIn0.mock_token_b'},200,88,"{'Server': 'Werkzeug/3.1.3 Python/3.13.7', 'Date': 'Wed, 05 Nov 2025 17:26:43 GMT', 'Content-Type': 'application/json', 'Content-Length': '88', 'Connection': 'close'}",0,0,authorized,2.120395
fe8331f08e02,2025-11-05T22:56:45.951665,user_b,102,102,/api/account/102/balance,POST,http://localhost:5002/api/account/102/balance,{'Authorization': 'Bearer eyJ0eXAiOiJKV1QiLCJhbGciOiJIUzI1NiJ9.eyJ1c2VyX2lkIjoiMTAyIn0.mock_token_b'},405,153,"{'Server': 'Werkzeug/3.1.3 Python/3.13.7', 'Date': 'Wed, 05 Nov 2025 17:26:45 GMT', 'Content-Type': 'text/html; charset=utf-8', 'Allow': 'GET, HEAD, OPTIONS', 'Content-Length': '153', 'Connection': 'close'}",0,0,authorized,2.045143
f520db42c5fb,2025-11-05T22:56:48.121343,user_b,102,202,/api/account/202/balance,GET,http://localhost:5002/api/account/202/balance,{'Authorization': 'Bearer eyJ0eXAiOiJKV1QiLCJhbGciOiJIUzI1NiJ9.eyJ1c2VyX2lkIjoiMTAyIn0.mock_token_b'},401,25,"{'Server': 'Werkzeug/3.1.3 Python/3.13.7', 'Date': 'Wed, 05 Nov 2025 17:26:48 GMT', 'Content-Type': 'application/json', 'Content-Length': '25', 'Connection': 'close'}",0,0,authorized,2.068227
f4b50d8933be,2025-11-05T22:56:50.346137,user_b,102,302,/api/account/302/balance,GET,http://localhost:5002/api/account/302/balance,{'Authorization': 'Bearer eyJ0eXAiOiJKV1QiLCJhbGciOiJIUzI1NiJ9.eyJ1c2VyX2lkIjoiMTAyIn0.mock_token_b'},401,25,"{'Server': 'Werkzeug/3.1.3 Python/3.13.7', 'Date': 'Wed, 05 Nov 2025 17:26:50 GMT', 'Content-Type': 'application/json', 'Content-Length': '25', 'Connection': 'close'}",0,0,authorized,2.122835
3639007cc019,2025-11-05T22:56:52.542269,user_b,102,102,/settings?user_id=102,GET,http://localhost:5002/settings?user_id=102,{'Authorization': 'Bearer eyJ0eXAiOiJKV1QiLCJhbGciOiJIUzI1NiJ9.eyJ1c2VyX2lkIjoiMTAyIn0.mock_token_b'},401,25,"{'Server': 'Werkzeug/3.1.3 Python/3.13.7', 'Date': 'Wed, 05 Nov 2025 17:26:52 GMT', 'Content-Type': 'application/json', 'Content-Length': '25', 'Connection': 'close'}",0,0,authorized,2.094774
49b90c410993,2025-11-05T22:56:54.729258,user_b,102,202,/settings?user_id=202,GET,http://localhost:5002/settings?user_id=202,{'Authorization': 'Bearer eyJ0eXAiOiJKV1QiLCJhbGciOiJIUzI1NiJ9.eyJ1c2VyX2lkIjoiMTAyIn0.mock_token_b'},401,25,"{'Server': 'Werkzeug/3.1.3 Python/3.13.7', 'Date': 'Wed, 05 Nov 2025 17:26:54 GMT', 'Content-Type': 'application/json', 'Content-Length': '25', 'Connection': 'close'}",0,0,authorized,2.085608
e5a8866d8e83,2025-11-05T22:56:56.921592,user_b,102,302,/settings?user_id=302,GET,http://localhost:5002/settings?user_id=302,{'Authorization': 'Bearer eyJ0eXAiOiJKV1QiLCJhbGciOiJIUzI1NiJ9.eyJ1c2VyX2lkIjoiMTAyIn0.mock_token_b'},401,25,"{'Server': 'Werkzeug/3.1.3 Python/3.13.7', 'Date': 'Wed, 05 Nov 2025 17:26:56 GMT', 'Content-Type': 'application/json', 'Content-Length': '25', 'Connection': 'close'}",0,0,authorized,2.090976
321dab7ed32c,2025-11-05T22:56:59.080290,user_b,102,102,/messages/102/view,GET,http://localhost:5002/messages/102/view,{'Authorization': 'Bearer eyJ0eXAiOiJKV1QiLCJhbGciOiJIUzI1NiJ9.eyJ1c2VyX2lkIjoiMTAyIn0.mock_token_b'},401,25,"{'Server': 'Werkzeug/3.1.3 Python/3.13.7', 'Date': 'Wed, 05 Nov 2025 17:26:59 GMT', 'Content-Type': 'application/json', 'Content-Length': '25', 'Connection': 'close'}",0,0,authorized,2.057067
a2337a298e24,2025-11-05T22:57:01.270504,user_b,102,202,/messages/202/view,GET,http://localhost:5002/messages/202/view,{'Authorization': 'Bearer eyJ0eXAiOiJKV1QiLCJhbGciOiJIUzI1NiJ9.eyJ1c2VyX2lkIjoiMTAyIn0.mock_token_b'},401,25,"{'Server': 'Werkzeug/3.1.3 Python/3.13.7', 'Date': 'Wed, 05 Nov 2025 17:27:01 GMT', 'Content-Type': 'application/json', 'Content-Length': '25', 'Connection': 'close'}",0,0,authorized,2.08899
c31e3ff0016b,2025-11-05T22:57:03.454959,user_b,102,302,/messages/302/view,GET,http://localhost:5002/messages/302/view,{'Authorization': 'Bearer eyJ0eXAiOiJKV1QiLCJhbGciOiJIUzI1NiJ9.eyJ1c2VyX2lkIjoiMTAyIn0.mock_token_b'},401,25,"{'Server': 'Werkzeug/3.1.3 Python/3.13.7', 'Date': 'Wed, 05 Nov 2025 17:27:03 GMT', 'Content-Type': 'application/json', 'Content-Length': '25', 'Connection': 'close'}",0,0,authorized,2.083052
840b2cd14964,2025-11-05T22:57:05.616658,user_b,102,102,/report?report_id=102,GET,http://localhost:5002/report?report_id=102,{'Authorization': 'Bearer eyJ0eXAiOiJKV1QiLCJhbGciOiJIUzI1NiJ9.eyJ1c2VyX2lkIjoiMTAyIn0.mock_token_b'},200,186,"{'Server': 'Werkzeug/3.1.3 Python/3.13.7', 'Date': 'Wed, 05 Nov 2025 17:27:05 GMT', 'Content-Type': 'application/json', 'Content-Length': '186', 'Connection': 'close'}",0,0,authorized,2.059501
9da5f8528acd,2025-11-05T22:57:07.786606,user_b,102,202,/report?report_id=202,GET,http://localhost:5002/report?report_id=202,{'Authorization': 'Bearer eyJ0eXAiOiJKV1QiLCJhbGciOiJIUzI1NiJ9.eyJ1c2VyX2lkIjoiMTAyIn0.mock_token_b'},404,29,"{'Server': 'Werkzeug/3.1.3 Python/3.13.7', 'Date': 'Wed, 05 Nov 2025 17:27:07 GMT', 'Content-Type': 'application/json', 'Content-Length': '29', 'Connection': 'close'}",0,0,authorized,2.068509
b07ef3b95a35,2025-11-05T22:57:09.995584,user_b,102,302,/report?report_id=302,GET,http://localhost:5002/report?report_id=302,{'Authorization': 'Bearer eyJ0eXAiOiJKV1QiLCJhbGciOiJIUzI1NiJ9.eyJ1c2VyX2lkIjoiMTAyIn0.mock_token_b'},404,29,"{'Server': 'Werkzeug/3.1.3 Python/3.13.7', 'Date': 'Wed, 05 Nov 2025 17:27:09 GMT', 'Content-Type': 'application/json', 'Content-Length': '29', 'Connection': 'close'}",0,0,authorized,2.106456
edbd2aa46521,2025-11-05T22:57:12.207128,user_a,101,102,/user/profile?user_id=102,GET,http://localhost:5002/user/profile?user_id=102,{'Authorization': 'Bearer eyJ0eXAiOiJKV1QiLCJhbGciOiJIUzI1NiJ9.eyJ1c2VyX2lkIjoiMTAxIn0.mock_token_a'},200,159,"{'Server': 'Werkzeug/3.1.3 Python/3.13.7', 'Date': 'Wed, 05 Nov 2025 17:27:12 GMT', 'Content-Type': 'application/json', 'Content-Length': '159', 'Connection': 'close'}",1,1,unauthorized_test,2.109407
e0489d065d0c,2025-11-05T22:57:14.379599,user_a,101,103,/user/profile?user_id=103,GET,http://localhost:5002/user/profile?user_id=103,{'Authorization': 'Bearer eyJ0eXAiOiJKV1QiLCJhbGciOiJIUzI1NiJ9.eyJ1c2VyX2lkIjoiMTAxIn0.mock_token_a'},200,160,"{'Server': 'Werkzeug/3.1.3 Python/3.13.7', 'Date': 'Wed, 05 Nov 2025 17:27:14 GMT', 'Content-Type': 'application/json', 'Content-Length': '160', 'Connection': 'close'}",1,1,unauthorized_test,2.07088
c5f02ef118ff,2025-11-05T22:57:16.553359,user_a,101,104,/user/profile?user_id=104,GET,http://localhost:5002/user/profile?user_id=104,{'Authorization': 'Bearer eyJ0eXAiOiJKV1QiLCJhbGciOiJIUzI1NiJ9.eyJ1c2VyX2lkIjoiMTAxIn0.mock_token_a'},404,27,"{'Server': 'Werkzeug/3.1.3 Python/3.13.7', 'Date': 'Wed, 05 Nov 2025 17:27:16 GMT', 'Content-Type': 'application/json', 'Content-Length': '27', 'Connection': 'close'}",0,0,unauthorized_test,2.072225
0fb913a8af60,2025-11-05T22:57:18.755748,user_a,101,105,/user/profile?user_id=105,GET,http://localhost:5002/user/profile?user_id=105,{'Authorization': 'Bearer eyJ0eXAiOiJKV1QiLCJhbGciOiJIUzI1NiJ9.eyJ1c2VyX2lkIjoiMTAxIn0.mock_token_a'},404,27,"{'Server': 'Werkzeug/3.1.3 Python/3.13.7', 'Date': 'Wed, 05 Nov 2025 17:27:18 GMT', 'Content-Type': 'application/json', 'Content-Length': '27', 'Connection': 'close'}",0,0,unauthorized_test,2.10067
39800635b085,2025-11-05T22:57:20.920783,user_a,101,202,/user/profile?user_id=202,GET,http://localhost:5002/user/profile?user_id=202,{'Authorization': 'Bearer eyJ0eXAiOiJKV1QiLCJhbGciOiJIUzI1NiJ9.eyJ1c2VyX2lkIjoiMTAxIn0.mock_token_a'},404,27,"{'Server': 'Werkzeug/3.1.3 Python/3.13.7', 'Date': 'Wed, 05 Nov 2025 17:27:20 GMT', 'Content-Type': 'application/json', 'Content-Length': '27', 'Connection': 'close'}",0,0,unauthorized_test,2.0634
c11907c29380,2025-11-05T22:57:23.097674,user_a,101,203,/user/profile?user_id=203,GET,http://localhost:5002/user/profile?user_id=203,{'Authorization': 'Bearer eyJ0eXAiOiJKV1QiLCJhbGciOiJIUzI1NiJ9.eyJ1c2VyX2lkIjoiMTAxIn0.mock_token_a'},404,27,"{'Server': 'Werkzeug/3.1.3 Python/3.13.7', 'Date': 'Wed, 05 Nov 2025 17:27:23 GMT', 'Content-Type': 'application/json', 'Content-Length': '27', 'Connection': 'close'}",0,0,unauthorized_test,2.075277
fd3a22074d98,2025-11-05T22:57:25.298508,user_a,101,204,/user/profile?user_id=204,GET,http://localhost:5002/user/profile?user_id=204,{'Authorization': 'Bearer eyJ0eXAiOiJKV1QiLCJhbGciOiJIUzI1NiJ9.eyJ1c2VyX2lkIjoiMTAxIn0.mock_token_a'},404,27,"{'Server': 'Werkzeug/3.1.3 Python/3.13.7', 'Date': 'Wed, 05 Nov 2025 17:27:25 GMT', 'Content-Type': 'application/json', 'Content-Length': '27', 'Connection': 'close'}",0,0,unauthorized_test,2.099231
850e4a276e67,2025-11-05T22:57:27.505743,user_a,101,205,/user/profile?user_id=205,GET,http://localhost:5002/user/profile?user_id=205,{'Authorization': 'Bearer eyJ0eXAiOiJKV1QiLCJhbGciOiJIUzI1NiJ9.eyJ1c2VyX2lkIjoiMTAxIn0.mock_token_a'},404,27,"{'Server': 'Werkzeug/3.1.3 Python/3.13.7', 'Date': 'Wed, 05 Nov 2025 17:27:27 GMT', 'Content-Type': 'application/json', 'Content-Length': '27', 'Connection': 'close'}",0,0,unauthorized_test,2.105712
9150b68c84d3,2025-11-05T22:57:29.705607,user_a,101,302,/user/profile?user_id=302,GET,http://localhost:5002/user/profile?user_id=302,{'Authorization': 'Bearer eyJ0eXAiOiJKV1QiLCJhbGciOiJIUzI1NiJ9.eyJ1c2VyX2lkIjoiMTAxIn0.mock_token_a'},404,27,"{'Server': 'Werkzeug/3.1.3 Python/3.13.7', 'Date': 'Wed, 05 Nov 2025 17:27:29 GMT', 'Content-Type': 'application/json', 'Content-Length': '27', 'Connection': 'close'}",0,0,unauthorized_test,2.098669
4b609d6608f5,2025-11-05T22:57:31.901114,user_a,101,303,/user/profile?user_id=303,GET,http://localhost:5002/user/profile?user_id=303,{'Authorization': 'Bearer eyJ0eXAiOiJKV1QiLCJhbGciOiJIUzI1NiJ9.eyJ1c2VyX2lkIjoiMTAxIn0.mock_token_a'},404,27,"{'Server': 'Werkzeug/3.1.3 Python/3.13.7', 'Date': 'Wed, 05 Nov 2025 17:27:31 GMT', 'Content-Type': 'application/json', 'Content-Length': '27', 'Connection': 'close'}",0,0,unauthorized_test,2.093652
6eb527367961,2025-11-05T22:57:34.095459,user_a,101,304,/user/profile?user_id=304,GET,http://localhost:5002/user/profile?user_id=304,{'Authorization': 'Bearer eyJ0eXAiOiJKV1QiLCJhbGciOiJIUzI1NiJ9.eyJ1c2VyX2lkIjoiMTAxIn0.mock_token_a'},404,27,"{'Server': 'Werkzeug/3.1.3 Python/3.13.7', 'Date': 'Wed, 05 Nov 2025 17:27:34 GMT', 'Content-Type': 'application/json', 'Content-Length': '27', 'Connection': 'close'}",0,0,unauthorized_test,2.093033
05296ccddf19,2025-11-05T22:57:36.255208,user_a,101,305,/user/profile?user_id=305,GET,http://localhost:5002/user/profile?user_id=305,{'Authorization': 'Bearer eyJ0eXAiOiJKV1QiLCJhbGciOiJIUzI1NiJ9.eyJ1c2VyX2lkIjoiMTAxIn0.mock_token_a'},404,27,"{'Server': 'Werkzeug/3.1.3 Python/3.13.7', 'Date': 'Wed, 05 Nov 2025 17:27:36 GMT', 'Content-Type': 'application/json', 'Content-Length': '27', 'Connection': 'close'}",0,0,unauthorized_test,2.058068
c770cac95964,2025-11-05T22:57:38.484944,user_a,101,401,/user/profile?user_id=401,GET,http://localhost:5002/user/profile?user_id=401,{'Authorization': 'Bearer eyJ0eXAiOiJKV1QiLCJhbGciOiJIUzI1NiJ9.eyJ1c2VyX2lkIjoiMTAxIn0.mock_token_a'},404,27,"{'Server': 'Werkzeug/3.1.3 Python/3.13.7', 'Date': 'Wed, 05 Nov 2025 17:27:38 GMT', 'Content-Type': 'application/json', 'Content-Length': '27', 'Connection': 'close'}",0,0,unauthorized_test,2.128397
4f215de7bc89,2025-11-05T22:57:40.693123,user_a,101,402,/user/profile?user_id=402,GET,http://localhost:5002/user/profile?user_id=402,{'Authorization': 'Bearer eyJ0eXAiOiJKV1QiLCJhbGciOiJIUzI1NiJ9.eyJ1c2VyX2lkIjoiMTAxIn0.mock_token_a'},404,27,"{'Server': 'Werkzeug/3.1.3 Python/3.13.7', 'Date': 'Wed, 05 Nov 2025 17:27:40 GMT', 'Content-Type': 'application/json', 'Content-Length': '27', 'Connection': 'close'}",0,0,unauthorized_test,2.106358
96da27be9413,2025-11-05T22:57:42.893034,user_a,101,403,/user/profile?user_id=403,GET,http://localhost:5002/user/profile?user_id=403,{'Authorization': 'Bearer eyJ0eXAiOiJKV1QiLCJhbGciOiJIUzI1NiJ9.eyJ1c2VyX2lkIjoiMTAxIn0.mock_token_a'},404,27,"{'Server': 'Werkzeug/3.1.3 Python/3.13.7', 'Date': 'Wed, 05 Nov 2025 17:27:42 GMT', 'Content-Type': 'application/json', 'Content-Length': '27', 'Connection': 'close'}",0,0,unauthorized_test,2.098051
47cde8b5186c,2025-11-05T22:57:45.093970,user_a,101,404,/user/profile?user_id=404,GET,http://localhost:5002/user/profile?user_id=404,{'Authorization': 'Bearer eyJ0eXAiOiJKV1QiLCJhbGciOiJIUzI1NiJ9.eyJ1c2VyX2lkIjoiMTAxIn0.mock_token_a'},404,27,"{'Server': 'Werkzeug/3.1.3 Python/3.13.7', 'Date': 'Wed, 05 Nov 2025 17:27:45 GMT', 'Content-Type': 'application/json', 'Content-Length': '27', 'Connection': 'close'}",0,0,unauthorized_test,2.099172
adb9215d2201,2025-11-05T22:57:47.317459,user_a,101,405,/user/profile?user_id=405,GET,http://localhost:5002/user/profile?user_id=405,{'Authorization': 'Bearer eyJ0eXAiOiJKV1QiLCJhbGciOiJIUzI1NiJ9.eyJ1c2VyX2lkIjoiMTAxIn0.mock_token_a'},404,27,"{'Server': 'Werkzeug/3.1.3 Python/3.13.7', 'Date': 'Wed, 05 Nov 2025 17:27:47 GMT', 'Content-Type': 'application/json', 'Content-Length': '27', 'Connection': 'close'}",0,0,unauthorized_test,2.122004
c652cb9f515c,2025-11-05T22:57:49.468014,user_a,101,999,/user/profile?user_id=999,GET,http://localhost:5002/user/profile?user_id=999,{'Authorization': 'Bearer eyJ0eXAiOiJKV1QiLCJhbGciOiJIUzI1NiJ9.eyJ1c2VyX2lkIjoiMTAxIn0.mock_token_a'},404,27,"{'Server': 'Werkzeug/3.1.3 Python/3.13.7', 'Date': 'Wed, 05 Nov 2025 17:27:49 GMT', 'Content-Type': 'application/json', 'Content-Length': '27', 'Connection': 'close'}",0,0,unauthorized_test,2.049395
db1d1094510c,2025-11-05T22:57:51.670039,user_a,101,1000,/user/profile?user_id=1000,GET,http://localhost:5002/user/profile?user_id=1000,{'Authorization': 'Bearer eyJ0eXAiOiJKV1QiLCJhbGciOiJIUzI1NiJ9.eyJ1c2VyX2lkIjoiMTAxIn0.mock_token_a'},404,27,"{'Server': 'Werkzeug/3.1.3 Python/3.13.7', 'Date': 'Wed, 05 Nov 2025 17:27:51 GMT', 'Content-Type': 'application/json', 'Content-Length': '27', 'Connection': 'close'}",0,0,unauthorized_test,2.100876
a169567c2f34,2025-11-05T22:57:53.877837,user_a,101,1001,/user/profile?user_id=1001,GET,http://localhost:5002/user/profile?user_id=1001,{'Authorization': 'Bearer eyJ0eXAiOiJKV1QiLCJhbGciOiJIUzI1NiJ9.eyJ1c2VyX2lkIjoiMTAxIn0.mock_token_a'},404,27,"{'Server': 'Werkzeug/3.1.3 Python/3.13.7', 'Date': 'Wed, 05 Nov 2025 17:27:53 GMT', 'Content-Type': 'application/json', 'Content-Length': '27', 'Connection': 'close'}",0,0,unauthorized_test,2.106287
e8a9fe8cf4f2,2025-11-05T22:57:56.052640,user_a,101,-1,/user/profile?user_id=-1,GET,http://localhost:5002/user/profile?user_id=-1,{'Authorization': 'Bearer eyJ0eXAiOiJKV1QiLCJhbGciOiJIUzI1NiJ9.eyJ1c2VyX2lkIjoiMTAxIn0.mock_token_a'},404,27,"{'Server': 'Werkzeug/3.1.3 Python/3.13.7', 'Date': 'Wed, 05 Nov 2025 17:27:56 GMT', 'Content-Type': 'application/json', 'Content-Length': '27', 'Connection': 'close'}",0,0,unauthorized_test,2.073549
c9e20762e8c0,2025-11-05T22:57:58.228658,user_a,101,0,/user/profile?user_id=0,GET,http://localhost:5002/user/profile?user_id=0,{'Authorization': 'Bearer eyJ0eXAiOiJKV1QiLCJhbGciOiJIUzI1NiJ9.eyJ1c2VyX2lkIjoiMTAxIn0.mock_token_a'},404,27,"{'Server': 'Werkzeug/3.1.3 Python/3.13.7', 'Date': 'Wed, 05 Nov 2025 17:27:58 GMT', 'Content-Type': 'application/json', 'Content-Length': '27', 'Connection': 'close'}",0,0,unauthorized_test,2.074515
8e8dc56de92b,2025-11-05T22:58:00.430104,user_a,101,abc,/user/profile?user_id=abc,GET,http://localhost:5002/user/profile?user_id=abc,{'Authorization': 'Bearer eyJ0eXAiOiJKV1QiLCJhbGciOiJIUzI1NiJ9.eyJ1c2VyX2lkIjoiMTAxIn0.mock_token_a'},404,27,"{'Server': 'Werkzeug/3.1.3 Python/3.13.7', 'Date': 'Wed, 05 Nov 2025 17:28:00 GMT', 'Content-Type': 'application/json', 'Content-Length': '27', 'Connection': 'close'}",0,0,unauthorized_test,2.099896
94f773fbbede,2025-11-05T22:58:02.619837,user_a,101,xyz,/user/profile?user_id=xyz,GET,http://localhost:5002/user/profile?user_id=xyz,{'Authorization': 'Bearer eyJ0eXAiOiJKV1QiLCJhbGciOiJIUzI1NiJ9.eyJ1c2VyX2lkIjoiMTAxIn0.mock_token_a'},404,27,"{'Server': 'Werkzeug/3.1.3 Python/3.13.7', 'Date': 'Wed, 05 Nov 2025 17:28:02 GMT', 'Content-Type': 'application/json', 'Content-Length': '27', 'Connection': 'close'}",0,0,unauthorized_test,2.088114
54d4fa5b5a11,2025-11-05T22:58:04.780849,user_a,101,../../../etc/passwd,/user/profile?user_id=../../../etc/passwd,GET,http://localhost:5002/user/profile?user_id=../../../etc/passwd,{'Authorization': 'Bearer eyJ0eXAiOiJKV1QiLCJhbGciOiJIUzI1NiJ9.eyJ1c2VyX2lkIjoiMTAxIn0.mock_token_a'},404,27,"{'Server': 'Werkzeug/3.1.3 Python/3.13.7', 'Date': 'Wed, 05 Nov 2025 17:28:04 GMT', 'Content-Type': 'application/json', 'Content-Length': '27', 'Connection': 'close'}",0,0,unauthorized_test,2.059614
2aa0d304408b,2025-11-05T22:58:06.986558,user_a,101,' OR '1'='1,/user/profile?user_id=' OR '1'='1,GET,http://localhost:5002/user/profile?user_id=' OR '1'='1,{'Authorization': 'Bearer eyJ0eXAiOiJKV1QiLCJhbGciOiJIUzI1NiJ9.eyJ1c2VyX2lkIjoiMTAxIn0.mock_token_a'},404,27,"{'Server': 'Werkzeug/3.1.3 Python/3.13.7', 'Date': 'Wed, 05 Nov 2025 17:28:06 GMT', 'Content-Type': 'application/json', 'Content-Length': '27', 'Connection': 'close'}",0,0,unauthorized_test,2.104299
67888cf982cd,2025-11-05T22:58:09.136188,user_a,101,102,/api/user/102/details,POST,http://localhost:5002/api/user/102/details,{'Authorization': 'Bearer eyJ0eXAiOiJKV1QiLCJhbGciOiJIUzI1NiJ9.eyJ1c2VyX2lkIjoiMTAxIn0.mock_token_a'},405,153,"{'Server': 'Werkzeug/3.1.3 Python/3.13.7', 'Date': 'Wed, 05 Nov 2025 17:28:09 GMT', 'Content-Type': 'text/html; charset=utf-8', 'Allow': 'GET, HEAD, OPTIONS', 'Content-Length': '153', 'Connection': 'close'}",0,0,unauthorized_test,2.047847
14e4bb40f400,2025-11-05T22:58:11.318553,user_a,101,103,/api/user/103/details,GET,http://localhost:5002/api/user/103/details,{'Authorization': 'Bearer eyJ0eXAiOiJKV1QiLCJhbGciOiJIUzI1NiJ9.eyJ1c2VyX2lkIjoiMTAxIn0.mock_token_a'},401,25,"{'Server': 'Werkzeug/3.1.3 Python/3.13.7', 'Date': 'Wed, 05 Nov 2025 17:28:11 GMT', 'Content-Type': 'application/json', 'Content-Length': '25', 'Connection': 'close'}",0,0,unauthorized_test,2.081024
0709e6f2cbc5,2025-11-05T22:58:13.519476,user_a,101,104,/api/user/104/details,GET,http://localhost:5002/api/user/104/details,{'Authorization': 'Bearer eyJ0eXAiOiJKV1QiLCJhbGciOiJIUzI1NiJ9.eyJ1c2VyX2lkIjoiMTAxIn0.mock_token_a'},401,25,"{'Server': 'Werkzeug/3.1.3 Python/3.13.7', 'Date': 'Wed, 05 Nov 2025 17:28:13 GMT', 'Content-Type': 'application/json', 'Content-Length': '25', 'Connection': 'close'}",0,0,unauthorized_test,2.099697
b49ccbec5708,2025-11-05T22:58:15.682215,user_a,101,105,/api/user/105/details,POST,http://localhost:5002/api/user/105/details,{'Authorization': 'Bearer eyJ0eXAiOiJKV1QiLCJhbGciOiJIUzI1NiJ9.eyJ1c2VyX2lkIjoiMTAxIn0.mock_token_a'},405,153,"{'Server': 'Werkzeug/3.1.3 Python/3.13.7', 'Date': 'Wed, 05 Nov 2025 17:28:15 GMT', 'Content-Type': 'text/html; charset=utf-8', 'Allow': 'GET, HEAD, OPTIONS', 'Content-Length': '153', 'Connection': 'close'}",0,0,unauthorized_test,2.060868
db4e342e1431,2025-11-05T22:58:17.860788,user_a,101,202,/api/user/202/details,POST,http://localhost:5002/api/user/202/details,{'Authorization': 'Bearer eyJ0eXAiOiJKV1QiLCJhbGciOiJIUzI1NiJ9.eyJ1c2VyX2lkIjoiMTAxIn0.mock_token_a'},405,153,"{'Server': 'Werkzeug/3.1.3 Python/3.13.7', 'Date': 'Wed, 05 Nov 2025 17:28:17 GMT', 'Content-Type': 'text/html; charset=utf-8', 'Allow': 'GET, HEAD, OPTIONS', 'Content-Length': '153', 'Connection': 'close'}",0,0,unauthorized_test,2.076476
7b5a5606a03a,2025-11-05T22:58:20.013466,user_a,101,203,/api/user/203/details,POST,http://localhost:5002/api/user/203/details,{'Authorization': 'Bearer eyJ0eXAiOiJKV1QiLCJhbGciOiJIUzI1NiJ9.eyJ1c2VyX2lkIjoiMTAxIn0.mock_token_a'},405,153,"{'Server': 'Werkzeug/3.1.3 Python/3.13.7', 'Date': 'Wed, 05 Nov 2025 17:28:20 GMT', 'Content-Type': 'text/html; charset=utf-8', 'Allow': 'GET, HEAD, OPTIONS', 'Content-Length': '153', 'Connection': 'close'}",0,0,unauthorized_test,2.050821
d66bddc4debe,2025-11-05T22:58:22.182015,user_a,101,204,/api/user/204/details,POST,http://localhost:5002/api/user/204/details,{'Authorization': 'Bearer eyJ0eXAiOiJKV1QiLCJhbGciOiJIUzI1NiJ9.eyJ1c2VyX2lkIjoiMTAxIn0.mock_token_a'},405,153,"{'Server': 'Werkzeug/3.1.3 Python/3.13.7', 'Date': 'Wed, 05 Nov 2025 17:28:22 GMT', 'Content-Type': 'text/html; charset=utf-8', 'Allow': 'GET, HEAD, OPTIONS', 'Content-Length': '153', 'Connection': 'close'}",0,0,unauthorized_test,2.067069
cec11663dcb7,2025-11-05T22:58:24.352491,user_a,101,205,/api/user/205/details,POST,http://localhost:5002/api/user/205/details,{'Authorization': 'Bearer eyJ0eXAiOiJKV1QiLCJhbGciOiJIUzI1NiJ9.eyJ1c2VyX2lkIjoiMTAxIn0.mock_token_a'},405,153,"{'Server': 'Werkzeug/3.1.3 Python/3.13.7', 'Date': 'Wed, 05 Nov 2025 17:28:24 GMT', 'Content-Type': 'text/html; charset=utf-8', 'Allow': 'GET, HEAD, OPTIONS', 'Content-Length': '153', 'Connection': 'close'}",0,0,unauthorized_test,2.065893
f20812f63329,2025-11-05T22:58:26.503991,user_a,101,302,/api/user/302/details,POST,http://localhost:5002/api/user/302/details,{'Authorization': 'Bearer eyJ0eXAiOiJKV1QiLCJhbGciOiJIUzI1NiJ9.eyJ1c2VyX2lkIjoiMTAxIn0.mock_token_a'},405,153,"{'Server': 'Werkzeug/3.1.3 Python/3.13.7', 'Date': 'Wed, 05 Nov 2025 17:28:26 GMT', 'Content-Type': 'text/html; charset=utf-8', 'Allow': 'GET, HEAD, OPTIONS', 'Content-Length': '153', 'Connection': 'close'}",0,0,unauthorized_test,2.049632
5547610d0cb0,2025-11-05T22:58:28.662972,user_a,101,303,/api/user/303/details,POST,http://localhost:5002/api/user/303/details,{'Authorization': 'Bearer eyJ0eXAiOiJKV1QiLCJhbGciOiJIUzI1NiJ9.eyJ1c2VyX2lkIjoiMTAxIn0.mock_token_a'},405,153,"{'Server': 'Werkzeug/3.1.3 Python/3.13.7', 'Date': 'Wed, 05 Nov 2025 17:28:28 GMT', 'Content-Type': 'text/html; charset=utf-8', 'Allow': 'GET, HEAD, OPTIONS', 'Content-Length': '153', 'Connection': 'close'}",0,0,unauthorized_test,2.057697
2f3d33faf054,2025-11-05T22:58:30.830110,user_a,101,304,/api/user/304/details,POST,http://localhost:5002/api/user/304/details,{'Authorization': 'Bearer eyJ0eXAiOiJKV1QiLCJhbGciOiJIUzI1NiJ9.eyJ1c2VyX2lkIjoiMTAxIn0.mock_token_a'},405,153,"{'Server': 'Werkzeug/3.1.3 Python/3.13.7', 'Date': 'Wed, 05 Nov 2025 17:28:30 GMT', 'Content-Type': 'text/html; charset=utf-8', 'Allow': 'GET, HEAD, OPTIONS', 'Content-Length': '153', 'Connection': 'close'}",0,0,unauthorized_test,2.065349
d1f919e56a3c,2025-11-05T22:58:32.992933,user_a,101,305,/api/user/305/details,POST,http://localhost:5002/api/user/305/details,{'Authorization': 'Bearer eyJ0eXAiOiJKV1QiLCJhbGciOiJIUzI1NiJ9.eyJ1c2VyX2lkIjoiMTAxIn0.mock_token_a'},405,153,"{'Server': 'Werkzeug/3.1.3 Python/3.13.7', 'Date': 'Wed, 05 Nov 2025 17:28:32 GMT', 'Content-Type': 'text/html; charset=utf-8', 'Allow': 'GET, HEAD, OPTIONS', 'Content-Length': '153', 'Connection': 'close'}",0,0,unauthorized_test,2.061522
21e55f346ab1,2025-11-05T22:58:35.138126,user_a,101,401,/api/user/401/details,POST,http://localhost:5002/api/user/401/details,{'Authorization': 'Bearer eyJ0eXAiOiJKV1QiLCJhbGciOiJIUzI1NiJ9.eyJ1c2VyX2lkIjoiMTAxIn0.mock_token_a'},405,153,"{'Server': 'Werkzeug/3.1.3 Python/3.13.7', 'Date': 'Wed, 05 Nov 2025 17:28:35 GMT', 'Content-Type': 'text/html; charset=utf-8', 'Allow': 'GET, HEAD, OPTIONS', 'Content-Length': '153', 'Connection': 'close'}",0,0,unauthorized_test,2.043695
5d702a519f67,2025-11-05T22:58:37.313005,user_a,101,402,/api/user/402/details,GET,http://localhost:5002/api/user/402/details,{'Authorization': 'Bearer eyJ0eXAiOiJKV1QiLCJhbGciOiJIUzI1NiJ9.eyJ1c2VyX2lkIjoiMTAxIn0.mock_token_a'},401,25,"{'Server': 'Werkzeug/3.1.3 Python/3.13.7', 'Date': 'Wed, 05 Nov 2025 17:28:37 GMT', 'Content-Type': 'application/json', 'Content-Length': '25', 'Connection': 'close'}",0,0,unauthorized_test,2.072499
3b6a006bd145,2025-11-05T22:58:39.506229,user_a,101,403,/api/user/403/details,GET,http://localhost:5002/api/user/403/details,{'Authorization': 'Bearer eyJ0eXAiOiJKV1QiLCJhbGciOiJIUzI1NiJ9.eyJ1c2VyX2lkIjoiMTAxIn0.mock_token_a'},401,25,"{'Server': 'Werkzeug/3.1.3 Python/3.13.7', 'Date': 'Wed, 05 Nov 2025 17:28:39 GMT', 'Content-Type': 'application/json', 'Content-Length': '25', 'Connection': 'close'}",0,0,unauthorized_test,2.091191
45ac7367a994,2025-11-05T22:58:41.672338,user_a,101,404,/api/user/404/details,POST,http://localhost:5002/api/user/404/details,{'Authorization': 'Bearer eyJ0eXAiOiJKV1QiLCJhbGciOiJIUzI1NiJ9.eyJ1c2VyX2lkIjoiMTAxIn0.mock_token_a'},405,153,"{'Server': 'Werkzeug/3.1.3 Python/3.13.7', 'Date': 'Wed, 05 Nov 2025 17:28:41 GMT', 'Content-Type': 'text/html; charset=utf-8', 'Allow': 'GET, HEAD, OPTIONS', 'Content-Length': '153', 'Connection': 'close'}",0,0,unauthorized_test,2.064552
f8563aa1a88c,2025-11-05T22:58:43.821566,user_a,101,405,/api/user/405/details,POST,http://localhost:5002/api/user/405/details,{'Authorization': 'Bearer eyJ0eXAiOiJKV1QiLCJhbGciOiJIUzI1NiJ9.eyJ1c2VyX2lkIjoiMTAxIn0.mock_token_a'},405,153,"{'Server': 'Werkzeug/3.1.3 Python/3.13.7', 'Date': 'Wed, 05 Nov 2025 17:28:43 GMT', 'Content-Type': 'text/html; charset=utf-8', 'Allow': 'GET, HEAD, OPTIONS', 'Content-Length': '153', 'Connection': 'close'}",0,0,unauthorized_test,2.047802
d252a4d0e5d6,2025-11-05T22:58:45.999407,user_a,101,999,/api/user/999/details,GET,http://localhost:5002/api/user/999/details,{'Authorization': 'Bearer eyJ0eXAiOiJKV1QiLCJhbGciOiJIUzI1NiJ9.eyJ1c2VyX2lkIjoiMTAxIn0.mock_token_a'},401,25,"{'Server': 'Werkzeug/3.1.3 Python/3.13.7', 'Date': 'Wed, 05 Nov 2025 17:28:45 GMT', 'Content-Type': 'application/json', 'Content-Length': '25', 'Connection': 'close'}",0,0,unauthorized_test,2.076227
cd4b092e4e74,2025-11-05T22:58:48.182299,user_a,101,1000,/api/user/1000/details,GET,http://localhost:5002/api/user/1000/details,{'Authorization': 'Bearer eyJ0eXAiOiJKV1QiLCJhbGciOiJIUzI1NiJ9.eyJ1c2VyX2lkIjoiMTAxIn0.mock_token_a'},401,25,"{'Server': 'Werkzeug/3.1.3 Python/3.13.7', 'Date': 'Wed, 05 Nov 2025 17:28:48 GMT', 'Content-Type': 'application/json', 'Content-Length': '25', 'Connection': 'close'}",0,0,unauthorized_test,2.08161
b4b54775a049,2025-11-05T22:58:50.340156,user_a,101,1001,/api/user/1001/details,GET,http://localhost:5002/api/user/1001/details,{'Authorization': 'Bearer eyJ0eXAiOiJKV1QiLCJhbGciOiJIUzI1NiJ9.eyJ1c2VyX2lkIjoiMTAxIn0.mock_token_a'},401,25,"{'Server': 'Werkzeug/3.1.3 Python/3.13.7', 'Date': 'Wed, 05 Nov 2025 17:28:50 GMT', 'Content-Type': 'application/json', 'Content-Length': '25', 'Connection': 'close'}",0,0,unauthorized_test,2.05657
755880d1a63f,2025-11-05T22:58:52.556623,user_a,101,-1,/api/user/-1/details,GET,http://localhost:5002/api/user/-1/details,{'Authorization': 'Bearer eyJ0eXAiOiJKV1QiLCJhbGciOiJIUzI1NiJ9.eyJ1c2VyX2lkIjoiMTAxIn0.mock_token_a'},401,25,"{'Server': 'Werkzeug/3.1.3 Python/3.13.7', 'Date': 'Wed, 05 Nov 2025 17:28:52 GMT', 'Content-Type': 'application/json', 'Content-Length': '25', 'Connection': 'close'}",0,0,unauthorized_test,2.114479
0abced40ee91,2025-11-05T22:58:54.698792,user_a,101,0,/api/user/0/details,POST,http://localhost:5002/api/user/0/details,{'Authorization': 'Bearer eyJ0eXAiOiJKV1QiLCJhbGciOiJIUzI1NiJ9.eyJ1c2VyX2lkIjoiMTAxIn0.mock_token_a'},405,153,"{'Server': 'Werkzeug/3.1.3 Python/3.13.7', 'Date': 'Wed, 05 Nov 2025 17:28:54 GMT', 'Content-Type': 'text/html; charset=utf-8', 'Allow': 'GET, HEAD, OPTIONS', 'Content-Length': '153', 'Connection': 'close'}",0,0,unauthorized_test,2.040354
3df1586bf70e,2025-11-05T22:58:56.897262,user_a,101,abc,/api/user/abc/details,GET,http://localhost:5002/api/user/abc/details,{'Authorization': 'Bearer eyJ0eXAiOiJKV1QiLCJhbGciOiJIUzI1NiJ9.eyJ1c2VyX2lkIjoiMTAxIn0.mock_token_a'},401,25,"{'Server': 'Werkzeug/3.1.3 Python/3.13.7', 'Date': 'Wed, 05 Nov 2025 17:28:56 GMT', 'Content-Type': 'application/json', 'Content-Length': '25', 'Connection': 'close'}",0,0,unauthorized_test,2.096851
9281e71df43d,2025-11-05T22:58:59.056154,user_a,101,xyz,/api/user/xyz/details,POST,http://localhost:5002/api/user/xyz/details,{'Authorization': 'Bearer eyJ0eXAiOiJKV1QiLCJhbGciOiJIUzI1NiJ9.eyJ1c2VyX2lkIjoiMTAxIn0.mock_token_a'},405,153,"{'Server': 'Werkzeug/3.1.3 Python/3.13.7', 'Date': 'Wed, 05 Nov 2025 17:28:59 GMT', 'Content-Type': 'text/html; charset=utf-8', 'Allow': 'GET, HEAD, OPTIONS', 'Content-Length': '153', 'Connection': 'close'}",0,0,unauthorized_test,2.057107
a5617c354fa4,2025-11-05T22:59:01.215147,user_a,101,../../../etc/passwd,/api/user/../../../etc/passwd/details,POST,http://localhost:5002/etc/passwd/details,{'Authorization': 'Bearer eyJ0eXAiOiJKV1QiLCJhbGciOiJIUzI1NiJ9.eyJ1c2VyX2lkIjoiMTAxIn0.mock_token_a'},404,31,"{'Server': 'Werkzeug/3.1.3 Python/3.13.7', 'Date': 'Wed, 05 Nov 2025 17:29:01 GMT', 'Content-Type': 'application/json', 'Content-Length': '31', 'Connection': 'close'}",0,0,unauthorized_test,2.057062
f1ea007a7af9,2025-11-05T22:59:03.394475,user_a,101,' OR '1'='1,/api/user/' OR '1'='1/details,POST,http://localhost:5002/api/user/' OR '1'='1/details,{'Authorization': 'Bearer eyJ0eXAiOiJKV1QiLCJhbGciOiJIUzI1NiJ9.eyJ1c2VyX2lkIjoiMTAxIn0.mock_token_a'},405,153,"{'Server': 'Werkzeug/3.1.3 Python/3.13.7', 'Date': 'Wed, 05 Nov 2025 17:29:03 GMT', 'Content-Type': 'text/html; charset=utf-8', 'Allow': 'GET, HEAD, OPTIONS', 'Content-Length': '153', 'Connection': 'close'}",0,0,unauthorized_test,2.07783
5e858484132c,2025-11-05T22:59:05.619963,user_a,101,102,/profile?uid=102,GET,http://localhost:5002/profile?uid=102,{'Authorization': 'Bearer eyJ0eXAiOiJKV1QiLCJhbGciOiJIUzI1NiJ9.eyJ1c2VyX2lkIjoiMTAxIn0.mock_token_a'},200,66,"{'Server': 'Werkzeug/3.1.3 Python/3.13.7', 'Date': 'Wed, 05 Nov 2025 17:29:05 GMT', 'Content-Type': 'application/json', 'Content-Length': '66', 'Connection': 'close'}",1,1,unauthorized_test,2.124442
dc4ffb5068ae,2025-11-05T22:59:07.817699,user_a,101,103,/profile?uid=103,GET,http://localhost:5002/profile?uid=103,{'Authorization': 'Bearer eyJ0eXAiOiJKV1QiLCJhbGciOiJIUzI1NiJ9.eyJ1c2VyX2lkIjoiMTAxIn0.mock_token_a'},200,67,"{'Server': 'Werkzeug/3.1.3 Python/3.13.7', 'Date': 'Wed, 05 Nov 2025 17:29:07 GMT', 'Content-Type': 'application/json', 'Content-Length': '67', 'Connection': 'close'}",1,1,unauthorized_test,2.096418
d5aa2962bbc6,2025-11-05T22:59:10.033063,user_a,101,104,/profile?uid=104,GET,http://localhost:5002/profile?uid=104,{'Authorization': 'Bearer eyJ0eXAiOiJKV1QiLCJhbGciOiJIUzI1NiJ9.eyJ1c2VyX2lkIjoiMTAxIn0.mock_token_a'},404,30,"{'Server': 'Werkzeug/3.1.3 Python/3.13.7', 'Date': 'Wed, 05 Nov 2025 17:29:10 GMT', 'Content-Type': 'application/json', 'Content-Length': '30', 'Connection': 'close'}",0,0,unauthorized_test,2.113931
98a4b7835e5e,2025-11-05T22:59:12.190173,user_a,101,105,/profile?uid=105,GET,http://localhost:5002/profile?uid=105,{'Authorization': 'Bearer eyJ0eXAiOiJKV1QiLCJhbGciOiJIUzI1NiJ9.eyJ1c2VyX2lkIjoiMTAxIn0.mock_token_a'},404,30,"{'Server': 'Werkzeug/3.1.3 Python/3.13.7', 'Date': 'Wed, 05 Nov 2025 17:29:12 GMT', 'Content-Type': 'application/json', 'Content-Length': '30', 'Connection': 'close'}",0,0,unauthorized_test,2.055481
a2b8d3368298,2025-11-05T22:59:14.400543,user_a,101,202,/profile?uid=202,GET,http://localhost:5002/profile?uid=202,{'Authorization': 'Bearer eyJ0eXAiOiJKV1QiLCJhbGciOiJIUzI1NiJ9.eyJ1c2VyX2lkIjoiMTAxIn0.mock_token_a'},404,30,"{'Server': 'Werkzeug/3.1.3 Python/3.13.7', 'Date': 'Wed, 05 Nov 2025 17:29:14 GMT', 'Content-Type': 'application/json', 'Content-Length': '30', 'Connection': 'close'}",0,0,unauthorized_test,2.108361
ca7a368c93ea,2025-11-05T22:59:16.599189,user_a,101,203,/profile?uid=203,GET,http://localhost:5002/profile?uid=203,{'Authorization': 'Bearer eyJ0eXAiOiJKV1QiLCJhbGciOiJIUzI1NiJ9.eyJ1c2VyX2lkIjoiMTAxIn0.mock_token_a'},404,30,"{'Server': 'Werkzeug/3.1.3 Python/3.13.7', 'Date': 'Wed, 05 Nov 2025 17:29:16 GMT', 'Content-Type': 'application/json', 'Content-Length': '30', 'Connection': 'close'}",0,0,unauthorized_test,2.096895
53f8850d52b7,2025-11-05T22:59:18.823286,user_a,101,204,/profile?uid=204,GET,http://localhost:5002/profile?uid=204,{'Authorization': 'Bearer eyJ0eXAiOiJKV1QiLCJhbGciOiJIUzI1NiJ9.eyJ1c2VyX2lkIjoiMTAxIn0.mock_token_a'},404,30,"{'Server': 'Werkzeug/3.1.3 Python/3.13.7', 'Date': 'Wed, 05 Nov 2025 17:29:18 GMT', 'Content-Type': 'application/json', 'Content-Length': '30', 'Connection': 'close'}",0,0,unauthorized_test,2.12243
07d7bbf5f341,2025-11-05T22:59:21.043572,user_a,101,205,/profile?uid=205,GET,http://localhost:5002/profile?uid=205,{'Authorization': 'Bearer eyJ0eXAiOiJKV1QiLCJhbGciOiJIUzI1NiJ9.eyJ1c2VyX2lkIjoiMTAxIn0.mock_token_a'},404,30,"{'Server': 'Werkzeug/3.1.3 Python/3.13.7', 'Date': 'Wed, 05 Nov 2025 17:29:21 GMT', 'Content-Type': 'application/json', 'Content-Length': '30', 'Connection': 'close'}",0,0,unauthorized_test,2.119015
f888c54be471,2025-11-05T22:59:23.246762,user_a,101,302,/profile?uid=302,GET,http://localhost:5002/profile?uid=302,{'Authorization': 'Bearer eyJ0eXAiOiJKV1QiLCJhbGciOiJIUzI1NiJ9.eyJ1c2VyX2lkIjoiMTAxIn0.mock_token_a'},404,30,"{'Server': 'Werkzeug/3.1.3 Python/3.13.7', 'Date': 'Wed, 05 Nov 2025 17:29:23 GMT', 'Content-Type': 'application/json', 'Content-Length': '30', 'Connection': 'close'}",0,0,unauthorized_test,2.101588
4de1dab87853,2025-11-05T22:59:25.438682,user_a,101,303,/profile?uid=303,GET,http://localhost:5002/profile?uid=303,{'Authorization': 'Bearer eyJ0eXAiOiJKV1QiLCJhbGciOiJIUzI1NiJ9.eyJ1c2VyX2lkIjoiMTAxIn0.mock_token_a'},404,30,"{'Server': 'Werkzeug/3.1.3 Python/3.13.7', 'Date': 'Wed, 05 Nov 2025 17:29:25 GMT', 'Content-Type': 'application/json', 'Content-Length': '30', 'Connection': 'close'}",0,0,unauthorized_test,2.090242
5630ef5c2c90,2025-11-05T22:59:27.635417,user_a,101,304,/profile?uid=304,GET,http://localhost:5002/profile?uid=304,{'Authorization': 'Bearer eyJ0eXAiOiJKV1QiLCJhbGciOiJIUzI1NiJ9.eyJ1c2VyX2lkIjoiMTAxIn0.mock_token_a'},404,30,"{'Server': 'Werkzeug/3.1.3 Python/3.13.7', 'Date': 'Wed, 05 Nov 2025 17:29:27 GMT', 'Content-Type': 'application/json', 'Content-Length': '30', 'Connection': 'close'}",0,0,unauthorized_test,2.094917
0b3f11ea97f3,2025-11-05T22:59:29.841749,user_a,101,305,/profile?uid=305,GET,http://localhost:5002/profile?uid=305,{'Authorization': 'Bearer eyJ0eXAiOiJKV1QiLCJhbGciOiJIUzI1NiJ9.eyJ1c2VyX2lkIjoiMTAxIn0.mock_token_a'},404,30,"{'Server': 'Werkzeug/3.1.3 Python/3.13.7', 'Date': 'Wed, 05 Nov 2025 17:29:29 GMT', 'Content-Type': 'application/json', 'Content-Length': '30', 'Connection': 'close'}",0,0,unauthorized_test,2.104007
1307366e9937,2025-11-05T22:59:32.036440,user_a,101,401,/profile?uid=401,GET,http://localhost:5002/profile?uid=401,{'Authorization': 'Bearer eyJ0eXAiOiJKV1QiLCJhbGciOiJIUzI1NiJ9.eyJ1c2VyX2lkIjoiMTAxIn0.mock_token_a'},404,30,"{'Server': 'Werkzeug/3.1.3 Python/3.13.7', 'Date': 'Wed, 05 Nov 2025 17:29:32 GMT', 'Content-Type': 'application/json', 'Content-Length': '30', 'Connection': 'close'}",0,0,unauthorized_test,2.092524
461b801a1acf,2025-11-05T22:59:34.209757,user_a,101,402,/profile?uid=402,GET,http://localhost:5002/profile?uid=402,{'Authorization': 'Bearer eyJ0eXAiOiJKV1QiLCJhbGciOiJIUzI1NiJ9.eyJ1c2VyX2lkIjoiMTAxIn0.mock_token_a'},404,30,"{'Server': 'Werkzeug/3.1.3 Python/3.13.7', 'Date': 'Wed, 05 Nov 2025 17:29:34 GMT', 'Content-Type': 'application/json', 'Content-Length': '30', 'Connection': 'close'}",0,0,unauthorized_test,2.071036
f4651fbcdc53,2025-11-05T22:59:36.416381,user_a,101,403,/profile?uid=403,GET,http://localhost:5002/profile?uid=403,{'Authorization': 'Bearer eyJ0eXAiOiJKV1QiLCJhbGciOiJIUzI1NiJ9.eyJ1c2VyX2lkIjoiMTAxIn0.mock_token_a'},404,30,"{'Server': 'Werkzeug/3.1.3 Python/3.13.7', 'Date': 'Wed, 05 Nov 2025 17:29:36 GMT', 'Content-Type': 'application/json', 'Content-Length': '30', 'Connection': 'close'}",0,0,unauthorized_test,2.105064
99dc37c024a1,2025-11-05T22:59:38.587841,user_a,101,404,/profile?uid=404,GET,http://localhost:5002/profile?uid=404,{'Authorization': 'Bearer eyJ0eXAiOiJKV1QiLCJhbGciOiJIUzI1NiJ9.eyJ1c2VyX2lkIjoiMTAxIn0.mock_token_a'},404,30,"{'Server': 'Werkzeug/3.1.3 Python/3.13.7', 'Date': 'Wed, 05 Nov 2025 17:29:38 GMT', 'Content-Type': 'application/json', 'Content-Length': '30', 'Connection': 'close'}",0,0,unauthorized_test,2.069876
bad9f354273a,2025-11-05T22:59:40.756793,user_a,101,405,/profile?uid=405,GET,http://localhost:5002/profile?uid=405,{'Authorization': 'Bearer eyJ0eXAiOiJKV1QiLCJhbGciOiJIUzI1NiJ9.eyJ1c2VyX2lkIjoiMTAxIn0.mock_token_a'},404,30,"{'Server': 'Werkzeug/3.1.3 Python/3.13.7', 'Date': 'Wed, 05 Nov 2025 17:29:40 GMT', 'Content-Type': 'application/json', 'Content-Length': '30', 'Connection': 'close'}",0,0,unauthorized_test,2.067402
029de5e7118d,2025-11-05T22:59:42.953228,user_a,101,999,/profile?uid=999,GET,http://localhost:5002/profile?uid=999,{'Authorization': 'Bearer eyJ0eXAiOiJKV1QiLCJhbGciOiJIUzI1NiJ9.eyJ1c2VyX2lkIjoiMTAxIn0.mock_token_a'},404,30,"{'Server': 'Werkzeug/3.1.3 Python/3.13.7', 'Date': 'Wed, 05 Nov 2025 17:29:42 GMT', 'Content-Type': 'application/json', 'Content-Length': '30', 'Connection': 'close'}",0,0,unauthorized_test,2.094457
22c6d392819f,2025-11-05T22:59:45.155449,user_a,101,1000,/profile?uid=1000,GET,http://localhost:5002/profile?uid=1000,{'Authorization': 'Bearer eyJ0eXAiOiJKV1QiLCJhbGciOiJIUzI1NiJ9.eyJ1c2VyX2lkIjoiMTAxIn0.mock_token_a'},404,30,"{'Server': 'Werkzeug/3.1.3 Python/3.13.7', 'Date': 'Wed, 05 Nov 2025 17:29:45 GMT', 'Content-Type': 'application/json', 'Content-Length': '30', 'Connection': 'close'}",0,0,unauthorized_test,2.100562
b0f663048729,2025-11-05T22:59:47.328459,user_a,101,1001,/profile?uid=1001,GET,http://localhost:5002/profile?uid=1001,{'Authorization': 'Bearer eyJ0eXAiOiJKV1QiLCJhbGciOiJIUzI1NiJ9.eyJ1c2VyX2lkIjoiMTAxIn0.mock_token_a'},404,30,"{'Server': 'Werkzeug/3.1.3 Python/3.13.7', 'Date': 'Wed, 05 Nov 2025 17:29:47 GMT', 'Content-Type': 'application/json', 'Content-Length': '30', 'Connection': 'close'}",0,0,unauthorized_test,2.071465
b5681617e769,2025-11-05T22:59:49.503412,user_a,101,-1,/profile?uid=-1,GET,http://localhost:5002/profile?uid=-1,{'Authorization': 'Bearer eyJ0eXAiOiJKV1QiLCJhbGciOiJIUzI1NiJ9.eyJ1c2VyX2lkIjoiMTAxIn0.mock_token_a'},404,30,"{'Server': 'Werkzeug/3.1.3 Python/3.13.7', 'Date': 'Wed, 05 Nov 2025 17:29:49 GMT', 'Content-Type': 'application/json', 'Content-Length': '30', 'Connection': 'close'}",0,0,unauthorized_test,2.073163
5507eab51e4d,2025-11-05T22:59:51.674011,user_a,101,0,/profile?uid=0,GET,http://localhost:5002/profile?uid=0,{'Authorization': 'Bearer eyJ0eXAiOiJKV1QiLCJhbGciOiJIUzI1NiJ9.eyJ1c2VyX2lkIjoiMTAxIn0.mock_token_a'},404,30,"{'Server': 'Werkzeug/3.1.3 Python/3.13.7', 'Date': 'Wed, 05 Nov 2025 17:29:51 GMT', 'Content-Type': 'application/json', 'Content-Length': '30', 'Connection': 'close'}",0,0,unauthorized_test,2.06896
5dbd84a4a876,2025-11-05T22:59:53.843129,user_a,101,abc,/profile?uid=abc,GET,http://localhost:5002/profile?uid=abc,{'Authorization': 'Bearer eyJ0eXAiOiJKV1QiLCJhbGciOiJIUzI1NiJ9.eyJ1c2VyX2lkIjoiMTAxIn0.mock_token_a'},404,30,"{'Server': 'Werkzeug/3.1.3 Python/3.13.7', 'Date': 'Wed, 05 Nov 2025 17:29:53 GMT', 'Content-Type': 'application/json', 'Content-Length': '30', 'Connection': 'close'}",0,0,unauthorized_test,2.067428
6d428a43d1f8,2025-11-05T22:59:56.064919,user_a,101,xyz,/profile?uid=xyz,GET,http://localhost:5002/profile?uid=xyz,{'Authorization': 'Bearer eyJ0eXAiOiJKV1QiLCJhbGciOiJIUzI1NiJ9.eyJ1c2VyX2lkIjoiMTAxIn0.mock_token_a'},404,30,"{'Server': 'Werkzeug/3.1.3 Python/3.13.7', 'Date': 'Wed, 05 Nov 2025 17:29:56 GMT', 'Content-Type': 'application/json', 'Content-Length': '30', 'Connection': 'close'}",0,0,unauthorized_test,2.119917
8e7854e6e475,2025-11-05T22:59:58.276433,user_a,101,../../../etc/passwd,/profile?uid=../../../etc/passwd,GET,http://localhost:5002/profile?uid=../../../etc/passwd,{'Authorization': 'Bearer eyJ0eXAiOiJKV1QiLCJhbGciOiJIUzI1NiJ9.eyJ1c2VyX2lkIjoiMTAxIn0.mock_token_a'},404,30,"{'Server': 'Werkzeug/3.1.3 Python/3.13.7', 'Date': 'Wed, 05 Nov 2025 17:29:58 GMT', 'Content-Type': 'application/json', 'Content-Length': '30', 'Connection': 'close'}",0,0,unauthorized_test,2.109684
33391046c08a,2025-11-05T23:00:00.471326,user_a,101,' OR '1'='1,/profile?uid=' OR '1'='1,GET,http://localhost:5002/profile?uid=' OR '1'='1,{'Authorization': 'Bearer eyJ0eXAiOiJKV1QiLCJhbGciOiJIUzI1NiJ9.eyJ1c2VyX2lkIjoiMTAxIn0.mock_token_a'},404,30,"{'Server': 'Werkzeug/3.1.3 Python/3.13.7', 'Date': 'Wed, 05 Nov 2025 17:30:00 GMT', 'Content-Type': 'application/json', 'Content-Length': '30', 'Connection': 'close'}",0,0,unauthorized_test,2.09308
ea26389d6cb8,2025-11-05T23:00:02.655348,user_a,101,102,/invoice?id=102,GET,http://localhost:5002/invoice?id=102,{'Authorization': 'Bearer eyJ0eXAiOiJKV1QiLCJhbGciOiJIUzI1NiJ9.eyJ1c2VyX2lkIjoiMTAxIn0.mock_token_a'},404,30,"{'Server': 'Werkzeug/3.1.3 Python/3.13.7', 'Date': 'Wed, 05 Nov 2025 17:30:02 GMT', 'Content-Type': 'application/json', 'Content-Length': '30', 'Connection': 'close'}",0,0,unauthorized_test,2.08218
e4311b82421e,2025-11-05T23:00:04.861635,user_a,101,103,/invoice?id=103,GET,http://localhost:5002/invoice?id=103,{'Authorization': 'Bearer eyJ0eXAiOiJKV1QiLCJhbGciOiJIUzI1NiJ9.eyJ1c2VyX2lkIjoiMTAxIn0.mock_token_a'},404,30,"{'Server': 'Werkzeug/3.1.3 Python/3.13.7', 'Date': 'Wed, 05 Nov 2025 17:30:04 GMT', 'Content-Type': 'application/json', 'Content-Length': '30', 'Connection': 'close'}",0,0,unauthorized_test,2.104788
9dd3cd409216,2025-11-05T23:00:07.064762,user_a,101,104,/invoice?id=104,GET,http://localhost:5002/invoice?id=104,{'Authorization': 'Bearer eyJ0eXAiOiJKV1QiLCJhbGciOiJIUzI1NiJ9.eyJ1c2VyX2lkIjoiMTAxIn0.mock_token_a'},404,30,"{'Server': 'Werkzeug/3.1.3 Python/3.13.7', 'Date': 'Wed, 05 Nov 2025 17:30:07 GMT', 'Content-Type': 'application/json', 'Content-Length': '30', 'Connection': 'close'}",0,0,unauthorized_test,2.101831
50127fc35546,2025-11-05T23:00:09.220915,user_a,101,105,/invoice?id=105,GET,http://localhost:5002/invoice?id=105,{'Authorization': 'Bearer eyJ0eXAiOiJKV1QiLCJhbGciOiJIUzI1NiJ9.eyJ1c2VyX2lkIjoiMTAxIn0.mock_token_a'},404,30,"{'Server': 'Werkzeug/3.1.3 Python/3.13.7', 'Date': 'Wed, 05 Nov 2025 17:30:09 GMT', 'Content-Type': 'application/json', 'Content-Length': '30', 'Connection': 'close'}",0,0,unauthorized_test,2.054392
3d4b5bc0d2d7,2025-11-05T23:00:11.421771,user_a,101,202,/invoice?id=202,GET,http://localhost:5002/invoice?id=202,{'Authorization': 'Bearer eyJ0eXAiOiJKV1QiLCJhbGciOiJIUzI1NiJ9.eyJ1c2VyX2lkIjoiMTAxIn0.mock_token_a'},404,30,"{'Server': 'Werkzeug/3.1.3 Python/3.13.7', 'Date': 'Wed, 05 Nov 2025 17:30:11 GMT', 'Content-Type': 'application/json', 'Content-Length': '30', 'Connection': 'close'}",0,0,unauthorized_test,2.099485
c6138ca63807,2025-11-05T23:00:13.600018,user_a,101,203,/invoice?id=203,GET,http://localhost:5002/invoice?id=203,{'Authorization': 'Bearer eyJ0eXAiOiJKV1QiLCJhbGciOiJIUzI1NiJ9.eyJ1c2VyX2lkIjoiMTAxIn0.mock_token_a'},404,30,"{'Server': 'Werkzeug/3.1.3 Python/3.13.7', 'Date': 'Wed, 05 Nov 2025 17:30:13 GMT', 'Content-Type': 'application/json', 'Content-Length': '30', 'Connection': 'close'}",0,0,unauthorized_test,2.07723
7d1eb79d69cf,2025-11-05T23:00:15.766749,user_a,101,204,/invoice?id=204,GET,http://localhost:5002/invoice?id=204,{'Authorization': 'Bearer eyJ0eXAiOiJKV1QiLCJhbGciOiJIUzI1NiJ9.eyJ1c2VyX2lkIjoiMTAxIn0.mock_token_a'},404,30,"{'Server': 'Werkzeug/3.1.3 Python/3.13.7', 'Date': 'Wed, 05 Nov 2025 17:30:15 GMT', 'Content-Type': 'application/json', 'Content-Length': '30', 'Connection': 'close'}",0,0,unauthorized_test,2.065582
b16df51306fd,2025-11-05T23:00:17.941281,user_a,101,205,/invoice?id=205,GET,http://localhost:5002/invoice?id=205,{'Authorization': 'Bearer eyJ0eXAiOiJKV1QiLCJhbGciOiJIUzI1NiJ9.eyJ1c2VyX2lkIjoiMTAxIn0.mock_token_a'},404,30,"{'Server': 'Werkzeug/3.1.3 Python/3.13.7', 'Date': 'Wed, 05 Nov 2025 17:30:17 GMT', 'Content-Type': 'application/json', 'Content-Length': '30', 'Connection': 'close'}",0,0,unauthorized_test,2.07197
e958aeb9a8af,2025-11-05T23:00:20.110209,user_a,101,302,/invoice?id=302,GET,http://localhost:5002/invoice?id=302,{'Authorization': 'Bearer eyJ0eXAiOiJKV1QiLCJhbGciOiJIUzI1NiJ9.eyJ1c2VyX2lkIjoiMTAxIn0.mock_token_a'},200,88,"{'Server': 'Werkzeug/3.1.3 Python/3.13.7', 'Date': 'Wed, 05 Nov 2025 17:30:20 GMT', 'Content-Type': 'application/json', 'Content-Length': '88', 'Connection': 'close'}",0,0,unauthorized_test,2.06592
a64f7e7e4886,2025-11-05T23:00:22.324999,user_a,101,303,/invoice?id=303,GET,http://localhost:5002/invoice?id=303,{'Authorization': 'Bearer eyJ0eXAiOiJKV1QiLCJhbGciOiJIUzI1NiJ9.eyJ1c2VyX2lkIjoiMTAxIn0.mock_token_a'},200,84,"{'Server': 'Werkzeug/3.1.3 Python/3.13.7', 'Date': 'Wed, 05 Nov 2025 17:30:22 GMT', 'Content-Type': 'application/json', 'Content-Length': '84', 'Connection': 'close'}",0,0,unauthorized_test,2.112529
81403584d273,2025-11-05T23:00:24.543372,user_a,101,304,/invoice?id=304,GET,http://localhost:5002/invoice?id=304,{'Authorization': 'Bearer eyJ0eXAiOiJKV1QiLCJhbGciOiJIUzI1NiJ9.eyJ1c2VyX2lkIjoiMTAxIn0.mock_token_a'},404,30,"{'Server': 'Werkzeug/3.1.3 Python/3.13.7', 'Date': 'Wed, 05 Nov 2025 17:30:24 GMT', 'Content-Type': 'application/json', 'Content-Length': '30', 'Connection': 'close'}",0,0,unauthorized_test,2.116167
8b31d45b47ef,2025-11-05T23:00:26.751164,user_a,101,305,/invoice?id=305,GET,http://localhost:5002/invoice?id=305,{'Authorization': 'Bearer eyJ0eXAiOiJKV1QiLCJhbGciOiJIUzI1NiJ9.eyJ1c2VyX2lkIjoiMTAxIn0.mock_token_a'},404,30,"{'Server': 'Werkzeug/3.1.3 Python/3.13.7', 'Date': 'Wed, 05 Nov 2025 17:30:26 GMT', 'Content-Type': 'application/json', 'Content-Length': '30', 'Connection': 'close'}",0,0,unauthorized_test,2.104092
16e3c9118ad5,2025-11-05T23:00:28.957783,user_a,101,401,/invoice?id=401,GET,http://localhost:5002/invoice?id=401,{'Authorization': 'Bearer eyJ0eXAiOiJKV1QiLCJhbGciOiJIUzI1NiJ9.eyJ1c2VyX2lkIjoiMTAxIn0.mock_token_a'},404,30,"{'Server': 'Werkzeug/3.1.3 Python/3.13.7', 'Date': 'Wed, 05 Nov 2025 17:30:28 GMT', 'Content-Type': 'application/json', 'Content-Length': '30', 'Connection': 'close'}",0,0,unauthorized_test,2.102603
b9fe493a625f,2025-11-05T23:00:31.134968,user_a,101,402,/invoice?id=402,GET,http://localhost:5002/invoice?id=402,{'Authorization': 'Bearer eyJ0eXAiOiJKV1QiLCJhbGciOiJIUzI1NiJ9.eyJ1c2VyX2lkIjoiMTAxIn0.mock_token_a'},404,30,"{'Server': 'Werkzeug/3.1.3 Python/3.13.7', 'Date': 'Wed, 05 Nov 2025 17:30:31 GMT', 'Content-Type': 'application/json', 'Content-Length': '30', 'Connection': 'close'}",0,0,unauthorized_test,2.075082
6666d14a64b0,2025-11-05T23:00:33.404652,user_a,101,403,/invoice?id=403,GET,http://localhost:5002/invoice?id=403,{'Authorization': 'Bearer eyJ0eXAiOiJKV1QiLCJhbGciOiJIUzI1NiJ9.eyJ1c2VyX2lkIjoiMTAxIn0.mock_token_a'},404,30,"{'Server': 'Werkzeug/3.1.3 Python/3.13.7', 'Date': 'Wed, 05 Nov 2025 17:30:33 GMT', 'Content-Type': 'application/json', 'Content-Length': '30', 'Connection': 'close'}",0,0,unauthorized_test,2.145586
fcf02384108d,2025-11-05T23:00:35.624211,user_a,101,404,/invoice?id=404,GET,http://localhost:5002/invoice?id=404,{'Authorization': 'Bearer eyJ0eXAiOiJKV1QiLCJhbGciOiJIUzI1NiJ9.eyJ1c2VyX2lkIjoiMTAxIn0.mock_token_a'},404,30,"{'Server': 'Werkzeug/3.1.3 Python/3.13.7', 'Date': 'Wed, 05 Nov 2025 17:30:35 GMT', 'Content-Type': 'application/json', 'Content-Length': '30', 'Connection': 'close'}",0,0,unauthorized_test,2.117466
a3ff3b94d125,2025-11-05T23:00:37.815445,user_a,101,405,/invoice?id=405,GET,http://localhost:5002/invoice?id=405,{'Authorization': 'Bearer eyJ0eXAiOiJKV1QiLCJhbGciOiJIUzI1NiJ9.eyJ1c2VyX2lkIjoiMTAxIn0.mock_token_a'},404,30,"{'Server': 'Werkzeug/3.1.3 Python/3.13.7', 'Date': 'Wed, 05 Nov 2025 17:30:37 GMT', 'Content-Type': 'application/json', 'Content-Length': '30', 'Connection': 'close'}",0,0,unauthorized_test,2.089177
67b23d889dd3,2025-11-05T23:00:40.000488,user_a,101,999,/invoice?id=999,GET,http://localhost:5002/invoice?id=999,{'Authorization': 'Bearer eyJ0eXAiOiJKV1QiLCJhbGciOiJIUzI1NiJ9.eyJ1c2VyX2lkIjoiMTAxIn0.mock_token_a'},404,30,"{'Server': 'Werkzeug/3.1.3 Python/3.13.7', 'Date': 'Wed, 05 Nov 2025 17:30:39 GMT', 'Content-Type': 'application/json', 'Content-Length': '30', 'Connection': 'close'}",0,0,unauthorized_test,2.081506
f675e16dea9d,2025-11-05T23:00:42.205847,user_a,101,1000,/invoice?id=1000,GET,http://localhost:5002/invoice?id=1000,{'Authorization': 'Bearer eyJ0eXAiOiJKV1QiLCJhbGciOiJIUzI1NiJ9.eyJ1c2VyX2lkIjoiMTAxIn0.mock_token_a'},404,30,"{'Server': 'Werkzeug/3.1.3 Python/3.13.7', 'Date': 'Wed, 05 Nov 2025 17:30:42 GMT', 'Content-Type': 'application/json', 'Content-Length': '30', 'Connection': 'close'}",0,0,unauthorized_test,2.094461
747526f29b93,2025-11-05T23:00:44.384532,user_a,101,1001,/invoice?id=1001,GET,http://localhost:5002/invoice?id=1001,{'Authorization': 'Bearer eyJ0eXAiOiJKV1QiLCJhbGciOiJIUzI1NiJ9.eyJ1c2VyX2lkIjoiMTAxIn0.mock_token_a'},404,30,"{'Server': 'Werkzeug/3.1.3 Python/3.13.7', 'Date': 'Wed, 05 Nov 2025 17:30:44 GMT', 'Content-Type': 'application/json', 'Content-Length': '30', 'Connection': 'close'}",0,0,unauthorized_test,2.072797
6c1aaa890da3,2025-11-05T23:00:46.589769,user_a,101,-1,/invoice?id=-1,GET,http://localhost:5002/invoice?id=-1,{'Authorization': 'Bearer eyJ0eXAiOiJKV1QiLCJhbGciOiJIUzI1NiJ9.eyJ1c2VyX2lkIjoiMTAxIn0.mock_token_a'},404,30,"{'Server': 'Werkzeug/3.1.3 Python/3.13.7', 'Date': 'Wed, 05 Nov 2025 17:30:46 GMT', 'Content-Type': 'application/json', 'Content-Length': '30', 'Connection': 'close'}",0,0,unauthorized_test,2.101782
6e67c6fc761c,2025-11-05T23:00:48.783123,user_a,101,0,/invoice?id=0,GET,http://localhost:5002/invoice?id=0,{'Authorization': 'Bearer eyJ0eXAiOiJKV1QiLCJhbGciOiJIUzI1NiJ9.eyJ1c2VyX2lkIjoiMTAxIn0.mock_token_a'},404,30,"{'Server': 'Werkzeug/3.1.3 Python/3.13.7', 'Date': 'Wed, 05 Nov 2025 17:30:48 GMT', 'Content-Type': 'application/json', 'Content-Length': '30', 'Connection': 'close'}",0,0,unauthorized_test,2.088969
c40e8cadedb1,2025-11-05T23:00:50.995233,user_a,101,abc,/invoice?id=abc,GET,http://localhost:5002/invoice?id=abc,{'Authorization': 'Bearer eyJ0eXAiOiJKV1QiLCJhbGciOiJIUzI1NiJ9.eyJ1c2VyX2lkIjoiMTAxIn0.mock_token_a'},404,30,"{'Server': 'Werkzeug/3.1.3 Python/3.13.7', 'Date': 'Wed, 05 Nov 2025 17:30:50 GMT', 'Content-Type': 'application/json', 'Content-Length': '30', 'Connection': 'close'}",0,0,unauthorized_test,2.107004
7cf15efdc8ea,2025-11-05T23:00:53.184660,user_a,101,xyz,/invoice?id=xyz,GET,http://localhost:5002/invoice?id=xyz,{'Authorization': 'Bearer eyJ0eXAiOiJKV1QiLCJhbGciOiJIUzI1NiJ9.eyJ1c2VyX2lkIjoiMTAxIn0.mock_token_a'},404,30,"{'Server': 'Werkzeug/3.1.3 Python/3.13.7', 'Date': 'Wed, 05 Nov 2025 17:30:53 GMT', 'Content-Type': 'application/json', 'Content-Length': '30', 'Connection': 'close'}",0,0,unauthorized_test,2.088054
3b05f16adee9,2025-11-05T23:00:55.343100,user_a,101,../../../etc/passwd,/invoice?id=../../../etc/passwd,GET,http://localhost:5002/invoice?id=../../../etc/passwd,{'Authorization': 'Bearer eyJ0eXAiOiJKV1QiLCJhbGciOiJIUzI1NiJ9.eyJ1c2VyX2lkIjoiMTAxIn0.mock_token_a'},404,30,"{'Server': 'Werkzeug/3.1.3 Python/3.13.7', 'Date': 'Wed, 05 Nov 2025 17:30:55 GMT', 'Content-Type': 'application/json', 'Content-Length': '30', 'Connection': 'close'}",0,0,unauthorized_test,2.057079
35b62ae80cda,2025-11-05T23:00:57.559929,user_a,101,' OR '1'='1,/invoice?id=' OR '1'='1,GET,http://localhost:5002/invoice?id=' OR '1'='1,{'Authorization': 'Bearer eyJ0eXAiOiJKV1QiLCJhbGciOiJIUzI1NiJ9.eyJ1c2VyX2lkIjoiMTAxIn0.mock_token_a'},404,30,"{'Server': 'Werkzeug/3.1.3 Python/3.13.7', 'Date': 'Wed, 05 Nov 2025 17:30:57 GMT', 'Content-Type': 'application/json', 'Content-Length': '30', 'Connection': 'close'}",0,0,unauthorized_test,2.115053
5bf6c090c588,2025-11-05T23:00:59.753363,user_a,101,102,/order/102/status,GET,http://localhost:5002/order/102/status,{'Authorization': 'Bearer eyJ0eXAiOiJKV1QiLCJhbGciOiJIUzI1NiJ9.eyJ1c2VyX2lkIjoiMTAxIn0.mock_token_a'},401,25,"{'Server': 'Werkzeug/3.1.3 Python/3.13.7', 'Date': 'Wed, 05 Nov 2025 17:30:59 GMT', 'Content-Type': 'application/json', 'Content-Length': '25', 'Connection': 'close'}",0,0,unauthorized_test,2.091444
16d55558f12c,2025-11-05T23:01:01.954197,user_a,101,103,/order/103/status,GET,http://localhost:5002/order/103/status,{'Authorization': 'Bearer eyJ0eXAiOiJKV1QiLCJhbGciOiJIUzI1NiJ9.eyJ1c2VyX2lkIjoiMTAxIn0.mock_token_a'},401,25,"{'Server': 'Werkzeug/3.1.3 Python/3.13.7', 'Date': 'Wed, 05 Nov 2025 17:31:01 GMT', 'Content-Type': 'application/json', 'Content-Length': '25', 'Connection': 'close'}",0,0,unauthorized_test,2.099525
318e711af809,2025-11-05T23:01:04.145057,user_a,101,104,/order/104/status,GET,http://localhost:5002/order/104/status,{'Authorization': 'Bearer eyJ0eXAiOiJKV1QiLCJhbGciOiJIUzI1NiJ9.eyJ1c2VyX2lkIjoiMTAxIn0.mock_token_a'},401,25,"{'Server': 'Werkzeug/3.1.3 Python/3.13.7', 'Date': 'Wed, 05 Nov 2025 17:31:04 GMT', 'Content-Type': 'application/json', 'Content-Length': '25', 'Connection': 'close'}",0,0,unauthorized_test,2.089664
e46c54c4fb80,2025-11-05T23:01:06.321366,user_a,101,105,/order/105/status,GET,http://localhost:5002/order/105/status,{'Authorization': 'Bearer eyJ0eXAiOiJKV1QiLCJhbGciOiJIUzI1NiJ9.eyJ1c2VyX2lkIjoiMTAxIn0.mock_token_a'},401,25,"{'Server': 'Werkzeug/3.1.3 Python/3.13.7', 'Date': 'Wed, 05 Nov 2025 17:31:06 GMT', 'Content-Type': 'application/json', 'Content-Length': '25', 'Connection': 'close'}",0,0,unauthorized_test,2.074953
e4e777548948,2025-11-05T23:01:08.501112,user_a,101,202,/order/202/status,GET,http://localhost:5002/order/202/status,{'Authorization': 'Bearer eyJ0eXAiOiJKV1QiLCJhbGciOiJIUzI1NiJ9.eyJ1c2VyX2lkIjoiMTAxIn0.mock_token_a'},401,25,"{'Server': 'Werkzeug/3.1.3 Python/3.13.7', 'Date': 'Wed, 05 Nov 2025 17:31:08 GMT', 'Content-Type': 'application/json', 'Content-Length': '25', 'Connection': 'close'}",0,0,unauthorized_test,2.078349
34b7f54785c4,2025-11-05T23:01:10.691774,user_a,101,203,/order/203/status,GET,http://localhost:5002/order/203/status,{'Authorization': 'Bearer eyJ0eXAiOiJKV1QiLCJhbGciOiJIUzI1NiJ9.eyJ1c2VyX2lkIjoiMTAxIn0.mock_token_a'},401,25,"{'Server': 'Werkzeug/3.1.3 Python/3.13.7', 'Date': 'Wed, 05 Nov 2025 17:31:10 GMT', 'Content-Type': 'application/json', 'Content-Length': '25', 'Connection': 'close'}",0,0,unauthorized_test,2.088957
acde20b52d31,2025-11-05T23:01:12.864290,user_a,101,204,/order/204/status,GET,http://localhost:5002/order/204/status,{'Authorization': 'Bearer eyJ0eXAiOiJKV1QiLCJhbGciOiJIUzI1NiJ9.eyJ1c2VyX2lkIjoiMTAxIn0.mock_token_a'},401,25,"{'Server': 'Werkzeug/3.1.3 Python/3.13.7', 'Date': 'Wed, 05 Nov 2025 17:31:12 GMT', 'Content-Type': 'application/json', 'Content-Length': '25', 'Connection': 'close'}",0,0,unauthorized_test,2.070754
6212b3ea4ab9,2025-11-05T23:01:15.051175,user_a,101,205,/order/205/status,GET,http://localhost:5002/order/205/status,{'Authorization': 'Bearer eyJ0eXAiOiJKV1QiLCJhbGciOiJIUzI1NiJ9.eyJ1c2VyX2lkIjoiMTAxIn0.mock_token_a'},401,25,"{'Server': 'Werkzeug/3.1.3 Python/3.13.7', 'Date': 'Wed, 05 Nov 2025 17:31:15 GMT', 'Content-Type': 'application/json', 'Content-Length': '25', 'Connection': 'close'}",0,0,unauthorized_test,2.084494
4e6ab8ef2df4,2025-11-05T23:01:17.238603,user_a,101,302,/order/302/status,GET,http://localhost:5002/order/302/status,{'Authorization': 'Bearer eyJ0eXAiOiJKV1QiLCJhbGciOiJIUzI1NiJ9.eyJ1c2VyX2lkIjoiMTAxIn0.mock_token_a'},401,25,"{'Server': 'Werkzeug/3.1.3 Python/3.13.7', 'Date': 'Wed, 05 Nov 2025 17:31:17 GMT', 'Content-Type': 'application/json', 'Content-Length': '25', 'Connection': 'close'}",0,0,unauthorized_test,2.086041
8fed847c14cd,2025-11-05T23:01:19.454252,user_a,101,303,/order/303/status,GET,http://localhost:5002/order/303/status,{'Authorization': 'Bearer eyJ0eXAiOiJKV1QiLCJhbGciOiJIUzI1NiJ9.eyJ1c2VyX2lkIjoiMTAxIn0.mock_token_a'},401,25,"{'Server': 'Werkzeug/3.1.3 Python/3.13.7', 'Date': 'Wed, 05 Nov 2025 17:31:19 GMT', 'Content-Type': 'application/json', 'Content-Length': '25', 'Connection': 'close'}",0,0,unauthorized_test,2.113802
e060aac40ba8,2025-11-05T23:01:21.679459,user_a,101,304,/order/304/status,GET,http://localhost:5002/order/304/status,{'Authorization': 'Bearer eyJ0eXAiOiJKV1QiLCJhbGciOiJIUzI1NiJ9.eyJ1c2VyX2lkIjoiMTAxIn0.mock_token_a'},401,25,"{'Server': 'Werkzeug/3.1.3 Python/3.13.7', 'Date': 'Wed, 05 Nov 2025 17:31:21 GMT', 'Content-Type': 'application/json', 'Content-Length': '25', 'Connection': 'close'}",0,0,unauthorized_test,2.123501
8349c351e34e,2025-11-05T23:01:23.829175,user_a,101,305,/order/305/status,GET,http://localhost:5002/order/305/status,{'Authorization': 'Bearer eyJ0eXAiOiJKV1QiLCJhbGciOiJIUzI1NiJ9.eyJ1c2VyX2lkIjoiMTAxIn0.mock_token_a'},401,25,"{'Server': 'Werkzeug/3.1.3 Python/3.13.7', 'Date': 'Wed, 05 Nov 2025 17:31:23 GMT', 'Content-Type': 'application/json', 'Content-Length': '25', 'Connection': 'close'}",0,0,unauthorized_test,2.048012
6707e7d2ac74,2025-11-05T23:01:26.014512,user_a,101,401,/order/401/status,GET,http://localhost:5002/order/401/status,{'Authorization': 'Bearer eyJ0eXAiOiJKV1QiLCJhbGciOiJIUzI1NiJ9.eyJ1c2VyX2lkIjoiMTAxIn0.mock_token_a'},401,25,"{'Server': 'Werkzeug/3.1.3 Python/3.13.7', 'Date': 'Wed, 05 Nov 2025 17:31:26 GMT', 'Content-Type': 'application/json', 'Content-Length': '25', 'Connection': 'close'}",0,0,unauthorized_test,2.084115
106e49e14a89,2025-11-05T23:01:28.165851,user_a,101,402,/order/402/status,GET,http://localhost:5002/order/402/status,{'Authorization': 'Bearer eyJ0eXAiOiJKV1QiLCJhbGciOiJIUzI1NiJ9.eyJ1c2VyX2lkIjoiMTAxIn0.mock_token_a'},401,25,"{'Server': 'Werkzeug/3.1.3 Python/3.13.7', 'Date': 'Wed, 05 Nov 2025 17:31:28 GMT', 'Content-Type': 'application/json', 'Content-Length': '25', 'Connection': 'close'}",0,0,unauthorized_test,2.049892
98ca4a0634c6,2025-11-05T23:01:30.371506,user_a,101,403,/order/403/status,GET,http://localhost:5002/order/403/status,{'Authorization': 'Bearer eyJ0eXAiOiJKV1QiLCJhbGciOiJIUzI1NiJ9.eyJ1c2VyX2lkIjoiMTAxIn0.mock_token_a'},401,25,"{'Server': 'Werkzeug/3.1.3 Python/3.13.7', 'Date': 'Wed, 05 Nov 2025 17:31:30 GMT', 'Content-Type': 'application/json', 'Content-Length': '25', 'Connection': 'close'}",0,0,unauthorized_test,2.104558
31e31f63ecbb,2025-11-05T23:01:32.541799,user_a,101,404,/order/404/status,GET,http://localhost:5002/order/404/status,{'Authorization': 'Bearer eyJ0eXAiOiJKV1QiLCJhbGciOiJIUzI1NiJ9.eyJ1c2VyX2lkIjoiMTAxIn0.mock_token_a'},401,25,"{'Server': 'Werkzeug/3.1.3 Python/3.13.7', 'Date': 'Wed, 05 Nov 2025 17:31:32 GMT', 'Content-Type': 'application/json', 'Content-Length': '25', 'Connection': 'close'}",0,0,unauthorized_test,2.069076
51e9493bfaae,2025-11-05T23:01:34.759244,user_a,101,405,/order/405/status,GET,http://localhost:5002/order/405/status,{'Authorization': 'Bearer eyJ0eXAiOiJKV1QiLCJhbGciOiJIUzI1NiJ9.eyJ1c2VyX2lkIjoiMTAxIn0.mock_token_a'},401,25,"{'Server': 'Werkzeug/3.1.3 Python/3.13.7', 'Date': 'Wed, 05 Nov 2025 17:31:34 GMT', 'Content-Type': 'application/json', 'Content-Length': '25', 'Connection': 'close'}",0,0,unauthorized_test,2.114237
03db793238cb,2025-11-05T23:01:36.952336,user_a,101,999,/order/999/status,GET,http://localhost:5002/order/999/status,{'Authorization': 'Bearer eyJ0eXAiOiJKV1QiLCJhbGciOiJIUzI1NiJ9.eyJ1c2VyX2lkIjoiMTAxIn0.mock_token_a'},401,25,"{'Server': 'Werkzeug/3.1.3 Python/3.13.7', 'Date': 'Wed, 05 Nov 2025 17:31:36 GMT', 'Content-Type': 'application/json', 'Content-Length': '25', 'Connection': 'close'}",0,0,unauthorized_test,2.091374
aab97176675c,2025-11-05T23:01:39.166181,user_a,101,1000,/order/1000/status,GET,http://localhost:5002/order/1000/status,{'Authorization': 'Bearer eyJ0eXAiOiJKV1QiLCJhbGciOiJIUzI1NiJ9.eyJ1c2VyX2lkIjoiMTAxIn0.mock_token_a'},401,25,"{'Server': 'Werkzeug/3.1.3 Python/3.13.7', 'Date': 'Wed, 05 Nov 2025 17:31:39 GMT', 'Content-Type': 'application/json', 'Content-Length': '25', 'Connection': 'close'}",0,0,unauthorized_test,2.112778
f0da6caea35e,2025-11-05T23:01:41.352363,user_a,101,1001,/order/1001/status,GET,http://localhost:5002/order/1001/status,{'Authorization': 'Bearer eyJ0eXAiOiJKV1QiLCJhbGciOiJIUzI1NiJ9.eyJ1c2VyX2lkIjoiMTAxIn0.mock_token_a'},401,25,"{'Server': 'Werkzeug/3.1.3 Python/3.13.7', 'Date': 'Wed, 05 Nov 2025 17:31:41 GMT', 'Content-Type': 'application/json', 'Content-Length': '25', 'Connection': 'close'}",0,0,unauthorized_test,2.084599
133cc1925a81,2025-11-05T23:01:43.571785,user_a,101,-1,/order/-1/status,GET,http://localhost:5002/order/-1/status,{'Authorization': 'Bearer eyJ0eXAiOiJKV1QiLCJhbGciOiJIUzI1NiJ9.eyJ1c2VyX2lkIjoiMTAxIn0.mock_token_a'},401,25,"{'Server': 'Werkzeug/3.1.3 Python/3.13.7', 'Date': 'Wed, 05 Nov 2025 17:31:43 GMT', 'Content-Type': 'application/json', 'Content-Length': '25', 'Connection': 'close'}",0,0,unauthorized_test,2.118302
ed5148aced1a,2025-11-05T23:01:45.771615,user_a,101,0,/order/0/status,GET,http://localhost:5002/order/0/status,{'Authorization': 'Bearer eyJ0eXAiOiJKV1QiLCJhbGciOiJIUzI1NiJ9.eyJ1c2VyX2lkIjoiMTAxIn0.mock_token_a'},401,25,"{'Server': 'Werkzeug/3.1.3 Python/3.13.7', 'Date': 'Wed, 05 Nov 2025 17:31:45 GMT', 'Content-Type': 'application/json', 'Content-Length': '25', 'Connection': 'close'}",0,0,unauthorized_test,2.098305
8a96f01e9749,2025-11-05T23:01:47.979229,user_a,101,abc,/order/abc/status,GET,http://localhost:5002/order/abc/status,{'Authorization': 'Bearer eyJ0eXAiOiJKV1QiLCJhbGciOiJIUzI1NiJ9.eyJ1c2VyX2lkIjoiMTAxIn0.mock_token_a'},401,25,"{'Server': 'Werkzeug/3.1.3 Python/3.13.7', 'Date': 'Wed, 05 Nov 2025 17:31:47 GMT', 'Content-Type': 'application/json', 'Content-Length': '25', 'Connection': 'close'}",0,0,unauthorized_test,2.106359
7125bfca532d,2025-11-05T23:01:50.191841,user_a,101,xyz,/order/xyz/status,GET,http://localhost:5002/order/xyz/status,{'Authorization': 'Bearer eyJ0eXAiOiJKV1QiLCJhbGciOiJIUzI1NiJ9.eyJ1c2VyX2lkIjoiMTAxIn0.mock_token_a'},401,25,"{'Server': 'Werkzeug/3.1.3 Python/3.13.7', 'Date': 'Wed, 05 Nov 2025 17:31:50 GMT', 'Content-Type': 'application/json', 'Content-Length': '25', 'Connection': 'close'}",0,0,unauthorized_test,2.111098
98fbcb072949,2025-11-05T23:01:52.362608,user_a,101,../../../etc/passwd,/order/../../../etc/passwd/status,GET,http://localhost:5002/etc/passwd/status,{'Authorization': 'Bearer eyJ0eXAiOiJKV1QiLCJhbGciOiJIUzI1NiJ9.eyJ1c2VyX2lkIjoiMTAxIn0.mock_token_a'},404,31,"{'Server': 'Werkzeug/3.1.3 Python/3.13.7', 'Date': 'Wed, 05 Nov 2025 17:31:52 GMT', 'Content-Type': 'application/json', 'Content-Length': '31', 'Connection': 'close'}",0,0,unauthorized_test,2.069072
9885876710cf,2025-11-05T23:01:54.561823,user_a,101,' OR '1'='1,/order/' OR '1'='1/status,GET,http://localhost:5002/order/' OR '1'='1/status,{'Authorization': 'Bearer eyJ0eXAiOiJKV1QiLCJhbGciOiJIUzI1NiJ9.eyJ1c2VyX2lkIjoiMTAxIn0.mock_token_a'},401,25,"{'Server': 'Werkzeug/3.1.3 Python/3.13.7', 'Date': 'Wed, 05 Nov 2025 17:31:54 GMT', 'Content-Type': 'application/json', 'Content-Length': '25', 'Connection': 'close'}",0,0,unauthorized_test,2.097069
a52ab9825a09,2025-11-05T23:01:56.761327,user_a,101,102,/document?doc_id=102,GET,http://localhost:5002/document?doc_id=102,{'Authorization': 'Bearer eyJ0eXAiOiJKV1QiLCJhbGciOiJIUzI1NiJ9.eyJ1c2VyX2lkIjoiMTAxIn0.mock_token_a'},404,31,"{'Server': 'Werkzeug/3.1.3 Python/3.13.7', 'Date': 'Wed, 05 Nov 2025 17:31:56 GMT', 'Content-Type': 'application/json', 'Content-Length': '31', 'Connection': 'close'}",0,0,unauthorized_test,2.097058
98a015164bd7,2025-11-05T23:01:58.945267,user_a,101,103,/document?doc_id=103,GET,http://localhost:5002/document?doc_id=103,{'Authorization': 'Bearer eyJ0eXAiOiJKV1QiLCJhbGciOiJIUzI1NiJ9.eyJ1c2VyX2lkIjoiMTAxIn0.mock_token_a'},404,31,"{'Server': 'Werkzeug/3.1.3 Python/3.13.7', 'Date': 'Wed, 05 Nov 2025 17:31:58 GMT', 'Content-Type': 'application/json', 'Content-Length': '31', 'Connection': 'close'}",0,0,unauthorized_test,2.082119
e58630e1a6c8,2025-11-05T23:02:01.131127,user_a,101,104,/document?doc_id=104,GET,http://localhost:5002/document?doc_id=104,{'Authorization': 'Bearer eyJ0eXAiOiJKV1QiLCJhbGciOiJIUzI1NiJ9.eyJ1c2VyX2lkIjoiMTAxIn0.mock_token_a'},404,31,"{'Server': 'Werkzeug/3.1.3 Python/3.13.7', 'Date': 'Wed, 05 Nov 2025 17:32:01 GMT', 'Content-Type': 'application/json', 'Content-Length': '31', 'Connection': 'close'}",0,0,unauthorized_test,2.084672
256e6df5621a,2025-11-05T23:02:03.329300,user_a,101,105,/document?doc_id=105,GET,http://localhost:5002/document?doc_id=105,{'Authorization': 'Bearer eyJ0eXAiOiJKV1QiLCJhbGciOiJIUzI1NiJ9.eyJ1c2VyX2lkIjoiMTAxIn0.mock_token_a'},404,31,"{'Server': 'Werkzeug/3.1.3 Python/3.13.7', 'Date': 'Wed, 05 Nov 2025 17:32:03 GMT', 'Content-Type': 'application/json', 'Content-Length': '31', 'Connection': 'close'}",0,0,unauthorized_test,2.096922
188082502230,2025-11-05T23:02:05.495880,user_a,101,202,/document?doc_id=202,GET,http://localhost:5002/document?doc_id=202,{'Authorization': 'Bearer eyJ0eXAiOiJKV1QiLCJhbGciOiJIUzI1NiJ9.eyJ1c2VyX2lkIjoiMTAxIn0.mock_token_a'},200,114,"{'Server': 'Werkzeug/3.1.3 Python/3.13.7', 'Date': 'Wed, 05 Nov 2025 17:32:05 GMT', 'Content-Type': 'application/json', 'Content-Length': '114', 'Connection': 'close'}",0,0,unauthorized_test,2.065175
02ae399341b4,2025-11-05T23:02:07.709739,user_a,101,203,/document?doc_id=203,GET,http://localhost:5002/document?doc_id=203,{'Authorization': 'Bearer eyJ0eXAiOiJKV1QiLCJhbGciOiJIUzI1NiJ9.eyJ1c2VyX2lkIjoiMTAxIn0.mock_token_a'},200,104,"{'Server': 'Werkzeug/3.1.3 Python/3.13.7', 'Date': 'Wed, 05 Nov 2025 17:32:07 GMT', 'Content-Type': 'application/json', 'Content-Length': '104', 'Connection': 'close'}",0,0,unauthorized_test,2.112568
5e2b51a80e8e,2025-11-05T23:02:09.910513,user_a,101,204,/document?doc_id=204,GET,http://localhost:5002/document?doc_id=204,{'Authorization': 'Bearer eyJ0eXAiOiJKV1QiLCJhbGciOiJIUzI1NiJ9.eyJ1c2VyX2lkIjoiMTAxIn0.mock_token_a'},404,31,"{'Server': 'Werkzeug/3.1.3 Python/3.13.7', 'Date': 'Wed, 05 Nov 2025 17:32:09 GMT', 'Content-Type': 'application/json', 'Content-Length': '31', 'Connection': 'close'}",0,0,unauthorized_test,2.099317
e55ccf2ccf23,2025-11-05T23:02:12.091413,user_a,101,205,/document?doc_id=205,GET,http://localhost:5002/document?doc_id=205,{'Authorization': 'Bearer eyJ0eXAiOiJKV1QiLCJhbGciOiJIUzI1NiJ9.eyJ1c2VyX2lkIjoiMTAxIn0.mock_token_a'},404,31,"{'Server': 'Werkzeug/3.1.3 Python/3.13.7', 'Date': 'Wed, 05 Nov 2025 17:32:12 GMT', 'Content-Type': 'application/json', 'Content-Length': '31', 'Connection': 'close'}",0,0,unauthorized_test,2.079794
a560cf01159c,2025-11-05T23:02:14.282508,user_a,101,302,/document?doc_id=302,GET,http://localhost:5002/document?doc_id=302,{'Authorization': 'Bearer eyJ0eXAiOiJKV1QiLCJhbGciOiJIUzI1NiJ9.eyJ1c2VyX2lkIjoiMTAxIn0.mock_token_a'},200,88,"{'Server': 'Werkzeug/3.1.3 Python/3.13.7', 'Date': 'Wed, 05 Nov 2025 17:32:14 GMT', 'Content-Type': 'application/json', 'Content-Length': '88', 'Connection': 'close'}",0,0,unauthorized_test,2.088953
413a64ae934e,2025-11-05T23:02:16.467518,user_a,101,303,/document?doc_id=303,GET,http://localhost:5002/document?doc_id=303,{'Authorization': 'Bearer eyJ0eXAiOiJKV1QiLCJhbGciOiJIUzI1NiJ9.eyJ1c2VyX2lkIjoiMTAxIn0.mock_token_a'},200,84,"{'Server': 'Werkzeug/3.1.3 Python/3.13.7', 'Date': 'Wed, 05 Nov 2025 17:32:16 GMT', 'Content-Type': 'application/json', 'Content-Length': '84', 'Connection': 'close'}",0,0,unauthorized_test,2.083368
b4f66626f1d7,2025-11-05T23:02:18.694106,user_a,101,304,/document?doc_id=304,GET,http://localhost:5002/document?doc_id=304,{'Authorization': 'Bearer eyJ0eXAiOiJKV1QiLCJhbGciOiJIUzI1NiJ9.eyJ1c2VyX2lkIjoiMTAxIn0.mock_token_a'},404,31,"{'Server': 'Werkzeug/3.1.3 Python/3.13.7', 'Date': 'Wed, 05 Nov 2025 17:32:18 GMT', 'Content-Type': 'application/json', 'Content-Length': '31', 'Connection': 'close'}",0,0,unauthorized_test,2.124654
2d060aad9109,2025-11-05T23:02:20.878927,user_a,101,305,/document?doc_id=305,GET,http://localhost:5002/document?doc_id=305,{'Authorization': 'Bearer eyJ0eXAiOiJKV1QiLCJhbGciOiJIUzI1NiJ9.eyJ1c2VyX2lkIjoiMTAxIn0.mock_token_a'},404,31,"{'Server': 'Werkzeug/3.1.3 Python/3.13.7', 'Date': 'Wed, 05 Nov 2025 17:32:20 GMT', 'Content-Type': 'application/json', 'Content-Length': '31', 'Connection': 'close'}",0,0,unauthorized_test,2.08296
bcc13d15480b,2025-11-05T23:02:23.076490,user_a,101,401,/document?doc_id=401,GET,http://localhost:5002/document?doc_id=401,{'Authorization': 'Bearer eyJ0eXAiOiJKV1QiLCJhbGciOiJIUzI1NiJ9.eyJ1c2VyX2lkIjoiMTAxIn0.mock_token_a'},404,31,"{'Server': 'Werkzeug/3.1.3 Python/3.13.7', 'Date': 'Wed, 05 Nov 2025 17:32:23 GMT', 'Content-Type': 'application/json', 'Content-Length': '31', 'Connection': 'close'}",0,0,unauthorized_test,2.096266
1d87be62ad70,2025-11-05T23:02:25.266806,user_a,101,402,/document?doc_id=402,GET,http://localhost:5002/document?doc_id=402,{'Authorization': 'Bearer eyJ0eXAiOiJKV1QiLCJhbGciOiJIUzI1NiJ9.eyJ1c2VyX2lkIjoiMTAxIn0.mock_token_a'},404,31,"{'Server': 'Werkzeug/3.1.3 Python/3.13.7', 'Date': 'Wed, 05 Nov 2025 17:32:25 GMT', 'Content-Type': 'application/json', 'Content-Length': '31', 'Connection': 'close'}",0,0,unauthorized_test,2.088832
b765e2cc342f,2025-11-05T23:02:27.448095,user_a,101,403,/document?doc_id=403,GET,http://localhost:5002/document?doc_id=403,{'Authorization': 'Bearer eyJ0eXAiOiJKV1QiLCJhbGciOiJIUzI1NiJ9.eyJ1c2VyX2lkIjoiMTAxIn0.mock_token_a'},404,31,"{'Server': 'Werkzeug/3.1.3 Python/3.13.7', 'Date': 'Wed, 05 Nov 2025 17:32:27 GMT', 'Content-Type': 'application/json', 'Content-Length': '31', 'Connection': 'close'}",0,0,unauthorized_test,2.079552
1ce8576e132b,2025-11-05T23:02:29.636968,user_a,101,404,/document?doc_id=404,GET,http://localhost:5002/document?doc_id=404,{'Authorization': 'Bearer eyJ0eXAiOiJKV1QiLCJhbGciOiJIUzI1NiJ9.eyJ1c2VyX2lkIjoiMTAxIn0.mock_token_a'},404,31,"{'Server': 'Werkzeug/3.1.3 Python/3.13.7', 'Date': 'Wed, 05 Nov 2025 17:32:29 GMT', 'Content-Type': 'application/json', 'Content-Length': '31', 'Connection': 'close'}",0,0,unauthorized_test,2.087296
53ef7c0562ed,2025-11-05T23:02:31.797410,user_a,101,405,/document?doc_id=405,GET,http://localhost:5002/document?doc_id=405,{'Authorization': 'Bearer eyJ0eXAiOiJKV1QiLCJhbGciOiJIUzI1NiJ9.eyJ1c2VyX2lkIjoiMTAxIn0.mock_token_a'},404,31,"{'Server': 'Werkzeug/3.1.3 Python/3.13.7', 'Date': 'Wed, 05 Nov 2025 17:32:31 GMT', 'Content-Type': 'application/json', 'Content-Length': '31', 'Connection': 'close'}",0,0,unauthorized_test,2.058308
96ea6aca9d15,2025-11-05T23:02:33.999935,user_a,101,999,/document?doc_id=999,GET,http://localhost:5002/document?doc_id=999,{'Authorization': 'Bearer eyJ0eXAiOiJKV1QiLCJhbGciOiJIUzI1NiJ9.eyJ1c2VyX2lkIjoiMTAxIn0.mock_token_a'},404,31,"{'Server': 'Werkzeug/3.1.3 Python/3.13.7', 'Date': 'Wed, 05 Nov 2025 17:32:33 GMT', 'Content-Type': 'application/json', 'Content-Length': '31', 'Connection': 'close'}",0,0,unauthorized_test,2.10109
76ac9496d727,2025-11-05T23:02:36.150357,user_a,101,1000,/document?doc_id=1000,GET,http://localhost:5002/document?doc_id=1000,{'Authorization': 'Bearer eyJ0eXAiOiJKV1QiLCJhbGciOiJIUzI1NiJ9.eyJ1c2VyX2lkIjoiMTAxIn0.mock_token_a'},404,31,"{'Server': 'Werkzeug/3.1.3 Python/3.13.7', 'Date': 'Wed, 05 Nov 2025 17:32:36 GMT', 'Content-Type': 'application/json', 'Content-Length': '31', 'Connection': 'close'}",0,0,unauthorized_test,2.048897
83aae62756c3,2025-11-05T23:02:38.362218,user_a,101,1001,/document?doc_id=1001,GET,http://localhost:5002/document?doc_id=1001,{'Authorization': 'Bearer eyJ0eXAiOiJKV1QiLCJhbGciOiJIUzI1NiJ9.eyJ1c2VyX2lkIjoiMTAxIn0.mock_token_a'},404,31,"{'Server': 'Werkzeug/3.1.3 Python/3.13.7', 'Date': 'Wed, 05 Nov 2025 17:32:38 GMT', 'Content-Type': 'application/json', 'Content-Length': '31', 'Connection': 'close'}",0,0,unauthorized_test,2.110035
543839cd4219,2025-11-05T23:02:40.531148,user_a,101,-1,/document?doc_id=-1,GET,http://localhost:5002/document?doc_id=-1,{'Authorization': 'Bearer eyJ0eXAiOiJKV1QiLCJhbGciOiJIUzI1NiJ9.eyJ1c2VyX2lkIjoiMTAxIn0.mock_token_a'},404,31,"{'Server': 'Werkzeug/3.1.3 Python/3.13.7', 'Date': 'Wed, 05 Nov 2025 17:32:40 GMT', 'Content-Type': 'application/json', 'Content-Length': '31', 'Connection': 'close'}",0,0,unauthorized_test,2.067534
425f6fdafb24,2025-11-05T23:02:42.718401,user_a,101,0,/document?doc_id=0,GET,http://localhost:5002/document?doc_id=0,{'Authorization': 'Bearer eyJ0eXAiOiJKV1QiLCJhbGciOiJIUzI1NiJ9.eyJ1c2VyX2lkIjoiMTAxIn0.mock_token_a'},404,31,"{'Server': 'Werkzeug/3.1.3 Python/3.13.7', 'Date': 'Wed, 05 Nov 2025 17:32:42 GMT', 'Content-Type': 'application/json', 'Content-Length': '31', 'Connection': 'close'}",0,0,unauthorized_test,2.085607
a8868a39a08a,2025-11-05T23:02:44.895823,user_a,101,abc,/document?doc_id=abc,GET,http://localhost:5002/document?doc_id=abc,{'Authorization': 'Bearer eyJ0eXAiOiJKV1QiLCJhbGciOiJIUzI1NiJ9.eyJ1c2VyX2lkIjoiMTAxIn0.mock_token_a'},404,31,"{'Server': 'Werkzeug/3.1.3 Python/3.13.7', 'Date': 'Wed, 05 Nov 2025 17:32:44 GMT', 'Content-Type': 'application/json', 'Content-Length': '31', 'Connection': 'close'}",0,0,unauthorized_test,2.075092
fd42d89177fa,2025-11-05T23:02:47.096129,user_a,101,xyz,/document?doc_id=xyz,GET,http://localhost:5002/document?doc_id=xyz,{'Authorization': 'Bearer eyJ0eXAiOiJKV1QiLCJhbGciOiJIUzI1NiJ9.eyJ1c2VyX2lkIjoiMTAxIn0.mock_token_a'},404,31,"{'Server': 'Werkzeug/3.1.3 Python/3.13.7', 'Date': 'Wed, 05 Nov 2025 17:32:47 GMT', 'Content-Type': 'application/json', 'Content-Length': '31', 'Connection': 'close'}",0,0,unauthorized_test,2.09896
660b8f3b32ea,2025-11-05T23:02:49.292726,user_a,101,../../../etc/passwd,/document?doc_id=../../../etc/passwd,GET,http://localhost:5002/document?doc_id=../../../etc/passwd,{'Authorization': 'Bearer eyJ0eXAiOiJKV1QiLCJhbGciOiJIUzI1NiJ9.eyJ1c2VyX2lkIjoiMTAxIn0.mock_token_a'},404,31,"{'Server': 'Werkzeug/3.1.3 Python/3.13.7', 'Date': 'Wed, 05 Nov 2025 17:32:49 GMT', 'Content-Type': 'application/json', 'Content-Length': '31', 'Connection': 'close'}",0,0,unauthorized_test,2.095362
002303c8fcc6,2025-11-05T23:02:51.478737,user_a,101,' OR '1'='1,/document?doc_id=' OR '1'='1,GET,http://localhost:5002/document?doc_id=' OR '1'='1,{'Authorization': 'Bearer eyJ0eXAiOiJKV1QiLCJhbGciOiJIUzI1NiJ9.eyJ1c2VyX2lkIjoiMTAxIn0.mock_token_a'},404,31,"{'Server': 'Werkzeug/3.1.3 Python/3.13.7', 'Date': 'Wed, 05 Nov 2025 17:32:51 GMT', 'Content-Type': 'application/json', 'Content-Length': '31', 'Connection': 'close'}",0,0,unauthorized_test,2.084519
805903e21ba1,2025-11-05T23:02:53.690432,user_a,101,102,/api/account/102/balance,GET,http://localhost:5002/api/account/102/balance,{'Authorization': 'Bearer eyJ0eXAiOiJKV1QiLCJhbGciOiJIUzI1NiJ9.eyJ1c2VyX2lkIjoiMTAxIn0.mock_token_a'},401,25,"{'Server': 'Werkzeug/3.1.3 Python/3.13.7', 'Date': 'Wed, 05 Nov 2025 17:32:53 GMT', 'Content-Type': 'application/json', 'Content-Length': '25', 'Connection': 'close'}",0,0,unauthorized_test,2.110014
3b93f1c5dac8,2025-11-05T23:02:55.831880,user_a,101,103,/api/account/103/balance,POST,http://localhost:5002/api/account/103/balance,{'Authorization': 'Bearer eyJ0eXAiOiJKV1QiLCJhbGciOiJIUzI1NiJ9.eyJ1c2VyX2lkIjoiMTAxIn0.mock_token_a'},405,153,"{'Server': 'Werkzeug/3.1.3 Python/3.13.7', 'Date': 'Wed, 05 Nov 2025 17:32:55 GMT', 'Content-Type': 'text/html; charset=utf-8', 'Allow': 'GET, HEAD, OPTIONS', 'Content-Length': '153', 'Connection': 'close'}",0,0,unauthorized_test,2.040006
911dc9cbf449,2025-11-05T23:02:58.010391,user_a,101,104,/api/account/104/balance,GET,http://localhost:5002/api/account/104/balance,{'Authorization': 'Bearer eyJ0eXAiOiJKV1QiLCJhbGciOiJIUzI1NiJ9.eyJ1c2VyX2lkIjoiMTAxIn0.mock_token_a'},401,25,"{'Server': 'Werkzeug/3.1.3 Python/3.13.7', 'Date': 'Wed, 05 Nov 2025 17:32:58 GMT', 'Content-Type': 'application/json', 'Content-Length': '25', 'Connection': 'close'}",0,0,unauthorized_test,2.076543
9b856189e125,2025-11-05T23:03:00.175807,user_a,101,105,/api/account/105/balance,POST,http://localhost:5002/api/account/105/balance,{'Authorization': 'Bearer eyJ0eXAiOiJKV1QiLCJhbGciOiJIUzI1NiJ9.eyJ1c2VyX2lkIjoiMTAxIn0.mock_token_a'},405,153,"{'Server': 'Werkzeug/3.1.3 Python/3.13.7', 'Date': 'Wed, 05 Nov 2025 17:33:00 GMT', 'Content-Type': 'text/html; charset=utf-8', 'Allow': 'GET, HEAD, OPTIONS', 'Content-Length': '153', 'Connection': 'close'}",0,0,unauthorized_test,2.063382
f820b41974ee,2025-11-05T23:03:02.356676,user_a,101,202,/api/account/202/balance,POST,http://localhost:5002/api/account/202/balance,{'Authorization': 'Bearer eyJ0eXAiOiJKV1QiLCJhbGciOiJIUzI1NiJ9.eyJ1c2VyX2lkIjoiMTAxIn0.mock_token_a'},405,153,"{'Server': 'Werkzeug/3.1.3 Python/3.13.7', 'Date': 'Wed, 05 Nov 2025 17:33:02 GMT', 'Content-Type': 'text/html; charset=utf-8', 'Allow': 'GET, HEAD, OPTIONS', 'Content-Length': '153', 'Connection': 'close'}",0,0,unauthorized_test,2.078819
fa0e270cefc1,2025-11-05T23:03:04.540604,user_a,101,203,/api/account/203/balance,GET,http://localhost:5002/api/account/203/balance,{'Authorization': 'Bearer eyJ0eXAiOiJKV1QiLCJhbGciOiJIUzI1NiJ9.eyJ1c2VyX2lkIjoiMTAxIn0.mock_token_a'},401,25,"{'Server': 'Werkzeug/3.1.3 Python/3.13.7', 'Date': 'Wed, 05 Nov 2025 17:33:04 GMT', 'Content-Type': 'application/json', 'Content-Length': '25', 'Connection': 'close'}",0,0,unauthorized_test,2.081699
3b850e17039c,2025-11-05T23:03:06.707468,user_a,101,204,/api/account/204/balance,POST,http://localhost:5002/api/account/204/balance,{'Authorization': 'Bearer eyJ0eXAiOiJKV1QiLCJhbGciOiJIUzI1NiJ9.eyJ1c2VyX2lkIjoiMTAxIn0.mock_token_a'},405,153,"{'Server': 'Werkzeug/3.1.3 Python/3.13.7', 'Date': 'Wed, 05 Nov 2025 17:33:06 GMT', 'Content-Type': 'text/html; charset=utf-8', 'Allow': 'GET, HEAD, OPTIONS', 'Content-Length': '153', 'Connection': 'close'}",0,0,unauthorized_test,2.065298
59a633931270,2025-11-05T23:03:08.891781,user_a,101,205,/api/account/205/balance,GET,http://localhost:5002/api/account/205/balance,{'Authorization': 'Bearer eyJ0eXAiOiJKV1QiLCJhbGciOiJIUzI1NiJ9.eyJ1c2VyX2lkIjoiMTAxIn0.mock_token_a'},401,25,"{'Server': 'Werkzeug/3.1.3 Python/3.13.7', 'Date': 'Wed, 05 Nov 2025 17:33:08 GMT', 'Content-Type': 'application/json', 'Content-Length': '25', 'Connection': 'close'}",0,0,unauthorized_test,2.082212
0ff70e8bdf85,2025-11-05T23:03:11.106722,user_a,101,302,/api/account/302/balance,GET,http://localhost:5002/api/account/302/balance,{'Authorization': 'Bearer eyJ0eXAiOiJKV1QiLCJhbGciOiJIUzI1NiJ9.eyJ1c2VyX2lkIjoiMTAxIn0.mock_token_a'},401,25,"{'Server': 'Werkzeug/3.1.3 Python/3.13.7', 'Date': 'Wed, 05 Nov 2025 17:33:11 GMT', 'Content-Type': 'application/json', 'Content-Length': '25', 'Connection': 'close'}",0,0,unauthorized_test,2.11336
bf65c161753e,2025-11-05T23:03:13.266418,user_a,101,303,/api/account/303/balance,POST,http://localhost:5002/api/account/303/balance,{'Authorization': 'Bearer eyJ0eXAiOiJKV1QiLCJhbGciOiJIUzI1NiJ9.eyJ1c2VyX2lkIjoiMTAxIn0.mock_token_a'},405,153,"{'Server': 'Werkzeug/3.1.3 Python/3.13.7', 'Date': 'Wed, 05 Nov 2025 17:33:13 GMT', 'Content-Type': 'text/html; charset=utf-8', 'Allow': 'GET, HEAD, OPTIONS', 'Content-Length': '153', 'Connection': 'close'}",0,0,unauthorized_test,2.05769
cdef5522a6a5,2025-11-05T23:03:15.412133,user_a,101,304,/api/account/304/balance,POST,http://localhost:5002/api/account/304/balance,{'Authorization': 'Bearer eyJ0eXAiOiJKV1QiLCJhbGciOiJIUzI1NiJ9.eyJ1c2VyX2lkIjoiMTAxIn0.mock_token_a'},405,153,"{'Server': 'Werkzeug/3.1.3 Python/3.13.7', 'Date': 'Wed, 05 Nov 2025 17:33:15 GMT', 'Content-Type': 'text/html; charset=utf-8', 'Allow': 'GET, HEAD, OPTIONS', 'Content-Length': '153', 'Connection': 'close'}",0,0,unauthorized_test,2.044303
21b61c9976e7,2025-11-05T23:03:17.626419,user_a,101,305,/api/account/305/balance,GET,http://localhost:5002/api/account/305/balance,{'Authorization': 'Bearer eyJ0eXAiOiJKV1QiLCJhbGciOiJIUzI1NiJ9.eyJ1c2VyX2lkIjoiMTAxIn0.mock_token_a'},401,25,"{'Server': 'Werkzeug/3.1.3 Python/3.13.7', 'Date': 'Wed, 05 Nov 2025 17:33:17 GMT', 'Content-Type': 'application/json', 'Content-Length': '25', 'Connection': 'close'}",0,0,unauthorized_test,2.112542
5ab1cecd9ac9,2025-11-05T23:03:19.794627,user_a,101,401,/api/account/401/balance,POST,http://localhost:5002/api/account/401/balance,{'Authorization': 'Bearer eyJ0eXAiOiJKV1QiLCJhbGciOiJIUzI1NiJ9.eyJ1c2VyX2lkIjoiMTAxIn0.mock_token_a'},405,153,"{'Server': 'Werkzeug/3.1.3 Python/3.13.7', 'Date': 'Wed, 05 Nov 2025 17:33:19 GMT', 'Content-Type': 'text/html; charset=utf-8', 'Allow': 'GET, HEAD, OPTIONS', 'Content-Length': '153', 'Connection': 'close'}",0,0,unauthorized_test,2.06613
2e7810048922,2025-11-05T23:03:21.970161,user_a,101,402,/api/account/402/balance,GET,http://localhost:5002/api/account/402/balance,{'Authorization': 'Bearer eyJ0eXAiOiJKV1QiLCJhbGciOiJIUzI1NiJ9.eyJ1c2VyX2lkIjoiMTAxIn0.mock_token_a'},401,25,"{'Server': 'Werkzeug/3.1.3 Python/3.13.7', 'Date': 'Wed, 05 Nov 2025 17:33:21 GMT', 'Content-Type': 'application/json', 'Content-Length': '25', 'Connection': 'close'}",0,0,unauthorized_test,2.073721
7de95e80ce76,2025-11-05T23:03:24.105121,user_a,101,403,/api/account/403/balance,POST,http://localhost:5002/api/account/403/balance,{'Authorization': 'Bearer eyJ0eXAiOiJKV1QiLCJhbGciOiJIUzI1NiJ9.eyJ1c2VyX2lkIjoiMTAxIn0.mock_token_a'},405,153,"{'Server': 'Werkzeug/3.1.3 Python/3.13.7', 'Date': 'Wed, 05 Nov 2025 17:33:24 GMT', 'Content-Type': 'text/html; charset=utf-8', 'Allow': 'GET, HEAD, OPTIONS', 'Content-Length': '153', 'Connection': 'close'}",0,0,unauthorized_test,2.033087
d01c59f00fed,2025-11-05T23:03:26.293787,user_a,101,404,/api/account/404/balance,GET,http://localhost:5002/api/account/404/balance,{'Authorization': 'Bearer eyJ0eXAiOiJKV1QiLCJhbGciOiJIUzI1NiJ9.eyJ1c2VyX2lkIjoiMTAxIn0.mock_token_a'},401,25,"{'Server': 'Werkzeug/3.1.3 Python/3.13.7', 'Date': 'Wed, 05 Nov 2025 17:33:26 GMT', 'Content-Type': 'application/json', 'Content-Length': '25', 'Connection': 'close'}",0,0,unauthorized_test,2.087292
b0097a72106d,2025-11-05T23:03:28.456250,user_a,101,405,/api/account/405/balance,GET,http://localhost:5002/api/account/405/balance,{'Authorization': 'Bearer eyJ0eXAiOiJKV1QiLCJhbGciOiJIUzI1NiJ9.eyJ1c2VyX2lkIjoiMTAxIn0.mock_token_a'},401,25,"{'Server': 'Werkzeug/3.1.3 Python/3.13.7', 'Date': 'Wed, 05 Nov 2025 17:33:28 GMT', 'Content-Type': 'application/json', 'Content-Length': '25', 'Connection': 'close'}",0,0,unauthorized_test,2.060902
11758fc3c635,2025-11-05T23:03:30.614681,user_a,101,999,/api/account/999/balance,POST,http://localhost:5002/api/account/999/balance,{'Authorization': 'Bearer eyJ0eXAiOiJKV1QiLCJhbGciOiJIUzI1NiJ9.eyJ1c2VyX2lkIjoiMTAxIn0.mock_token_a'},405,153,"{'Server': 'Werkzeug/3.1.3 Python/3.13.7', 'Date': 'Wed, 05 Nov 2025 17:33:30 GMT', 'Content-Type': 'text/html; charset=utf-8', 'Allow': 'GET, HEAD, OPTIONS', 'Content-Length': '153', 'Connection': 'close'}",0,0,unauthorized_test,2.056973
49f80cd0ce94,2025-11-05T23:03:32.770459,user_a,101,1000,/api/account/1000/balance,POST,http://localhost:5002/api/account/1000/balance,{'Authorization': 'Bearer eyJ0eXAiOiJKV1QiLCJhbGciOiJIUzI1NiJ9.eyJ1c2VyX2lkIjoiMTAxIn0.mock_token_a'},405,153,"{'Server': 'Werkzeug/3.1.3 Python/3.13.7', 'Date': 'Wed, 05 Nov 2025 17:33:32 GMT', 'Content-Type': 'text/html; charset=utf-8', 'Allow': 'GET, HEAD, OPTIONS', 'Content-Length': '153', 'Connection': 'close'}",0,0,unauthorized_test,2.053468
55d5ea278f2d,2025-11-05T23:03:35.004860,user_a,101,1001,/api/account/1001/balance,GET,http://localhost:5002/api/account/1001/balance,{'Authorization': 'Bearer eyJ0eXAiOiJKV1QiLCJhbGciOiJIUzI1NiJ9.eyJ1c2VyX2lkIjoiMTAxIn0.mock_token_a'},401,25,"{'Server': 'Werkzeug/3.1.3 Python/3.13.7', 'Date': 'Wed, 05 Nov 2025 17:33:35 GMT', 'Content-Type': 'application/json', 'Content-Length': '25', 'Connection': 'close'}",0,0,unauthorized_test,2.132724
67bf5c9f6d8f,2025-11-05T23:03:37.150987,user_a,101,-1,/api/account/-1/balance,POST,http://localhost:5002/api/account/-1/balance,{'Authorization': 'Bearer eyJ0eXAiOiJKV1QiLCJhbGciOiJIUzI1NiJ9.eyJ1c2VyX2lkIjoiMTAxIn0.mock_token_a'},405,153,"{'Server': 'Werkzeug/3.1.3 Python/3.13.7', 'Date': 'Wed, 05 Nov 2025 17:33:37 GMT', 'Content-Type': 'text/html; charset=utf-8', 'Allow': 'GET, HEAD, OPTIONS', 'Content-Length': '153', 'Connection': 'close'}",0,0,unauthorized_test,2.044114
ab2428a5cd56,2025-11-05T23:03:39.383286,user_a,101,0,/api/account/0/balance,GET,http://localhost:5002/api/account/0/balance,{'Authorization': 'Bearer eyJ0eXAiOiJKV1QiLCJhbGciOiJIUzI1NiJ9.eyJ1c2VyX2lkIjoiMTAxIn0.mock_token_a'},401,25,"{'Server': 'Werkzeug/3.1.3 Python/3.13.7', 'Date': 'Wed, 05 Nov 2025 17:33:39 GMT', 'Content-Type': 'application/json', 'Content-Length': '25', 'Connection': 'close'}",0,0,unauthorized_test,2.130664
d623b4621002,2025-11-05T23:03:41.599549,user_a,101,abc,/api/account/abc/balance,GET,http://localhost:5002/api/account/abc/balance,{'Authorization': 'Bearer eyJ0eXAiOiJKV1QiLCJhbGciOiJIUzI1NiJ9.eyJ1c2VyX2lkIjoiMTAxIn0.mock_token_a'},401,25,"{'Server': 'Werkzeug/3.1.3 Python/3.13.7', 'Date': 'Wed, 05 Nov 2025 17:33:41 GMT', 'Content-Type': 'application/json', 'Content-Length': '25', 'Connection': 'close'}",0,0,unauthorized_test,2.114605
466e5f37affd,2025-11-05T23:03:43.775531,user_a,101,xyz,/api/account/xyz/balance,POST,http://localhost:5002/api/account/xyz/balance,{'Authorization': 'Bearer eyJ0eXAiOiJKV1QiLCJhbGciOiJIUzI1NiJ9.eyJ1c2VyX2lkIjoiMTAxIn0.mock_token_a'},405,153,"{'Server': 'Werkzeug/3.1.3 Python/3.13.7', 'Date': 'Wed, 05 Nov 2025 17:33:43 GMT', 'Content-Type': 'text/html; charset=utf-8', 'Allow': 'GET, HEAD, OPTIONS', 'Content-Length': '153', 'Connection': 'close'}",0,0,unauthorized_test,2.074859
98fda3aba8ed,2025-11-05T23:03:45.918098,user_a,101,../../../etc/passwd,/api/account/../../../etc/passwd/balance,GET,http://localhost:5002/etc/passwd/balance,{'Authorization': 'Bearer eyJ0eXAiOiJKV1QiLCJhbGciOiJIUzI1NiJ9.eyJ1c2VyX2lkIjoiMTAxIn0.mock_token_a'},404,31,"{'Server': 'Werkzeug/3.1.3 Python/3.13.7', 'Date': 'Wed, 05 Nov 2025 17:33:45 GMT', 'Content-Type': 'application/json', 'Content-Length': '31', 'Connection': 'close'}",0,0,unauthorized_test,2.040889
c67053cc7887,2025-11-05T23:03:48.065157,user_a,101,' OR '1'='1,/api/account/' OR '1'='1/balance,POST,http://localhost:5002/api/account/' OR '1'='1/balance,{'Authorization': 'Bearer eyJ0eXAiOiJKV1QiLCJhbGciOiJIUzI1NiJ9.eyJ1c2VyX2lkIjoiMTAxIn0.mock_token_a'},405,153,"{'Server': 'Werkzeug/3.1.3 Python/3.13.7', 'Date': 'Wed, 05 Nov 2025 17:33:48 GMT', 'Content-Type': 'text/html; charset=utf-8', 'Allow': 'GET, HEAD, OPTIONS', 'Content-Length': '153', 'Connection': 'close'}",0,0,unauthorized_test,2.045705
c40d479c0539,2025-11-05T23:03:50.222145,user_a,101,102,/settings?user_id=102,GET,http://localhost:5002/settings?user_id=102,{'Authorization': 'Bearer eyJ0eXAiOiJKV1QiLCJhbGciOiJIUzI1NiJ9.eyJ1c2VyX2lkIjoiMTAxIn0.mock_token_a'},401,25,"{'Server': 'Werkzeug/3.1.3 Python/3.13.7', 'Date': 'Wed, 05 Nov 2025 17:33:50 GMT', 'Content-Type': 'application/json', 'Content-Length': '25', 'Connection': 'close'}",0,0,unauthorized_test,2.055047
92a15634ef01,2025-11-05T23:03:52.398395,user_a,101,103,/settings?user_id=103,GET,http://localhost:5002/settings?user_id=103,{'Authorization': 'Bearer eyJ0eXAiOiJKV1QiLCJhbGciOiJIUzI1NiJ9.eyJ1c2VyX2lkIjoiMTAxIn0.mock_token_a'},401,25,"{'Server': 'Werkzeug/3.1.3 Python/3.13.7', 'Date': 'Wed, 05 Nov 2025 17:33:52 GMT', 'Content-Type': 'application/json', 'Content-Length': '25', 'Connection': 'close'}",0,0,unauthorized_test,2.074415
b57c0dfa3bed,2025-11-05T23:03:54.572011,user_a,101,104,/settings?user_id=104,GET,http://localhost:5002/settings?user_id=104,{'Authorization': 'Bearer eyJ0eXAiOiJKV1QiLCJhbGciOiJIUzI1NiJ9.eyJ1c2VyX2lkIjoiMTAxIn0.mock_token_a'},401,25,"{'Server': 'Werkzeug/3.1.3 Python/3.13.7', 'Date': 'Wed, 05 Nov 2025 17:33:54 GMT', 'Content-Type': 'application/json', 'Content-Length': '25', 'Connection': 'close'}",0,0,unauthorized_test,2.071665
e5393da054dc,2025-11-05T23:03:56.712762,user_a,101,105,/settings?user_id=105,GET,http://localhost:5002/settings?user_id=105,{'Authorization': 'Bearer eyJ0eXAiOiJKV1QiLCJhbGciOiJIUzI1NiJ9.eyJ1c2VyX2lkIjoiMTAxIn0.mock_token_a'},401,25,"{'Server': 'Werkzeug/3.1.3 Python/3.13.7', 'Date': 'Wed, 05 Nov 2025 17:33:56 GMT', 'Content-Type': 'application/json', 'Content-Length': '25', 'Connection': 'close'}",0,0,unauthorized_test,2.03903
bcb0dc388954,2025-11-05T23:03:58.939218,user_a,101,202,/settings?user_id=202,GET,http://localhost:5002/settings?user_id=202,{'Authorization': 'Bearer eyJ0eXAiOiJKV1QiLCJhbGciOiJIUzI1NiJ9.eyJ1c2VyX2lkIjoiMTAxIn0.mock_token_a'},401,25,"{'Server': 'Werkzeug/3.1.3 Python/3.13.7', 'Date': 'Wed, 05 Nov 2025 17:33:58 GMT', 'Content-Type': 'application/json', 'Content-Length': '25', 'Connection': 'close'}",0,0,unauthorized_test,2.125419
9cb06db7d2f7,2025-11-05T23:04:01.137412,user_a,101,203,/settings?user_id=203,GET,http://localhost:5002/settings?user_id=203,{'Authorization': 'Bearer eyJ0eXAiOiJKV1QiLCJhbGciOiJIUzI1NiJ9.eyJ1c2VyX2lkIjoiMTAxIn0.mock_token_a'},401,25,"{'Server': 'Werkzeug/3.1.3 Python/3.13.7', 'Date': 'Wed, 05 Nov 2025 17:34:01 GMT', 'Content-Type': 'application/json', 'Content-Length': '25', 'Connection': 'close'}",0,0,unauthorized_test,2.09671
2ed5df1cfe9d,2025-11-05T23:04:03.325039,user_a,101,204,/settings?user_id=204,GET,http://localhost:5002/settings?user_id=204,{'Authorization': 'Bearer eyJ0eXAiOiJKV1QiLCJhbGciOiJIUzI1NiJ9.eyJ1c2VyX2lkIjoiMTAxIn0.mock_token_a'},401,25,"{'Server': 'Werkzeug/3.1.3 Python/3.13.7', 'Date': 'Wed, 05 Nov 2025 17:34:03 GMT', 'Content-Type': 'application/json', 'Content-Length': '25', 'Connection': 'close'}",0,0,unauthorized_test,2.086193
8315b58e53ec,2025-11-05T23:04:05.542891,user_a,101,205,/settings?user_id=205,GET,http://localhost:5002/settings?user_id=205,{'Authorization': 'Bearer eyJ0eXAiOiJKV1QiLCJhbGciOiJIUzI1NiJ9.eyJ1c2VyX2lkIjoiMTAxIn0.mock_token_a'},401,25,"{'Server': 'Werkzeug/3.1.3 Python/3.13.7', 'Date': 'Wed, 05 Nov 2025 17:34:05 GMT', 'Content-Type': 'application/json', 'Content-Length': '25', 'Connection': 'close'}",0,0,unauthorized_test,2.11654
40b6c7cf53a3,2025-11-05T23:04:07.702781,user_a,101,302,/settings?user_id=302,GET,http://localhost:5002/settings?user_id=302,{'Authorization': 'Bearer eyJ0eXAiOiJKV1QiLCJhbGciOiJIUzI1NiJ9.eyJ1c2VyX2lkIjoiMTAxIn0.mock_token_a'},401,25,"{'Server': 'Werkzeug/3.1.3 Python/3.13.7', 'Date': 'Wed, 05 Nov 2025 17:34:07 GMT', 'Content-Type': 'application/json', 'Content-Length': '25', 'Connection': 'close'}",0,0,unauthorized_test,2.058396
2314231b0777,2025-11-05T23:04:09.889086,user_a,101,303,/settings?user_id=303,GET,http://localhost:5002/settings?user_id=303,{'Authorization': 'Bearer eyJ0eXAiOiJKV1QiLCJhbGciOiJIUzI1NiJ9.eyJ1c2VyX2lkIjoiMTAxIn0.mock_token_a'},401,25,"{'Server': 'Werkzeug/3.1.3 Python/3.13.7', 'Date': 'Wed, 05 Nov 2025 17:34:09 GMT', 'Content-Type': 'application/json', 'Content-Length': '25', 'Connection': 'close'}",0,0,unauthorized_test,2.08455
0158edfe802d,2025-11-05T23:04:12.096998,user_a,101,304,/settings?user_id=304,GET,http://localhost:5002/settings?user_id=304,{'Authorization': 'Bearer eyJ0eXAiOiJKV1QiLCJhbGciOiJIUzI1NiJ9.eyJ1c2VyX2lkIjoiMTAxIn0.mock_token_a'},401,25,"{'Server': 'Werkzeug/3.1.3 Python/3.13.7', 'Date': 'Wed, 05 Nov 2025 17:34:12 GMT', 'Content-Type': 'application/json', 'Content-Length': '25', 'Connection': 'close'}",0,0,unauthorized_test,2.10622
812e63f8e329,2025-11-05T23:04:14.309319,user_a,101,305,/settings?user_id=305,GET,http://localhost:5002/settings?user_id=305,{'Authorization': 'Bearer eyJ0eXAiOiJKV1QiLCJhbGciOiJIUzI1NiJ9.eyJ1c2VyX2lkIjoiMTAxIn0.mock_token_a'},401,25,"{'Server': 'Werkzeug/3.1.3 Python/3.13.7', 'Date': 'Wed, 05 Nov 2025 17:34:14 GMT', 'Content-Type': 'application/json', 'Content-Length': '25', 'Connection': 'close'}",0,0,unauthorized_test,2.109918
169a560c3969,2025-11-05T23:04:16.515075,user_a,101,401,/settings?user_id=401,GET,http://localhost:5002/settings?user_id=401,{'Authorization': 'Bearer eyJ0eXAiOiJKV1QiLCJhbGciOiJIUzI1NiJ9.eyJ1c2VyX2lkIjoiMTAxIn0.mock_token_a'},401,25,"{'Server': 'Werkzeug/3.1.3 Python/3.13.7', 'Date': 'Wed, 05 Nov 2025 17:34:16 GMT', 'Content-Type': 'application/json', 'Content-Length': '25', 'Connection': 'close'}",0,0,unauthorized_test,2.104167
004804671dca,2025-11-05T23:04:18.713005,user_a,101,402,/settings?user_id=402,GET,http://localhost:5002/settings?user_id=402,{'Authorization': 'Bearer eyJ0eXAiOiJKV1QiLCJhbGciOiJIUzI1NiJ9.eyJ1c2VyX2lkIjoiMTAxIn0.mock_token_a'},401,25,"{'Server': 'Werkzeug/3.1.3 Python/3.13.7', 'Date': 'Wed, 05 Nov 2025 17:34:18 GMT', 'Content-Type': 'application/json', 'Content-Length': '25', 'Connection': 'close'}",0,0,unauthorized_test,2.096495
9f7493b998c9,2025-11-05T23:04:20.902177,user_a,101,403,/settings?user_id=403,GET,http://localhost:5002/settings?user_id=403,{'Authorization': 'Bearer eyJ0eXAiOiJKV1QiLCJhbGciOiJIUzI1NiJ9.eyJ1c2VyX2lkIjoiMTAxIn0.mock_token_a'},401,25,"{'Server': 'Werkzeug/3.1.3 Python/3.13.7', 'Date': 'Wed, 05 Nov 2025 17:34:20 GMT', 'Content-Type': 'application/json', 'Content-Length': '25', 'Connection': 'close'}",0,0,unauthorized_test,2.087793
307afdba6b5c,2025-11-05T23:04:23.081396,user_a,101,404,/settings?user_id=404,GET,http://localhost:5002/settings?user_id=404,{'Authorization': 'Bearer eyJ0eXAiOiJKV1QiLCJhbGciOiJIUzI1NiJ9.eyJ1c2VyX2lkIjoiMTAxIn0.mock_token_a'},401,25,"{'Server': 'Werkzeug/3.1.3 Python/3.13.7', 'Date': 'Wed, 05 Nov 2025 17:34:23 GMT', 'Content-Type': 'application/json', 'Content-Length': '25', 'Connection': 'close'}",0,0,unauthorized_test,2.07759
1d6844ceb5c7,2025-11-05T23:04:25.259978,user_a,101,405,/settings?user_id=405,GET,http://localhost:5002/settings?user_id=405,{'Authorization': 'Bearer eyJ0eXAiOiJKV1QiLCJhbGciOiJIUzI1NiJ9.eyJ1c2VyX2lkIjoiMTAxIn0.mock_token_a'},401,25,"{'Server': 'Werkzeug/3.1.3 Python/3.13.7', 'Date': 'Wed, 05 Nov 2025 17:34:25 GMT', 'Content-Type': 'application/json', 'Content-Length': '25', 'Connection': 'close'}",0,0,unauthorized_test,2.076961
aa5caed2812c,2025-11-05T23:04:27.449278,user_a,101,999,/settings?user_id=999,GET,http://localhost:5002/settings?user_id=999,{'Authorization': 'Bearer eyJ0eXAiOiJKV1QiLCJhbGciOiJIUzI1NiJ9.eyJ1c2VyX2lkIjoiMTAxIn0.mock_token_a'},401,25,"{'Server': 'Werkzeug/3.1.3 Python/3.13.7', 'Date': 'Wed, 05 Nov 2025 17:34:27 GMT', 'Content-Type': 'application/json', 'Content-Length': '25', 'Connection': 'close'}",0,0,unauthorized_test,2.08746
ab4550c676eb,2025-11-05T23:04:29.647174,user_a,101,1000,/settings?user_id=1000,GET,http://localhost:5002/settings?user_id=1000,{'Authorization': 'Bearer eyJ0eXAiOiJKV1QiLCJhbGciOiJIUzI1NiJ9.eyJ1c2VyX2lkIjoiMTAxIn0.mock_token_a'},401,25,"{'Server': 'Werkzeug/3.1.3 Python/3.13.7', 'Date': 'Wed, 05 Nov 2025 17:34:29 GMT', 'Content-Type': 'application/json', 'Content-Length': '25', 'Connection': 'close'}",0,0,unauthorized_test,2.096085
3fefebe81a92,2025-11-05T23:04:31.827765,user_a,101,1001,/settings?user_id=1001,GET,http://localhost:5002/settings?user_id=1001,{'Authorization': 'Bearer eyJ0eXAiOiJKV1QiLCJhbGciOiJIUzI1NiJ9.eyJ1c2VyX2lkIjoiMTAxIn0.mock_token_a'},401,25,"{'Server': 'Werkzeug/3.1.3 Python/3.13.7', 'Date': 'Wed, 05 Nov 2025 17:34:31 GMT', 'Content-Type': 'application/json', 'Content-Length': '25', 'Connection': 'close'}",0,0,unauthorized_test,2.079423
24562d96bab3,2025-11-05T23:04:34.035063,user_a,101,-1,/settings?user_id=-1,GET,http://localhost:5002/settings?user_id=-1,{'Authorization': 'Bearer eyJ0eXAiOiJKV1QiLCJhbGciOiJIUzI1NiJ9.eyJ1c2VyX2lkIjoiMTAxIn0.mock_token_a'},401,25,"{'Server': 'Werkzeug/3.1.3 Python/3.13.7', 'Date': 'Wed, 05 Nov 2025 17:34:34 GMT', 'Content-Type': 'application/json', 'Content-Length': '25', 'Connection': 'close'}",0,0,unauthorized_test,2.106129
27746db5b25a,2025-11-05T23:04:36.229891,user_a,101,0,/settings?user_id=0,GET,http://localhost:5002/settings?user_id=0,{'Authorization': 'Bearer eyJ0eXAiOiJKV1QiLCJhbGciOiJIUzI1NiJ9.eyJ1c2VyX2lkIjoiMTAxIn0.mock_token_a'},401,25,"{'Server': 'Werkzeug/3.1.3 Python/3.13.7', 'Date': 'Wed, 05 Nov 2025 17:34:36 GMT', 'Content-Type': 'application/json', 'Content-Length': '25', 'Connection': 'close'}",0,0,unauthorized_test,2.093349
a51f37275f55,2025-11-05T23:04:38.424352,user_a,101,abc,/settings?user_id=abc,GET,http://localhost:5002/settings?user_id=abc,{'Authorization': 'Bearer eyJ0eXAiOiJKV1QiLCJhbGciOiJIUzI1NiJ9.eyJ1c2VyX2lkIjoiMTAxIn0.mock_token_a'},401,25,"{'Server': 'Werkzeug/3.1.3 Python/3.13.7', 'Date': 'Wed, 05 Nov 2025 17:34:38 GMT', 'Content-Type': 'application/json', 'Content-Length': '25', 'Connection': 'close'}",0,0,unauthorized_test,2.092614
641550a11c8e,2025-11-05T23:04:40.598881,user_a,101,xyz,/settings?user_id=xyz,GET,http://localhost:5002/settings?user_id=xyz,{'Authorization': 'Bearer eyJ0eXAiOiJKV1QiLCJhbGciOiJIUzI1NiJ9.eyJ1c2VyX2lkIjoiMTAxIn0.mock_token_a'},401,25,"{'Server': 'Werkzeug/3.1.3 Python/3.13.7', 'Date': 'Wed, 05 Nov 2025 17:34:40 GMT', 'Content-Type': 'application/json', 'Content-Length': '25', 'Connection': 'close'}",0,0,unauthorized_test,2.072507
857635ca249c,2025-11-05T23:04:42.784352,user_a,101,../../../etc/passwd,/settings?user_id=../../../etc/passwd,GET,http://localhost:5002/settings?user_id=../../../etc/passwd,{'Authorization': 'Bearer eyJ0eXAiOiJKV1QiLCJhbGciOiJIUzI1NiJ9.eyJ1c2VyX2lkIjoiMTAxIn0.mock_token_a'},401,25,"{'Server': 'Werkzeug/3.1.3 Python/3.13.7', 'Date': 'Wed, 05 Nov 2025 17:34:42 GMT', 'Content-Type': 'application/json', 'Content-Length': '25', 'Connection': 'close'}",0,0,unauthorized_test,2.08186
d45a22cee527,2025-11-05T23:04:44.962224,user_a,101,' OR '1'='1,/settings?user_id=' OR '1'='1,GET,http://localhost:5002/settings?user_id=' OR '1'='1,{'Authorization': 'Bearer eyJ0eXAiOiJKV1QiLCJhbGciOiJIUzI1NiJ9.eyJ1c2VyX2lkIjoiMTAxIn0.mock_token_a'},401,25,"{'Server': 'Werkzeug/3.1.3 Python/3.13.7', 'Date': 'Wed, 05 Nov 2025 17:34:44 GMT', 'Content-Type': 'application/json', 'Content-Length': '25', 'Connection': 'close'}",0,0,unauthorized_test,2.0758
28ed036976ba,2025-11-05T23:04:47.161485,user_a,101,102,/messages/102/view,GET,http://localhost:5002/messages/102/view,{'Authorization': 'Bearer eyJ0eXAiOiJKV1QiLCJhbGciOiJIUzI1NiJ9.eyJ1c2VyX2lkIjoiMTAxIn0.mock_token_a'},401,25,"{'Server': 'Werkzeug/3.1.3 Python/3.13.7', 'Date': 'Wed, 05 Nov 2025 17:34:47 GMT', 'Content-Type': 'application/json', 'Content-Length': '25', 'Connection': 'close'}",0,0,unauthorized_test,2.097272
8763f6e17104,2025-11-05T23:04:49.330877,user_a,101,103,/messages/103/view,GET,http://localhost:5002/messages/103/view,{'Authorization': 'Bearer eyJ0eXAiOiJKV1QiLCJhbGciOiJIUzI1NiJ9.eyJ1c2VyX2lkIjoiMTAxIn0.mock_token_a'},401,25,"{'Server': 'Werkzeug/3.1.3 Python/3.13.7', 'Date': 'Wed, 05 Nov 2025 17:34:49 GMT', 'Content-Type': 'application/json', 'Content-Length': '25', 'Connection': 'close'}",0,0,unauthorized_test,2.067167
4180d9c2812d,2025-11-05T23:04:51.510674,user_a,101,104,/messages/104/view,GET,http://localhost:5002/messages/104/view,{'Authorization': 'Bearer eyJ0eXAiOiJKV1QiLCJhbGciOiJIUzI1NiJ9.eyJ1c2VyX2lkIjoiMTAxIn0.mock_token_a'},401,25,"{'Server': 'Werkzeug/3.1.3 Python/3.13.7', 'Date': 'Wed, 05 Nov 2025 17:34:51 GMT', 'Content-Type': 'application/json', 'Content-Length': '25', 'Connection': 'close'}",0,0,unauthorized_test,2.07771
ec7628fd044f,2025-11-05T23:04:53.711870,user_a,101,105,/messages/105/view,GET,http://localhost:5002/messages/105/view,{'Authorization': 'Bearer eyJ0eXAiOiJKV1QiLCJhbGciOiJIUzI1NiJ9.eyJ1c2VyX2lkIjoiMTAxIn0.mock_token_a'},401,25,"{'Server': 'Werkzeug/3.1.3 Python/3.13.7', 'Date': 'Wed, 05 Nov 2025 17:34:53 GMT', 'Content-Type': 'application/json', 'Content-Length': '25', 'Connection': 'close'}",0,0,unauthorized_test,2.099392
a1c5e8347954,2025-11-05T23:04:55.857958,user_a,101,202,/messages/202/view,GET,http://localhost:5002/messages/202/view,{'Authorization': 'Bearer eyJ0eXAiOiJKV1QiLCJhbGciOiJIUzI1NiJ9.eyJ1c2VyX2lkIjoiMTAxIn0.mock_token_a'},401,25,"{'Server': 'Werkzeug/3.1.3 Python/3.13.7', 'Date': 'Wed, 05 Nov 2025 17:34:55 GMT', 'Content-Type': 'application/json', 'Content-Length': '25', 'Connection': 'close'}",0,0,unauthorized_test,2.043987
a9e2c7595eb3,2025-11-05T23:04:58.038450,user_a,101,203,/messages/203/view,GET,http://localhost:5002/messages/203/view,{'Authorization': 'Bearer eyJ0eXAiOiJKV1QiLCJhbGciOiJIUzI1NiJ9.eyJ1c2VyX2lkIjoiMTAxIn0.mock_token_a'},401,25,"{'Server': 'Werkzeug/3.1.3 Python/3.13.7', 'Date': 'Wed, 05 Nov 2025 17:34:58 GMT', 'Content-Type': 'application/json', 'Content-Length': '25', 'Connection': 'close'}",0,0,unauthorized_test,2.077891
7e576910289d,2025-11-05T23:05:00.244447,user_a,101,204,/messages/204/view,GET,http://localhost:5002/messages/204/view,{'Authorization': 'Bearer eyJ0eXAiOiJKV1QiLCJhbGciOiJIUzI1NiJ9.eyJ1c2VyX2lkIjoiMTAxIn0.mock_token_a'},401,25,"{'Server': 'Werkzeug/3.1.3 Python/3.13.7', 'Date': 'Wed, 05 Nov 2025 17:35:00 GMT', 'Content-Type': 'application/json', 'Content-Length': '25', 'Connection': 'close'}",0,0,unauthorized_test,2.103679
a2f7b54bc96a,2025-11-05T23:05:02.412228,user_a,101,205,/messages/205/view,GET,http://localhost:5002/messages/205/view,{'Authorization': 'Bearer eyJ0eXAiOiJKV1QiLCJhbGciOiJIUzI1NiJ9.eyJ1c2VyX2lkIjoiMTAxIn0.mock_token_a'},401,25,"{'Server': 'Werkzeug/3.1.3 Python/3.13.7', 'Date': 'Wed, 05 Nov 2025 17:35:02 GMT', 'Content-Type': 'application/json', 'Content-Length': '25', 'Connection': 'close'}",0,0,unauthorized_test,2.065535
db074a4110a7,2025-11-05T23:05:04.591542,user_a,101,302,/messages/302/view,GET,http://localhost:5002/messages/302/view,{'Authorization': 'Bearer eyJ0eXAiOiJKV1QiLCJhbGciOiJIUzI1NiJ9.eyJ1c2VyX2lkIjoiMTAxIn0.mock_token_a'},401,25,"{'Server': 'Werkzeug/3.1.3 Python/3.13.7', 'Date': 'Wed, 05 Nov 2025 17:35:04 GMT', 'Content-Type': 'application/json', 'Content-Length': '25', 'Connection': 'close'}",0,0,unauthorized_test,2.077608
5614aecb83d9,2025-11-05T23:05:06.793854,user_a,101,303,/messages/303/view,GET,http://localhost:5002/messages/303/view,{'Authorization': 'Bearer eyJ0eXAiOiJKV1QiLCJhbGciOiJIUzI1NiJ9.eyJ1c2VyX2lkIjoiMTAxIn0.mock_token_a'},401,25,"{'Server': 'Werkzeug/3.1.3 Python/3.13.7', 'Date': 'Wed, 05 Nov 2025 17:35:06 GMT', 'Content-Type': 'application/json', 'Content-Length': '25', 'Connection': 'close'}",0,0,unauthorized_test,2.10035
6f9acfb0f42d,2025-11-05T23:05:08.975678,user_a,101,304,/messages/304/view,GET,http://localhost:5002/messages/304/view,{'Authorization': 'Bearer eyJ0eXAiOiJKV1QiLCJhbGciOiJIUzI1NiJ9.eyJ1c2VyX2lkIjoiMTAxIn0.mock_token_a'},401,25,"{'Server': 'Werkzeug/3.1.3 Python/3.13.7', 'Date': 'Wed, 05 Nov 2025 17:35:08 GMT', 'Content-Type': 'application/json', 'Content-Length': '25', 'Connection': 'close'}",0,0,unauthorized_test,2.079978
c6f859616bd6,2025-11-05T23:05:11.154325,user_a,101,305,/messages/305/view,GET,http://localhost:5002/messages/305/view,{'Authorization': 'Bearer eyJ0eXAiOiJKV1QiLCJhbGciOiJIUzI1NiJ9.eyJ1c2VyX2lkIjoiMTAxIn0.mock_token_a'},401,25,"{'Server': 'Werkzeug/3.1.3 Python/3.13.7', 'Date': 'Wed, 05 Nov 2025 17:35:11 GMT', 'Content-Type': 'application/json', 'Content-Length': '25', 'Connection': 'close'}",0,0,unauthorized_test,2.076893
2f31074dd5f3,2025-11-05T23:05:13.382030,user_a,101,401,/messages/401/view,GET,http://localhost:5002/messages/401/view,{'Authorization': 'Bearer eyJ0eXAiOiJKV1QiLCJhbGciOiJIUzI1NiJ9.eyJ1c2VyX2lkIjoiMTAxIn0.mock_token_a'},401,25,"{'Server': 'Werkzeug/3.1.3 Python/3.13.7', 'Date': 'Wed, 05 Nov 2025 17:35:13 GMT', 'Content-Type': 'application/json', 'Content-Length': '25', 'Connection': 'close'}",0,0,unauthorized_test,2.125106
0cca2a7643c1,2025-11-05T23:05:15.553058,user_a,101,402,/messages/402/view,GET,http://localhost:5002/messages/402/view,{'Authorization': 'Bearer eyJ0eXAiOiJKV1QiLCJhbGciOiJIUzI1NiJ9.eyJ1c2VyX2lkIjoiMTAxIn0.mock_token_a'},401,25,"{'Server': 'Werkzeug/3.1.3 Python/3.13.7', 'Date': 'Wed, 05 Nov 2025 17:35:15 GMT', 'Content-Type': 'application/json', 'Content-Length': '25', 'Connection': 'close'}",0,0,unauthorized_test,2.068367
d7bc488d1a05,2025-11-05T23:05:17.737249,user_a,101,403,/messages/403/view,GET,http://localhost:5002/messages/403/view,{'Authorization': 'Bearer eyJ0eXAiOiJKV1QiLCJhbGciOiJIUzI1NiJ9.eyJ1c2VyX2lkIjoiMTAxIn0.mock_token_a'},401,25,"{'Server': 'Werkzeug/3.1.3 Python/3.13.7', 'Date': 'Wed, 05 Nov 2025 17:35:17 GMT', 'Content-Type': 'application/json', 'Content-Length': '25', 'Connection': 'close'}",0,0,unauthorized_test,2.082239
156e57a8a437,2025-11-05T23:05:19.921393,user_a,101,404,/messages/404/view,GET,http://localhost:5002/messages/404/view,{'Authorization': 'Bearer eyJ0eXAiOiJKV1QiLCJhbGciOiJIUzI1NiJ9.eyJ1c2VyX2lkIjoiMTAxIn0.mock_token_a'},401,25,"{'Server': 'Werkzeug/3.1.3 Python/3.13.7', 'Date': 'Wed, 05 Nov 2025 17:35:19 GMT', 'Content-Type': 'application/json', 'Content-Length': '25', 'Connection': 'close'}",0,0,unauthorized_test,2.082435
7788b32d2654,2025-11-05T23:05:22.108561,user_a,101,405,/messages/405/view,GET,http://localhost:5002/messages/405/view,{'Authorization': 'Bearer eyJ0eXAiOiJKV1QiLCJhbGciOiJIUzI1NiJ9.eyJ1c2VyX2lkIjoiMTAxIn0.mock_token_a'},401,25,"{'Server': 'Werkzeug/3.1.3 Python/3.13.7', 'Date': 'Wed, 05 Nov 2025 17:35:22 GMT', 'Content-Type': 'application/json', 'Content-Length': '25', 'Connection': 'close'}",0,0,unauthorized_test,2.085625
9314e5d67324,2025-11-05T23:05:24.290039,user_a,101,999,/messages/999/view,GET,http://localhost:5002/messages/999/view,{'Authorization': 'Bearer eyJ0eXAiOiJKV1QiLCJhbGciOiJIUzI1NiJ9.eyJ1c2VyX2lkIjoiMTAxIn0.mock_token_a'},401,25,"{'Server': 'Werkzeug/3.1.3 Python/3.13.7', 'Date': 'Wed, 05 Nov 2025 17:35:24 GMT', 'Content-Type': 'application/json', 'Content-Length': '25', 'Connection': 'close'}",0,0,unauthorized_test,2.079354
ead074a3cb54,2025-11-05T23:05:26.467349,user_a,101,1000,/messages/1000/view,GET,http://localhost:5002/messages/1000/view,{'Authorization': 'Bearer eyJ0eXAiOiJKV1QiLCJhbGciOiJIUzI1NiJ9.eyJ1c2VyX2lkIjoiMTAxIn0.mock_token_a'},401,25,"{'Server': 'Werkzeug/3.1.3 Python/3.13.7', 'Date': 'Wed, 05 Nov 2025 17:35:26 GMT', 'Content-Type': 'application/json', 'Content-Length': '25', 'Connection': 'close'}",0,0,unauthorized_test,2.075154
b8fe1de548cb,2025-11-05T23:05:28.648197,user_a,101,1001,/messages/1001/view,GET,http://localhost:5002/messages/1001/view,{'Authorization': 'Bearer eyJ0eXAiOiJKV1QiLCJhbGciOiJIUzI1NiJ9.eyJ1c2VyX2lkIjoiMTAxIn0.mock_token_a'},401,25,"{'Server': 'Werkzeug/3.1.3 Python/3.13.7', 'Date': 'Wed, 05 Nov 2025 17:35:28 GMT', 'Content-Type': 'application/json', 'Content-Length': '25', 'Connection': 'close'}",0,0,unauthorized_test,2.079208
d99fd17fe199,2025-11-05T23:05:30.838349,user_a,101,-1,/messages/-1/view,GET,http://localhost:5002/messages/-1/view,{'Authorization': 'Bearer eyJ0eXAiOiJKV1QiLCJhbGciOiJIUzI1NiJ9.eyJ1c2VyX2lkIjoiMTAxIn0.mock_token_a'},401,25,"{'Server': 'Werkzeug/3.1.3 Python/3.13.7', 'Date': 'Wed, 05 Nov 2025 17:35:30 GMT', 'Content-Type': 'application/json', 'Content-Length': '25', 'Connection': 'close'}",0,0,unauthorized_test,2.087526
01ff91c6d850,2025-11-05T23:05:33.036775,user_a,101,0,/messages/0/view,GET,http://localhost:5002/messages/0/view,{'Authorization': 'Bearer eyJ0eXAiOiJKV1QiLCJhbGciOiJIUzI1NiJ9.eyJ1c2VyX2lkIjoiMTAxIn0.mock_token_a'},401,25,"{'Server': 'Werkzeug/3.1.3 Python/3.13.7', 'Date': 'Wed, 05 Nov 2025 17:35:33 GMT', 'Content-Type': 'application/json', 'Content-Length': '25', 'Connection': 'close'}",0,0,unauthorized_test,2.096832
821e28cab4e1,2025-11-05T23:05:35.233747,user_a,101,abc,/messages/abc/view,GET,http://localhost:5002/messages/abc/view,{'Authorization': 'Bearer eyJ0eXAiOiJKV1QiLCJhbGciOiJIUzI1NiJ9.eyJ1c2VyX2lkIjoiMTAxIn0.mock_token_a'},401,25,"{'Server': 'Werkzeug/3.1.3 Python/3.13.7', 'Date': 'Wed, 05 Nov 2025 17:35:35 GMT', 'Content-Type': 'application/json', 'Content-Length': '25', 'Connection': 'close'}",0,0,unauthorized_test,2.095376
b63d1e2d06a6,2025-11-05T23:05:37.431816,user_a,101,xyz,/messages/xyz/view,GET,http://localhost:5002/messages/xyz/view,{'Authorization': 'Bearer eyJ0eXAiOiJKV1QiLCJhbGciOiJIUzI1NiJ9.eyJ1c2VyX2lkIjoiMTAxIn0.mock_token_a'},401,25,"{'Server': 'Werkzeug/3.1.3 Python/3.13.7', 'Date': 'Wed, 05 Nov 2025 17:35:37 GMT', 'Content-Type': 'application/json', 'Content-Length': '25', 'Connection': 'close'}",0,0,unauthorized_test,2.096382
23f3d1808380,2025-11-05T23:05:39.609508,user_a,101,../../../etc/passwd,/messages/../../../etc/passwd/view,GET,http://localhost:5002/etc/passwd/view,{'Authorization': 'Bearer eyJ0eXAiOiJKV1QiLCJhbGciOiJIUzI1NiJ9.eyJ1c2VyX2lkIjoiMTAxIn0.mock_token_a'},404,31,"{'Server': 'Werkzeug/3.1.3 Python/3.13.7', 'Date': 'Wed, 05 Nov 2025 17:35:39 GMT', 'Content-Type': 'application/json', 'Content-Length': '31', 'Connection': 'close'}",0,0,unauthorized_test,2.076132
9090ea7eaae2,2025-11-05T23:05:41.792799,user_a,101,' OR '1'='1,/messages/' OR '1'='1/view,GET,http://localhost:5002/messages/' OR '1'='1/view,{'Authorization': 'Bearer eyJ0eXAiOiJKV1QiLCJhbGciOiJIUzI1NiJ9.eyJ1c2VyX2lkIjoiMTAxIn0.mock_token_a'},401,25,"{'Server': 'Werkzeug/3.1.3 Python/3.13.7', 'Date': 'Wed, 05 Nov 2025 17:35:41 GMT', 'Content-Type': 'application/json', 'Content-Length': '25', 'Connection': 'close'}",0,0,unauthorized_test,2.081629
e6a026d01dfb,2025-11-05T23:05:43.999338,user_a,101,102,/report?report_id=102,GET,http://localhost:5002/report?report_id=102,{'Authorization': 'Bearer eyJ0eXAiOiJKV1QiLCJhbGciOiJIUzI1NiJ9.eyJ1c2VyX2lkIjoiMTAxIn0.mock_token_a'},200,187,"{'Server': 'Werkzeug/3.1.3 Python/3.13.7', 'Date': 'Wed, 05 Nov 2025 17:35:43 GMT', 'Content-Type': 'application/json', 'Content-Length': '187', 'Connection': 'close'}",0,0,unauthorized_test,2.105158
ff2234458e0a,2025-11-05T23:05:46.191966,user_a,101,103,/report?report_id=103,GET,http://localhost:5002/report?report_id=103,{'Authorization': 'Bearer eyJ0eXAiOiJKV1QiLCJhbGciOiJIUzI1NiJ9.eyJ1c2VyX2lkIjoiMTAxIn0.mock_token_a'},200,187,"{'Server': 'Werkzeug/3.1.3 Python/3.13.7', 'Date': 'Wed, 05 Nov 2025 17:35:46 GMT', 'Content-Type': 'application/json', 'Content-Length': '187', 'Connection': 'close'}",0,0,unauthorized_test,2.090856
4f0348b2d3a6,2025-11-05T23:05:48.424560,user_a,101,104,/report?report_id=104,GET,http://localhost:5002/report?report_id=104,{'Authorization': 'Bearer eyJ0eXAiOiJKV1QiLCJhbGciOiJIUzI1NiJ9.eyJ1c2VyX2lkIjoiMTAxIn0.mock_token_a'},404,29,"{'Server': 'Werkzeug/3.1.3 Python/3.13.7', 'Date': 'Wed, 05 Nov 2025 17:35:48 GMT', 'Content-Type': 'application/json', 'Content-Length': '29', 'Connection': 'close'}",0,0,unauthorized_test,2.130717
3f176cb279b0,2025-11-05T23:05:50.584482,user_a,101,105,/report?report_id=105,GET,http://localhost:5002/report?report_id=105,{'Authorization': 'Bearer eyJ0eXAiOiJKV1QiLCJhbGciOiJIUzI1NiJ9.eyJ1c2VyX2lkIjoiMTAxIn0.mock_token_a'},404,29,"{'Server': 'Werkzeug/3.1.3 Python/3.13.7', 'Date': 'Wed, 05 Nov 2025 17:35:50 GMT', 'Content-Type': 'application/json', 'Content-Length': '29', 'Connection': 'close'}",0,0,unauthorized_test,2.058297
828f59b4b7a3,2025-11-05T23:05:52.780852,user_a,101,202,/report?report_id=202,GET,http://localhost:5002/report?report_id=202,{'Authorization': 'Bearer eyJ0eXAiOiJKV1QiLCJhbGciOiJIUzI1NiJ9.eyJ1c2VyX2lkIjoiMTAxIn0.mock_token_a'},404,29,"{'Server': 'Werkzeug/3.1.3 Python/3.13.7', 'Date': 'Wed, 05 Nov 2025 17:35:52 GMT', 'Content-Type': 'application/json', 'Content-Length': '29', 'Connection': 'close'}",0,0,unauthorized_test,2.094437
8c9bff56bf45,2025-11-05T23:05:54.956444,user_a,101,203,/report?report_id=203,GET,http://localhost:5002/report?report_id=203,{'Authorization': 'Bearer eyJ0eXAiOiJKV1QiLCJhbGciOiJIUzI1NiJ9.eyJ1c2VyX2lkIjoiMTAxIn0.mock_token_a'},404,29,"{'Server': 'Werkzeug/3.1.3 Python/3.13.7', 'Date': 'Wed, 05 Nov 2025 17:35:54 GMT', 'Content-Type': 'application/json', 'Content-Length': '29', 'Connection': 'close'}",0,0,unauthorized_test,2.073987
a9a40a6aa210,2025-11-05T23:05:57.197663,user_a,101,204,/report?report_id=204,GET,http://localhost:5002/report?report_id=204,{'Authorization': 'Bearer eyJ0eXAiOiJKV1QiLCJhbGciOiJIUzI1NiJ9.eyJ1c2VyX2lkIjoiMTAxIn0.mock_token_a'},404,29,"{'Server': 'Werkzeug/3.1.3 Python/3.13.7', 'Date': 'Wed, 05 Nov 2025 17:35:57 GMT', 'Content-Type': 'application/json', 'Content-Length': '29', 'Connection': 'close'}",0,0,unauthorized_test,2.138982
1a3362326f3f,2025-11-05T23:05:59.413639,user_a,101,205,/report?report_id=205,GET,http://localhost:5002/report?report_id=205,{'Authorization': 'Bearer eyJ0eXAiOiJKV1QiLCJhbGciOiJIUzI1NiJ9.eyJ1c2VyX2lkIjoiMTAxIn0.mock_token_a'},404,29,"{'Server': 'Werkzeug/3.1.3 Python/3.13.7', 'Date': 'Wed, 05 Nov 2025 17:35:59 GMT', 'Content-Type': 'application/json', 'Content-Length': '29', 'Connection': 'close'}",0,0,unauthorized_test,2.114022
818b4c45f743,2025-11-05T23:06:01.618096,user_a,101,302,/report?report_id=302,GET,http://localhost:5002/report?report_id=302,{'Authorization': 'Bearer eyJ0eXAiOiJKV1QiLCJhbGciOiJIUzI1NiJ9.eyJ1c2VyX2lkIjoiMTAxIn0.mock_token_a'},404,29,"{'Server': 'Werkzeug/3.1.3 Python/3.13.7', 'Date': 'Wed, 05 Nov 2025 17:36:01 GMT', 'Content-Type': 'application/json', 'Content-Length': '29', 'Connection': 'close'}",0,0,unauthorized_test,2.102241
b9a2ac9cfba7,2025-11-05T23:06:03.798457,user_a,101,303,/report?report_id=303,GET,http://localhost:5002/report?report_id=303,{'Authorization': 'Bearer eyJ0eXAiOiJKV1QiLCJhbGciOiJIUzI1NiJ9.eyJ1c2VyX2lkIjoiMTAxIn0.mock_token_a'},404,29,"{'Server': 'Werkzeug/3.1.3 Python/3.13.7', 'Date': 'Wed, 05 Nov 2025 17:36:03 GMT', 'Content-Type': 'application/json', 'Content-Length': '29', 'Connection': 'close'}",0,0,unauthorized_test,2.07845
d7ce3f259a4c,2025-11-05T23:06:05.980780,user_a,101,304,/report?report_id=304,GET,http://localhost:5002/report?report_id=304,{'Authorization': 'Bearer eyJ0eXAiOiJKV1QiLCJhbGciOiJIUzI1NiJ9.eyJ1c2VyX2lkIjoiMTAxIn0.mock_token_a'},404,29,"{'Server': 'Werkzeug/3.1.3 Python/3.13.7', 'Date': 'Wed, 05 Nov 2025 17:36:05 GMT', 'Content-Type': 'application/json', 'Content-Length': '29', 'Connection': 'close'}",0,0,unauthorized_test,2.080448
d55878a18c74,2025-11-05T23:06:08.196356,user_a,101,305,/report?report_id=305,GET,http://localhost:5002/report?report_id=305,{'Authorization': 'Bearer eyJ0eXAiOiJKV1QiLCJhbGciOiJIUzI1NiJ9.eyJ1c2VyX2lkIjoiMTAxIn0.mock_token_a'},404,29,"{'Server': 'Werkzeug/3.1.3 Python/3.13.7', 'Date': 'Wed, 05 Nov 2025 17:36:08 GMT', 'Content-Type': 'application/json', 'Content-Length': '29', 'Connection': 'close'}",0,0,unauthorized_test,2.11195
ab30d81295af,2025-11-05T23:06:10.392750,user_a,101,401,/report?report_id=401,GET,http://localhost:5002/report?report_id=401,{'Authorization': 'Bearer eyJ0eXAiOiJKV1QiLCJhbGciOiJIUzI1NiJ9.eyJ1c2VyX2lkIjoiMTAxIn0.mock_token_a'},404,29,"{'Server': 'Werkzeug/3.1.3 Python/3.13.7', 'Date': 'Wed, 05 Nov 2025 17:36:10 GMT', 'Content-Type': 'application/json', 'Content-Length': '29', 'Connection': 'close'}",0,0,unauthorized_test,2.094243
9af8c82a3e47,2025-11-05T23:06:12.576471,user_a,101,402,/report?report_id=402,GET,http://localhost:5002/report?report_id=402,{'Authorization': 'Bearer eyJ0eXAiOiJKV1QiLCJhbGciOiJIUzI1NiJ9.eyJ1c2VyX2lkIjoiMTAxIn0.mock_token_a'},404,29,"{'Server': 'Werkzeug/3.1.3 Python/3.13.7', 'Date': 'Wed, 05 Nov 2025 17:36:12 GMT', 'Content-Type': 'application/json', 'Content-Length': '29', 'Connection': 'close'}",0,0,unauthorized_test,2.081858
37a8e3d1981b,2025-11-05T23:06:14.754916,user_a,101,403,/report?report_id=403,GET,http://localhost:5002/report?report_id=403,{'Authorization': 'Bearer eyJ0eXAiOiJKV1QiLCJhbGciOiJIUzI1NiJ9.eyJ1c2VyX2lkIjoiMTAxIn0.mock_token_a'},404,29,"{'Server': 'Werkzeug/3.1.3 Python/3.13.7', 'Date': 'Wed, 05 Nov 2025 17:36:14 GMT', 'Content-Type': 'application/json', 'Content-Length': '29', 'Connection': 'close'}",0,0,unauthorized_test,2.076243
ee39cc4ccd5f,2025-11-05T23:06:16.956805,user_a,101,404,/report?report_id=404,GET,http://localhost:5002/report?report_id=404,{'Authorization': 'Bearer eyJ0eXAiOiJKV1QiLCJhbGciOiJIUzI1NiJ9.eyJ1c2VyX2lkIjoiMTAxIn0.mock_token_a'},404,29,"{'Server': 'Werkzeug/3.1.3 Python/3.13.7', 'Date': 'Wed, 05 Nov 2025 17:36:16 GMT', 'Content-Type': 'application/json', 'Content-Length': '29', 'Connection': 'close'}",0,0,unauthorized_test,2.099718
847cac027ce5,2025-11-05T23:06:19.113692,user_a,101,405,/report?report_id=405,GET,http://localhost:5002/report?report_id=405,{'Authorization': 'Bearer eyJ0eXAiOiJKV1QiLCJhbGciOiJIUzI1NiJ9.eyJ1c2VyX2lkIjoiMTAxIn0.mock_token_a'},404,29,"{'Server': 'Werkzeug/3.1.3 Python/3.13.7', 'Date': 'Wed, 05 Nov 2025 17:36:19 GMT', 'Content-Type': 'application/json', 'Content-Length': '29', 'Connection': 'close'}",0,0,unauthorized_test,2.055674
cfbfdcf0fedf,2025-11-05T23:06:21.304866,user_a,101,999,/report?report_id=999,GET,http://localhost:5002/report?report_id=999,{'Authorization': 'Bearer eyJ0eXAiOiJKV1QiLCJhbGciOiJIUzI1NiJ9.eyJ1c2VyX2lkIjoiMTAxIn0.mock_token_a'},404,29,"{'Server': 'Werkzeug/3.1.3 Python/3.13.7', 'Date': 'Wed, 05 Nov 2025 17:36:21 GMT', 'Content-Type': 'application/json', 'Content-Length': '29', 'Connection': 'close'}",0,0,unauthorized_test,2.089804
8b3459e77e8d,2025-11-05T23:06:23.512229,user_a,101,1000,/report?report_id=1000,GET,http://localhost:5002/report?report_id=1000,{'Authorization': 'Bearer eyJ0eXAiOiJKV1QiLCJhbGciOiJIUzI1NiJ9.eyJ1c2VyX2lkIjoiMTAxIn0.mock_token_a'},404,29,"{'Server': 'Werkzeug/3.1.3 Python/3.13.7', 'Date': 'Wed, 05 Nov 2025 17:36:23 GMT', 'Content-Type': 'application/json', 'Content-Length': '29', 'Connection': 'close'}",0,0,unauthorized_test,2.106185
a9f701bc9dd5,2025-11-05T23:06:25.693031,user_a,101,1001,/report?report_id=1001,GET,http://localhost:5002/report?report_id=1001,{'Authorization': 'Bearer eyJ0eXAiOiJKV1QiLCJhbGciOiJIUzI1NiJ9.eyJ1c2VyX2lkIjoiMTAxIn0.mock_token_a'},404,29,"{'Server': 'Werkzeug/3.1.3 Python/3.13.7', 'Date': 'Wed, 05 Nov 2025 17:36:25 GMT', 'Content-Type': 'application/json', 'Content-Length': '29', 'Connection': 'close'}",0,0,unauthorized_test,2.079442
4db91a1f4d6b,2025-11-05T23:06:27.879406,user_a,101,-1,/report?report_id=-1,GET,http://localhost:5002/report?report_id=-1,{'Authorization': 'Bearer eyJ0eXAiOiJKV1QiLCJhbGciOiJIUzI1NiJ9.eyJ1c2VyX2lkIjoiMTAxIn0.mock_token_a'},404,29,"{'Server': 'Werkzeug/3.1.3 Python/3.13.7', 'Date': 'Wed, 05 Nov 2025 17:36:27 GMT', 'Content-Type': 'application/json', 'Content-Length': '29', 'Connection': 'close'}",0,0,unauthorized_test,2.084573
29a192d0a02b,2025-11-05T23:06:30.082386,user_a,101,0,/report?report_id=0,GET,http://localhost:5002/report?report_id=0,{'Authorization': 'Bearer eyJ0eXAiOiJKV1QiLCJhbGciOiJIUzI1NiJ9.eyJ1c2VyX2lkIjoiMTAxIn0.mock_token_a'},404,29,"{'Server': 'Werkzeug/3.1.3 Python/3.13.7', 'Date': 'Wed, 05 Nov 2025 17:36:30 GMT', 'Content-Type': 'application/json', 'Content-Length': '29', 'Connection': 'close'}",0,0,unauthorized_test,2.101165
5b1a0972d72f,2025-11-05T23:06:32.278579,user_a,101,abc,/report?report_id=abc,GET,http://localhost:5002/report?report_id=abc,{'Authorization': 'Bearer eyJ0eXAiOiJKV1QiLCJhbGciOiJIUzI1NiJ9.eyJ1c2VyX2lkIjoiMTAxIn0.mock_token_a'},404,29,"{'Server': 'Werkzeug/3.1.3 Python/3.13.7', 'Date': 'Wed, 05 Nov 2025 17:36:32 GMT', 'Content-Type': 'application/json', 'Content-Length': '29', 'Connection': 'close'}",0,0,unauthorized_test,2.094551
856d8b3a7f4a,2025-11-05T23:06:34.495227,user_a,101,xyz,/report?report_id=xyz,GET,http://localhost:5002/report?report_id=xyz,{'Authorization': 'Bearer eyJ0eXAiOiJKV1QiLCJhbGciOiJIUzI1NiJ9.eyJ1c2VyX2lkIjoiMTAxIn0.mock_token_a'},404,29,"{'Server': 'Werkzeug/3.1.3 Python/3.13.7', 'Date': 'Wed, 05 Nov 2025 17:36:34 GMT', 'Content-Type': 'application/json', 'Content-Length': '29', 'Connection': 'close'}",0,0,unauthorized_test,2.114923
ac2064ddf0e6,2025-11-05T23:06:36.719534,user_a,101,../../../etc/passwd,/report?report_id=../../../etc/passwd,GET,http://localhost:5002/report?report_id=../../../etc/passwd,{'Authorization': 'Bearer eyJ0eXAiOiJKV1QiLCJhbGciOiJIUzI1NiJ9.eyJ1c2VyX2lkIjoiMTAxIn0.mock_token_a'},404,29,"{'Server': 'Werkzeug/3.1.3 Python/3.13.7', 'Date': 'Wed, 05 Nov 2025 17:36:36 GMT', 'Content-Type': 'application/json', 'Content-Length': '29', 'Connection': 'close'}",0,0,unauthorized_test,2.122345
962a56dcf444,2025-11-05T23:06:38.915821,user_a,101,' OR '1'='1,/report?report_id=' OR '1'='1,GET,http://localhost:5002/report?report_id=' OR '1'='1,{'Authorization': 'Bearer eyJ0eXAiOiJKV1QiLCJhbGciOiJIUzI1NiJ9.eyJ1c2VyX2lkIjoiMTAxIn0.mock_token_a'},404,29,"{'Server': 'Werkzeug/3.1.3 Python/3.13.7', 'Date': 'Wed, 05 Nov 2025 17:36:38 GMT', 'Content-Type': 'application/json', 'Content-Length': '29', 'Connection': 'close'}",0,0,unauthorized_test,2.094391
3120b240c25e,2025-11-05T23:06:41.074147,user_b,102,101,/user/profile?user_id=101,GET,http://localhost:5002/user/profile?user_id=101,{'Authorization': 'Bearer eyJ0eXAiOiJKV1QiLCJhbGciOiJIUzI1NiJ9.eyJ1c2VyX2lkIjoiMTAyIn0.mock_token_b'},200,155,"{'Server': 'Werkzeug/3.1.3 Python/3.13.7', 'Date': 'Wed, 05 Nov 2025 17:36:41 GMT', 'Content-Type': 'application/json', 'Content-Length': '155', 'Connection': 'close'}",1,1,unauthorized_test,2.056345
c2d1f097fc06,2025-11-05T23:06:43.296693,user_b,102,103,/user/profile?user_id=103,GET,http://localhost:5002/user/profile?user_id=103,{'Authorization': 'Bearer eyJ0eXAiOiJKV1QiLCJhbGciOiJIUzI1NiJ9.eyJ1c2VyX2lkIjoiMTAyIn0.mock_token_b'},200,160,"{'Server': 'Werkzeug/3.1.3 Python/3.13.7', 'Date': 'Wed, 05 Nov 2025 17:36:43 GMT', 'Content-Type': 'application/json', 'Content-Length': '160', 'Connection': 'close'}",1,1,unauthorized_test,2.121083
537673c05ea5,2025-11-05T23:06:45.521475,user_b,102,104,/user/profile?user_id=104,GET,http://localhost:5002/user/profile?user_id=104,{'Authorization': 'Bearer eyJ0eXAiOiJKV1QiLCJhbGciOiJIUzI1NiJ9.eyJ1c2VyX2lkIjoiMTAyIn0.mock_token_b'},404,27,"{'Server': 'Werkzeug/3.1.3 Python/3.13.7', 'Date': 'Wed, 05 Nov 2025 17:36:45 GMT', 'Content-Type': 'application/json', 'Content-Length': '27', 'Connection': 'close'}",0,0,unauthorized_test,2.122967
4294e00eb5a0,2025-11-05T23:06:47.723885,user_b,102,105,/user/profile?user_id=105,GET,http://localhost:5002/user/profile?user_id=105,{'Authorization': 'Bearer eyJ0eXAiOiJKV1QiLCJhbGciOiJIUzI1NiJ9.eyJ1c2VyX2lkIjoiMTAyIn0.mock_token_b'},404,27,"{'Server': 'Werkzeug/3.1.3 Python/3.13.7', 'Date': 'Wed, 05 Nov 2025 17:36:47 GMT', 'Content-Type': 'application/json', 'Content-Length': '27', 'Connection': 'close'}",0,0,unauthorized_test,2.100954
58ab225a65a8,2025-11-05T23:06:49.922470,user_b,102,201,/user/profile?user_id=201,GET,http://localhost:5002/user/profile?user_id=201,{'Authorization': 'Bearer eyJ0eXAiOiJKV1QiLCJhbGciOiJIUzI1NiJ9.eyJ1c2VyX2lkIjoiMTAyIn0.mock_token_b'},404,27,"{'Server': 'Werkzeug/3.1.3 Python/3.13.7', 'Date': 'Wed, 05 Nov 2025 17:36:49 GMT', 'Content-Type': 'application/json', 'Content-Length': '27', 'Connection': 'close'}",0,0,unauthorized_test,2.096985
4a4383ccbb3e,2025-11-05T23:06:52.136737,user_b,102,203,/user/profile?user_id=203,GET,http://localhost:5002/user/profile?user_id=203,{'Authorization': 'Bearer eyJ0eXAiOiJKV1QiLCJhbGciOiJIUzI1NiJ9.eyJ1c2VyX2lkIjoiMTAyIn0.mock_token_b'},404,27,"{'Server': 'Werkzeug/3.1.3 Python/3.13.7', 'Date': 'Wed, 05 Nov 2025 17:36:52 GMT', 'Content-Type': 'application/json', 'Content-Length': '27', 'Connection': 'close'}",0,0,unauthorized_test,2.112471
c0287b7b43af,2025-11-05T23:06:54.318959,user_b,102,204,/user/profile?user_id=204,GET,http://localhost:5002/user/profile?user_id=204,{'Authorization': 'Bearer eyJ0eXAiOiJKV1QiLCJhbGciOiJIUzI1NiJ9.eyJ1c2VyX2lkIjoiMTAyIn0.mock_token_b'},404,27,"{'Server': 'Werkzeug/3.1.3 Python/3.13.7', 'Date': 'Wed, 05 Nov 2025 17:36:54 GMT', 'Content-Type': 'application/json', 'Content-Length': '27', 'Connection': 'close'}",0,0,unauthorized_test,2.080827
4d3e407ad184,2025-11-05T23:06:56.508094,user_b,102,205,/user/profile?user_id=205,GET,http://localhost:5002/user/profile?user_id=205,{'Authorization': 'Bearer eyJ0eXAiOiJKV1QiLCJhbGciOiJIUzI1NiJ9.eyJ1c2VyX2lkIjoiMTAyIn0.mock_token_b'},404,27,"{'Server': 'Werkzeug/3.1.3 Python/3.13.7', 'Date': 'Wed, 05 Nov 2025 17:36:56 GMT', 'Content-Type': 'application/json', 'Content-Length': '27', 'Connection': 'close'}",0,0,unauthorized_test,2.087877
7f94d8834fa5,2025-11-05T23:06:58.705808,user_b,102,301,/user/profile?user_id=301,GET,http://localhost:5002/user/profile?user_id=301,{'Authorization': 'Bearer eyJ0eXAiOiJKV1QiLCJhbGciOiJIUzI1NiJ9.eyJ1c2VyX2lkIjoiMTAyIn0.mock_token_b'},404,27,"{'Server': 'Werkzeug/3.1.3 Python/3.13.7', 'Date': 'Wed, 05 Nov 2025 17:36:58 GMT', 'Content-Type': 'application/json', 'Content-Length': '27', 'Connection': 'close'}",0,0,unauthorized_test,2.096091
41572d8d6832,2025-11-05T23:07:00.906479,user_b,102,303,/user/profile?user_id=303,GET,http://localhost:5002/user/profile?user_id=303,{'Authorization': 'Bearer eyJ0eXAiOiJKV1QiLCJhbGciOiJIUzI1NiJ9.eyJ1c2VyX2lkIjoiMTAyIn0.mock_token_b'},404,27,"{'Server': 'Werkzeug/3.1.3 Python/3.13.7', 'Date': 'Wed, 05 Nov 2025 17:37:00 GMT', 'Content-Type': 'application/json', 'Content-Length': '27', 'Connection': 'close'}",0,0,unauthorized_test,2.099065
9fafd6d34fad,2025-11-05T23:07:03.136327,user_b,102,304,/user/profile?user_id=304,GET,http://localhost:5002/user/profile?user_id=304,{'Authorization': 'Bearer eyJ0eXAiOiJKV1QiLCJhbGciOiJIUzI1NiJ9.eyJ1c2VyX2lkIjoiMTAyIn0.mock_token_b'},404,27,"{'Server': 'Werkzeug/3.1.3 Python/3.13.7', 'Date': 'Wed, 05 Nov 2025 17:37:03 GMT', 'Content-Type': 'application/json', 'Content-Length': '27', 'Connection': 'close'}",0,0,unauthorized_test,2.128235
9aef677863fc,2025-11-05T23:07:05.318849,user_b,102,305,/user/profile?user_id=305,GET,http://localhost:5002/user/profile?user_id=305,{'Authorization': 'Bearer eyJ0eXAiOiJKV1QiLCJhbGciOiJIUzI1NiJ9.eyJ1c2VyX2lkIjoiMTAyIn0.mock_token_b'},404,27,"{'Server': 'Werkzeug/3.1.3 Python/3.13.7', 'Date': 'Wed, 05 Nov 2025 17:37:05 GMT', 'Content-Type': 'application/json', 'Content-Length': '27', 'Connection': 'close'}",0,0,unauthorized_test,2.080828
a9c69a16300f,2025-11-05T23:07:07.502040,user_b,102,401,/user/profile?user_id=401,GET,http://localhost:5002/user/profile?user_id=401,{'Authorization': 'Bearer eyJ0eXAiOiJKV1QiLCJhbGciOiJIUzI1NiJ9.eyJ1c2VyX2lkIjoiMTAyIn0.mock_token_b'},404,27,"{'Server': 'Werkzeug/3.1.3 Python/3.13.7', 'Date': 'Wed, 05 Nov 2025 17:37:07 GMT', 'Content-Type': 'application/json', 'Content-Length': '27', 'Connection': 'close'}",0,0,unauthorized_test,2.081833
2de7ebac733c,2025-11-05T23:07:09.674504,user_b,102,402,/user/profile?user_id=402,GET,http://localhost:5002/user/profile?user_id=402,{'Authorization': 'Bearer eyJ0eXAiOiJKV1QiLCJhbGciOiJIUzI1NiJ9.eyJ1c2VyX2lkIjoiMTAyIn0.mock_token_b'},404,27,"{'Server': 'Werkzeug/3.1.3 Python/3.13.7', 'Date': 'Wed, 05 Nov 2025 17:37:09 GMT', 'Content-Type': 'application/json', 'Content-Length': '27', 'Connection': 'close'}",0,0,unauthorized_test,2.071158
25e5e3bbec55,2025-11-05T23:07:11.852503,user_b,102,403,/user/profile?user_id=403,GET,http://localhost:5002/user/profile?user_id=403,{'Authorization': 'Bearer eyJ0eXAiOiJKV1QiLCJhbGciOiJIUzI1NiJ9.eyJ1c2VyX2lkIjoiMTAyIn0.mock_token_b'},404,27,"{'Server': 'Werkzeug/3.1.3 Python/3.13.7', 'Date': 'Wed, 05 Nov 2025 17:37:11 GMT', 'Content-Type': 'application/json', 'Content-Length': '27', 'Connection': 'close'}",0,0,unauthorized_test,2.07648
b824c774d0db,2025-11-05T23:07:14.034737,user_b,102,404,/user/profile?user_id=404,GET,http://localhost:5002/user/profile?user_id=404,{'Authorization': 'Bearer eyJ0eXAiOiJKV1QiLCJhbGciOiJIUzI1NiJ9.eyJ1c2VyX2lkIjoiMTAyIn0.mock_token_b'},404,27,"{'Server': 'Werkzeug/3.1.3 Python/3.13.7', 'Date': 'Wed, 05 Nov 2025 17:37:14 GMT', 'Content-Type': 'application/json', 'Content-Length': '27', 'Connection': 'close'}",0,0,unauthorized_test,2.080828
09a621bfd1cd,2025-11-05T23:07:16.224348,user_b,102,405,/user/profile?user_id=405,GET,http://localhost:5002/user/profile?user_id=405,{'Authorization': 'Bearer eyJ0eXAiOiJKV1QiLCJhbGciOiJIUzI1NiJ9.eyJ1c2VyX2lkIjoiMTAyIn0.mock_token_b'},404,27,"{'Server': 'Werkzeug/3.1.3 Python/3.13.7', 'Date': 'Wed, 05 Nov 2025 17:37:16 GMT', 'Content-Type': 'application/json', 'Content-Length': '27', 'Connection': 'close'}",0,0,unauthorized_test,2.087883
5ae3e4090db3,2025-11-05T23:07:18.407950,user_b,102,999,/user/profile?user_id=999,GET,http://localhost:5002/user/profile?user_id=999,{'Authorization': 'Bearer eyJ0eXAiOiJKV1QiLCJhbGciOiJIUzI1NiJ9.eyJ1c2VyX2lkIjoiMTAyIn0.mock_token_b'},404,27,"{'Server': 'Werkzeug/3.1.3 Python/3.13.7', 'Date': 'Wed, 05 Nov 2025 17:37:18 GMT', 'Content-Type': 'application/json', 'Content-Length': '27', 'Connection': 'close'}",0,0,unauthorized_test,2.082499
eaf429011086,2025-11-05T23:07:20.589752,user_b,102,1000,/user/profile?user_id=1000,GET,http://localhost:5002/user/profile?user_id=1000,{'Authorization': 'Bearer eyJ0eXAiOiJKV1QiLCJhbGciOiJIUzI1NiJ9.eyJ1c2VyX2lkIjoiMTAyIn0.mock_token_b'},404,27,"{'Server': 'Werkzeug/3.1.3 Python/3.13.7', 'Date': 'Wed, 05 Nov 2025 17:37:20 GMT', 'Content-Type': 'application/json', 'Content-Length': '27', 'Connection': 'close'}",0,0,unauthorized_test,2.080236
0a7712fbcd26,2025-11-05T23:07:22.790585,user_b,102,1001,/user/profile?user_id=1001,GET,http://localhost:5002/user/profile?user_id=1001,{'Authorization': 'Bearer eyJ0eXAiOiJKV1QiLCJhbGciOiJIUzI1NiJ9.eyJ1c2VyX2lkIjoiMTAyIn0.mock_token_b'},404,27,"{'Server': 'Werkzeug/3.1.3 Python/3.13.7', 'Date': 'Wed, 05 Nov 2025 17:37:22 GMT', 'Content-Type': 'application/json', 'Content-Length': '27', 'Connection': 'close'}",0,0,unauthorized_test,2.099267
b7608b64db69,2025-11-05T23:07:24.988033,user_b,102,-1,/user/profile?user_id=-1,GET,http://localhost:5002/user/profile?user_id=-1,{'Authorization': 'Bearer eyJ0eXAiOiJKV1QiLCJhbGciOiJIUzI1NiJ9.eyJ1c2VyX2lkIjoiMTAyIn0.mock_token_b'},404,27,"{'Server': 'Werkzeug/3.1.3 Python/3.13.7', 'Date': 'Wed, 05 Nov 2025 17:37:24 GMT', 'Content-Type': 'application/json', 'Content-Length': '27', 'Connection': 'close'}",0,0,unauthorized_test,2.095533
d1e8b022284c,2025-11-05T23:07:27.181001,user_b,102,0,/user/profile?user_id=0,GET,http://localhost:5002/user/profile?user_id=0,{'Authorization': 'Bearer eyJ0eXAiOiJKV1QiLCJhbGciOiJIUzI1NiJ9.eyJ1c2VyX2lkIjoiMTAyIn0.mock_token_b'},404,27,"{'Server': 'Werkzeug/3.1.3 Python/3.13.7', 'Date': 'Wed, 05 Nov 2025 17:37:27 GMT', 'Content-Type': 'application/json', 'Content-Length': '27', 'Connection': 'close'}",0,0,unauthorized_test,2.091457
17b7bb2bbb64,2025-11-05T23:07:29.388343,user_b,102,abc,/user/profile?user_id=abc,GET,http://localhost:5002/user/profile?user_id=abc,{'Authorization': 'Bearer eyJ0eXAiOiJKV1QiLCJhbGciOiJIUzI1NiJ9.eyJ1c2VyX2lkIjoiMTAyIn0.mock_token_b'},404,27,"{'Server': 'Werkzeug/3.1.3 Python/3.13.7', 'Date': 'Wed, 05 Nov 2025 17:37:29 GMT', 'Content-Type': 'application/json', 'Content-Length': '27', 'Connection': 'close'}",0,0,unauthorized_test,2.105833
41a6edefe87f,2025-11-05T23:07:31.573313,user_b,102,xyz,/user/profile?user_id=xyz,GET,http://localhost:5002/user/profile?user_id=xyz,{'Authorization': 'Bearer eyJ0eXAiOiJKV1QiLCJhbGciOiJIUzI1NiJ9.eyJ1c2VyX2lkIjoiMTAyIn0.mock_token_b'},404,27,"{'Server': 'Werkzeug/3.1.3 Python/3.13.7', 'Date': 'Wed, 05 Nov 2025 17:37:31 GMT', 'Content-Type': 'application/json', 'Content-Length': '27', 'Connection': 'close'}",0,0,unauthorized_test,2.083773
f36915159ea4,2025-11-05T23:07:33.768163,user_b,102,../../../etc/passwd,/user/profile?user_id=../../../etc/passwd,GET,http://localhost:5002/user/profile?user_id=../../../etc/passwd,{'Authorization': 'Bearer eyJ0eXAiOiJKV1QiLCJhbGciOiJIUzI1NiJ9.eyJ1c2VyX2lkIjoiMTAyIn0.mock_token_b'},404,27,"{'Server': 'Werkzeug/3.1.3 Python/3.13.7', 'Date': 'Wed, 05 Nov 2025 17:37:33 GMT', 'Content-Type': 'application/json', 'Content-Length': '27', 'Connection': 'close'}",0,0,unauthorized_test,2.093297
c7d8e6e857ec,2025-11-05T23:07:35.946005,user_b,102,' OR '1'='1,/user/profile?user_id=' OR '1'='1,GET,http://localhost:5002/user/profile?user_id=' OR '1'='1,{'Authorization': 'Bearer eyJ0eXAiOiJKV1QiLCJhbGciOiJIUzI1NiJ9.eyJ1c2VyX2lkIjoiMTAyIn0.mock_token_b'},404,27,"{'Server': 'Werkzeug/3.1.3 Python/3.13.7', 'Date': 'Wed, 05 Nov 2025 17:37:35 GMT', 'Content-Type': 'application/json', 'Content-Length': '27', 'Connection': 'close'}",0,0,unauthorized_test,2.075782
472c62534811,2025-11-05T23:07:38.158779,user_b,102,101,/api/user/101/details,GET,http://localhost:5002/api/user/101/details,{'Authorization': 'Bearer eyJ0eXAiOiJKV1QiLCJhbGciOiJIUzI1NiJ9.eyJ1c2VyX2lkIjoiMTAyIn0.mock_token_b'},401,25,"{'Server': 'Werkzeug/3.1.3 Python/3.13.7', 'Date': 'Wed, 05 Nov 2025 17:37:38 GMT', 'Content-Type': 'application/json', 'Content-Length': '25', 'Connection': 'close'}",0,0,unauthorized_test,2.110631
c9ebb9c6f337,2025-11-05T23:07:40.315299,user_b,102,103,/api/user/103/details,POST,http://localhost:5002/api/user/103/details,{'Authorization': 'Bearer eyJ0eXAiOiJKV1QiLCJhbGciOiJIUzI1NiJ9.eyJ1c2VyX2lkIjoiMTAyIn0.mock_token_b'},405,153,"{'Server': 'Werkzeug/3.1.3 Python/3.13.7', 'Date': 'Wed, 05 Nov 2025 17:37:40 GMT', 'Content-Type': 'text/html; charset=utf-8', 'Allow': 'GET, HEAD, OPTIONS', 'Content-Length': '153', 'Connection': 'close'}",0,0,unauthorized_test,2.054802
792ceb101117,2025-11-05T23:07:42.476652,user_b,102,104,/api/user/104/details,POST,http://localhost:5002/api/user/104/details,{'Authorization': 'Bearer eyJ0eXAiOiJKV1QiLCJhbGciOiJIUzI1NiJ9.eyJ1c2VyX2lkIjoiMTAyIn0.mock_token_b'},405,153,"{'Server': 'Werkzeug/3.1.3 Python/3.13.7', 'Date': 'Wed, 05 Nov 2025 17:37:42 GMT', 'Content-Type': 'text/html; charset=utf-8', 'Allow': 'GET, HEAD, OPTIONS', 'Content-Length': '153', 'Connection': 'close'}",0,0,unauthorized_test,2.059747
b56a1cd31d4b,2025-11-05T23:07:44.663024,user_b,102,105,/api/user/105/details,GET,http://localhost:5002/api/user/105/details,{'Authorization': 'Bearer eyJ0eXAiOiJKV1QiLCJhbGciOiJIUzI1NiJ9.eyJ1c2VyX2lkIjoiMTAyIn0.mock_token_b'},401,25,"{'Server': 'Werkzeug/3.1.3 Python/3.13.7', 'Date': 'Wed, 05 Nov 2025 17:37:44 GMT', 'Content-Type': 'application/json', 'Content-Length': '25', 'Connection': 'close'}",0,0,unauthorized_test,2.084876
d1f88400c226,2025-11-05T23:07:46.861328,user_b,102,201,/api/user/201/details,GET,http://localhost:5002/api/user/201/details,{'Authorization': 'Bearer eyJ0eXAiOiJKV1QiLCJhbGciOiJIUzI1NiJ9.eyJ1c2VyX2lkIjoiMTAyIn0.mock_token_b'},401,25,"{'Server': 'Werkzeug/3.1.3 Python/3.13.7', 'Date': 'Wed, 05 Nov 2025 17:37:46 GMT', 'Content-Type': 'application/json', 'Content-Length': '25', 'Connection': 'close'}",0,0,unauthorized_test,2.096549
d3daa22f4dc6,2025-11-05T23:07:49.051580,user_b,102,203,/api/user/203/details,POST,http://localhost:5002/api/user/203/details,{'Authorization': 'Bearer eyJ0eXAiOiJKV1QiLCJhbGciOiJIUzI1NiJ9.eyJ1c2VyX2lkIjoiMTAyIn0.mock_token_b'},405,153,"{'Server': 'Werkzeug/3.1.3 Python/3.13.7', 'Date': 'Wed, 05 Nov 2025 17:37:49 GMT', 'Content-Type': 'text/html; charset=utf-8', 'Allow': 'GET, HEAD, OPTIONS', 'Content-Length': '153', 'Connection': 'close'}",0,0,unauthorized_test,2.088301
defe2bf37f61,2025-11-05T23:07:51.245791,user_b,102,204,/api/user/204/details,GET,http://localhost:5002/api/user/204/details,{'Authorization': 'Bearer eyJ0eXAiOiJKV1QiLCJhbGciOiJIUzI1NiJ9.eyJ1c2VyX2lkIjoiMTAyIn0.mock_token_b'},401,25,"{'Server': 'Werkzeug/3.1.3 Python/3.13.7', 'Date': 'Wed, 05 Nov 2025 17:37:51 GMT', 'Content-Type': 'application/json', 'Content-Length': '25', 'Connection': 'close'}",0,0,unauthorized_test,2.092241
513898cfef2c,2025-11-05T23:07:53.405506,user_b,102,205,/api/user/205/details,POST,http://localhost:5002/api/user/205/details,{'Authorization': 'Bearer eyJ0eXAiOiJKV1QiLCJhbGciOiJIUzI1NiJ9.eyJ1c2VyX2lkIjoiMTAyIn0.mock_token_b'},405,153,"{'Server': 'Werkzeug/3.1.3 Python/3.13.7', 'Date': 'Wed, 05 Nov 2025 17:37:53 GMT', 'Content-Type': 'text/html; charset=utf-8', 'Allow': 'GET, HEAD, OPTIONS', 'Content-Length': '153', 'Connection': 'close'}",0,0,unauthorized_test,2.058143
9fcaf5a6f087,2025-11-05T23:07:55.568702,user_b,102,301,/api/user/301/details,POST,http://localhost:5002/api/user/301/details,{'Authorization': 'Bearer eyJ0eXAiOiJKV1QiLCJhbGciOiJIUzI1NiJ9.eyJ1c2VyX2lkIjoiMTAyIn0.mock_token_b'},405,153,"{'Server': 'Werkzeug/3.1.3 Python/3.13.7', 'Date': 'Wed, 05 Nov 2025 17:37:55 GMT', 'Content-Type': 'text/html; charset=utf-8', 'Allow': 'GET, HEAD, OPTIONS', 'Content-Length': '153', 'Connection': 'close'}",0,0,unauthorized_test,2.061581
a7dd6ecbfd43,2025-11-05T23:07:57.723811,user_b,102,303,/api/user/303/details,POST,http://localhost:5002/api/user/303/details,{'Authorization': 'Bearer eyJ0eXAiOiJKV1QiLCJhbGciOiJIUzI1NiJ9.eyJ1c2VyX2lkIjoiMTAyIn0.mock_token_b'},405,153,"{'Server': 'Werkzeug/3.1.3 Python/3.13.7', 'Date': 'Wed, 05 Nov 2025 17:37:57 GMT', 'Content-Type': 'text/html; charset=utf-8', 'Allow': 'GET, HEAD, OPTIONS', 'Content-Length': '153', 'Connection': 'close'}",0,0,unauthorized_test,2.053343
76502d07c502,2025-11-05T23:07:59.920631,user_b,102,304,/api/user/304/details,GET,http://localhost:5002/api/user/304/details,{'Authorization': 'Bearer eyJ0eXAiOiJKV1QiLCJhbGciOiJIUzI1NiJ9.eyJ1c2VyX2lkIjoiMTAyIn0.mock_token_b'},401,25,"{'Server': 'Werkzeug/3.1.3 Python/3.13.7', 'Date': 'Wed, 05 Nov 2025 17:37:59 GMT', 'Content-Type': 'application/json', 'Content-Length': '25', 'Connection': 'close'}",0,0,unauthorized_test,2.095459
d9d5c812fd99,2025-11-05T23:08:02.092792,user_b,102,305,/api/user/305/details,POST,http://localhost:5002/api/user/305/details,{'Authorization': 'Bearer eyJ0eXAiOiJKV1QiLCJhbGciOiJIUzI1NiJ9.eyJ1c2VyX2lkIjoiMTAyIn0.mock_token_b'},405,153,"{'Server': 'Werkzeug/3.1.3 Python/3.13.7', 'Date': 'Wed, 05 Nov 2025 17:38:02 GMT', 'Content-Type': 'text/html; charset=utf-8', 'Allow': 'GET, HEAD, OPTIONS', 'Content-Length': '153', 'Connection': 'close'}",0,0,unauthorized_test,2.070639
9aba5ae9c41a,2025-11-05T23:08:04.266003,user_b,102,401,/api/user/401/details,POST,http://localhost:5002/api/user/401/details,{'Authorization': 'Bearer eyJ0eXAiOiJKV1QiLCJhbGciOiJIUzI1NiJ9.eyJ1c2VyX2lkIjoiMTAyIn0.mock_token_b'},405,153,"{'Server': 'Werkzeug/3.1.3 Python/3.13.7', 'Date': 'Wed, 05 Nov 2025 17:38:04 GMT', 'Content-Type': 'text/html; charset=utf-8', 'Allow': 'GET, HEAD, OPTIONS', 'Content-Length': '153', 'Connection': 'close'}",0,0,unauthorized_test,2.071693
1a1a1da6f635,2025-11-05T23:08:06.436435,user_b,102,402,/api/user/402/details,GET,http://localhost:5002/api/user/402/details,{'Authorization': 'Bearer eyJ0eXAiOiJKV1QiLCJhbGciOiJIUzI1NiJ9.eyJ1c2VyX2lkIjoiMTAyIn0.mock_token_b'},401,25,"{'Server': 'Werkzeug/3.1.3 Python/3.13.7', 'Date': 'Wed, 05 Nov 2025 17:38:06 GMT', 'Content-Type': 'application/json', 'Content-Length': '25', 'Connection': 'close'}",0,0,unauthorized_test,2.068698
20bf612cc124,2025-11-05T23:08:08.623052,user_b,102,403,/api/user/403/details,GET,http://localhost:5002/api/user/403/details,{'Authorization': 'Bearer eyJ0eXAiOiJKV1QiLCJhbGciOiJIUzI1NiJ9.eyJ1c2VyX2lkIjoiMTAyIn0.mock_token_b'},401,25,"{'Server': 'Werkzeug/3.1.3 Python/3.13.7', 'Date': 'Wed, 05 Nov 2025 17:38:08 GMT', 'Content-Type': 'application/json', 'Content-Length': '25', 'Connection': 'close'}",0,0,unauthorized_test,2.085314
d994b90b93f9,2025-11-05T23:08:10.793977,user_b,102,404,/api/user/404/details,POST,http://localhost:5002/api/user/404/details,{'Authorization': 'Bearer eyJ0eXAiOiJKV1QiLCJhbGciOiJIUzI1NiJ9.eyJ1c2VyX2lkIjoiMTAyIn0.mock_token_b'},405,153,"{'Server': 'Werkzeug/3.1.3 Python/3.13.7', 'Date': 'Wed, 05 Nov 2025 17:38:10 GMT', 'Content-Type': 'text/html; charset=utf-8', 'Allow': 'GET, HEAD, OPTIONS', 'Content-Length': '153', 'Connection': 'close'}",0,0,unauthorized_test,2.069126
95c734b9afa7,2025-11-05T23:08:12.958146,user_b,102,405,/api/user/405/details,POST,http://localhost:5002/api/user/405/details,{'Authorization': 'Bearer eyJ0eXAiOiJKV1QiLCJhbGciOiJIUzI1NiJ9.eyJ1c2VyX2lkIjoiMTAyIn0.mock_token_b'},405,153,"{'Server': 'Werkzeug/3.1.3 Python/3.13.7', 'Date': 'Wed, 05 Nov 2025 17:38:12 GMT', 'Content-Type': 'text/html; charset=utf-8', 'Allow': 'GET, HEAD, OPTIONS', 'Content-Length': '153', 'Connection': 'close'}",0,0,unauthorized_test,2.062236
875821542237,2025-11-05T23:08:15.161793,user_b,102,999,/api/user/999/details,GET,http://localhost:5002/api/user/999/details,{'Authorization': 'Bearer eyJ0eXAiOiJKV1QiLCJhbGciOiJIUzI1NiJ9.eyJ1c2VyX2lkIjoiMTAyIn0.mock_token_b'},401,25,"{'Server': 'Werkzeug/3.1.3 Python/3.13.7', 'Date': 'Wed, 05 Nov 2025 17:38:15 GMT', 'Content-Type': 'application/json', 'Content-Length': '25', 'Connection': 'close'}",0,0,unauthorized_test,2.101893
1d74b37eb336,2025-11-05T23:08:17.334907,user_b,102,1000,/api/user/1000/details,POST,http://localhost:5002/api/user/1000/details,{'Authorization': 'Bearer eyJ0eXAiOiJKV1QiLCJhbGciOiJIUzI1NiJ9.eyJ1c2VyX2lkIjoiMTAyIn0.mock_token_b'},405,153,"{'Server': 'Werkzeug/3.1.3 Python/3.13.7', 'Date': 'Wed, 05 Nov 2025 17:38:17 GMT', 'Content-Type': 'text/html; charset=utf-8', 'Allow': 'GET, HEAD, OPTIONS', 'Content-Length': '153', 'Connection': 'close'}",0,0,unauthorized_test,2.07064
de6f8fd67287,2025-11-05T23:08:19.490148,user_b,102,1001,/api/user/1001/details,POST,http://localhost:5002/api/user/1001/details,{'Authorization': 'Bearer eyJ0eXAiOiJKV1QiLCJhbGciOiJIUzI1NiJ9.eyJ1c2VyX2lkIjoiMTAyIn0.mock_token_b'},405,153,"{'Server': 'Werkzeug/3.1.3 Python/3.13.7', 'Date': 'Wed, 05 Nov 2025 17:38:19 GMT', 'Content-Type': 'text/html; charset=utf-8', 'Allow': 'GET, HEAD, OPTIONS', 'Content-Length': '153', 'Connection': 'close'}",0,0,unauthorized_test,2.053291
d9b510316aa1,2025-11-05T23:08:21.652024,user_b,102,-1,/api/user/-1/details,POST,http://localhost:5002/api/user/-1/details,{'Authorization': 'Bearer eyJ0eXAiOiJKV1QiLCJhbGciOiJIUzI1NiJ9.eyJ1c2VyX2lkIjoiMTAyIn0.mock_token_b'},405,153,"{'Server': 'Werkzeug/3.1.3 Python/3.13.7', 'Date': 'Wed, 05 Nov 2025 17:38:21 GMT', 'Content-Type': 'text/html; charset=utf-8', 'Allow': 'GET, HEAD, OPTIONS', 'Content-Length': '153', 'Connection': 'close'}",0,0,unauthorized_test,2.060141
0cf5cde32167,2025-11-05T23:08:23.863701,user_b,102,0,/api/user/0/details,GET,http://localhost:5002/api/user/0/details,{'Authorization': 'Bearer eyJ0eXAiOiJKV1QiLCJhbGciOiJIUzI1NiJ9.eyJ1c2VyX2lkIjoiMTAyIn0.mock_token_b'},401,25,"{'Server': 'Werkzeug/3.1.3 Python/3.13.7', 'Date': 'Wed, 05 Nov 2025 17:38:23 GMT', 'Content-Type': 'application/json', 'Content-Length': '25', 'Connection': 'close'}",0,0,unauthorized_test,2.110146
5084ee8f4e81,2025-11-05T23:08:26.064997,user_b,102,abc,/api/user/abc/details,GET,http://localhost:5002/api/user/abc/details,{'Authorization': 'Bearer eyJ0eXAiOiJKV1QiLCJhbGciOiJIUzI1NiJ9.eyJ1c2VyX2lkIjoiMTAyIn0.mock_token_b'},401,25,"{'Server': 'Werkzeug/3.1.3 Python/3.13.7', 'Date': 'Wed, 05 Nov 2025 17:38:26 GMT', 'Content-Type': 'application/json', 'Content-Length': '25', 'Connection': 'close'}",0,0,unauthorized_test,2.099175
3797746b327d,2025-11-05T23:08:28.270511,user_b,102,xyz,/api/user/xyz/details,GET,http://localhost:5002/api/user/xyz/details,{'Authorization': 'Bearer eyJ0eXAiOiJKV1QiLCJhbGciOiJIUzI1NiJ9.eyJ1c2VyX2lkIjoiMTAyIn0.mock_token_b'},401,25,"{'Server': 'Werkzeug/3.1.3 Python/3.13.7', 'Date': 'Wed, 05 Nov 2025 17:38:28 GMT', 'Content-Type': 'application/json', 'Content-Length': '25', 'Connection': 'close'}",0,0,unauthorized_test,2.103856
c98045fee45e,2025-11-05T23:08:30.406036,user_b,102,../../../etc/passwd,/api/user/../../../etc/passwd/details,POST,http://localhost:5002/etc/passwd/details,{'Authorization': 'Bearer eyJ0eXAiOiJKV1QiLCJhbGciOiJIUzI1NiJ9.eyJ1c2VyX2lkIjoiMTAyIn0.mock_token_b'},404,31,"{'Server': 'Werkzeug/3.1.3 Python/3.13.7', 'Date': 'Wed, 05 Nov 2025 17:38:30 GMT', 'Content-Type': 'application/json', 'Content-Length': '31', 'Connection': 'close'}",0,0,unauthorized_test,2.034426
c6f87d95eb7a,2025-11-05T23:08:32.564088,user_b,102,' OR '1'='1,/api/user/' OR '1'='1/details,POST,http://localhost:5002/api/user/' OR '1'='1/details,{'Authorization': 'Bearer eyJ0eXAiOiJKV1QiLCJhbGciOiJIUzI1NiJ9.eyJ1c2VyX2lkIjoiMTAyIn0.mock_token_b'},405,153,"{'Server': 'Werkzeug/3.1.3 Python/3.13.7', 'Date': 'Wed, 05 Nov 2025 17:38:32 GMT', 'Content-Type': 'text/html; charset=utf-8', 'Allow': 'GET, HEAD, OPTIONS', 'Content-Length': '153', 'Connection': 'close'}",0,0,unauthorized_test,2.056415
0872ddedf27b,2025-11-05T23:08:34.753447,user_b,102,101,/profile?uid=101,GET,http://localhost:5002/profile?uid=101,{'Authorization': 'Bearer eyJ0eXAiOiJKV1QiLCJhbGciOiJIUzI1NiJ9.eyJ1c2VyX2lkIjoiMTAyIn0.mock_token_b'},200,64,"{'Server': 'Werkzeug/3.1.3 Python/3.13.7', 'Date': 'Wed, 05 Nov 2025 17:38:34 GMT', 'Content-Type': 'application/json', 'Content-Length': '64', 'Connection': 'close'}",1,1,unauthorized_test,2.088055
7ed6cddb130e,2025-11-05T23:08:36.962754,user_b,102,103,/profile?uid=103,GET,http://localhost:5002/profile?uid=103,{'Authorization': 'Bearer eyJ0eXAiOiJKV1QiLCJhbGciOiJIUzI1NiJ9.eyJ1c2VyX2lkIjoiMTAyIn0.mock_token_b'},200,67,"{'Server': 'Werkzeug/3.1.3 Python/3.13.7', 'Date': 'Wed, 05 Nov 2025 17:38:36 GMT', 'Content-Type': 'application/json', 'Content-Length': '67', 'Connection': 'close'}",1,1,unauthorized_test,2.107764
9d30123994cb,2025-11-05T23:08:39.153893,user_b,102,104,/profile?uid=104,GET,http://localhost:5002/profile?uid=104,{'Authorization': 'Bearer eyJ0eXAiOiJKV1QiLCJhbGciOiJIUzI1NiJ9.eyJ1c2VyX2lkIjoiMTAyIn0.mock_token_b'},404,30,"{'Server': 'Werkzeug/3.1.3 Python/3.13.7', 'Date': 'Wed, 05 Nov 2025 17:38:39 GMT', 'Content-Type': 'application/json', 'Content-Length': '30', 'Connection': 'close'}",0,0,unauthorized_test,2.089227
ab57ead50f1a,2025-11-05T23:08:41.336762,user_b,102,105,/profile?uid=105,GET,http://localhost:5002/profile?uid=105,{'Authorization': 'Bearer eyJ0eXAiOiJKV1QiLCJhbGciOiJIUzI1NiJ9.eyJ1c2VyX2lkIjoiMTAyIn0.mock_token_b'},404,30,"{'Server': 'Werkzeug/3.1.3 Python/3.13.7', 'Date': 'Wed, 05 Nov 2025 17:38:41 GMT', 'Content-Type': 'application/json', 'Content-Length': '30', 'Connection': 'close'}",0,0,unauthorized_test,2.08124
c18aaf6356c7,2025-11-05T23:08:43.516241,user_b,102,201,/profile?uid=201,GET,http://localhost:5002/profile?uid=201,{'Authorization': 'Bearer eyJ0eXAiOiJKV1QiLCJhbGciOiJIUzI1NiJ9.eyJ1c2VyX2lkIjoiMTAyIn0.mock_token_b'},404,30,"{'Server': 'Werkzeug/3.1.3 Python/3.13.7', 'Date': 'Wed, 05 Nov 2025 17:38:43 GMT', 'Content-Type': 'application/json', 'Content-Length': '30', 'Connection': 'close'}",0,0,unauthorized_test,2.07816
73d23df48f0a,2025-11-05T23:08:45.693654,user_b,102,203,/profile?uid=203,GET,http://localhost:5002/profile?uid=203,{'Authorization': 'Bearer eyJ0eXAiOiJKV1QiLCJhbGciOiJIUzI1NiJ9.eyJ1c2VyX2lkIjoiMTAyIn0.mock_token_b'},404,30,"{'Server': 'Werkzeug/3.1.3 Python/3.13.7', 'Date': 'Wed, 05 Nov 2025 17:38:45 GMT', 'Content-Type': 'application/json', 'Content-Length': '30', 'Connection': 'close'}",0,0,unauthorized_test,2.07575
56ed6ba9bcfc,2025-11-05T23:08:47.861184,user_b,102,204,/profile?uid=204,GET,http://localhost:5002/profile?uid=204,{'Authorization': 'Bearer eyJ0eXAiOiJKV1QiLCJhbGciOiJIUzI1NiJ9.eyJ1c2VyX2lkIjoiMTAyIn0.mock_token_b'},404,30,"{'Server': 'Werkzeug/3.1.3 Python/3.13.7', 'Date': 'Wed, 05 Nov 2025 17:38:47 GMT', 'Content-Type': 'application/json', 'Content-Length': '30', 'Connection': 'close'}",0,0,unauthorized_test,2.066062
e296fc5679b6,2025-11-05T23:08:50.025581,user_b,102,205,/profile?uid=205,GET,http://localhost:5002/profile?uid=205,{'Authorization': 'Bearer eyJ0eXAiOiJKV1QiLCJhbGciOiJIUzI1NiJ9.eyJ1c2VyX2lkIjoiMTAyIn0.mock_token_b'},404,30,"{'Server': 'Werkzeug/3.1.3 Python/3.13.7', 'Date': 'Wed, 05 Nov 2025 17:38:50 GMT', 'Content-Type': 'application/json', 'Content-Length': '30', 'Connection': 'close'}",0,0,unauthorized_test,2.062116
3c6ffe74d731,2025-11-05T23:08:52.203695,user_b,102,301,/profile?uid=301,GET,http://localhost:5002/profile?uid=301,{'Authorization': 'Bearer eyJ0eXAiOiJKV1QiLCJhbGciOiJIUzI1NiJ9.eyJ1c2VyX2lkIjoiMTAyIn0.mock_token_b'},404,30,"{'Server': 'Werkzeug/3.1.3 Python/3.13.7', 'Date': 'Wed, 05 Nov 2025 17:38:52 GMT', 'Content-Type': 'application/json', 'Content-Length': '30', 'Connection': 'close'}",0,0,unauthorized_test,2.075799
3bd7029e9157,2025-11-05T23:08:54.373602,user_b,102,303,/profile?uid=303,GET,http://localhost:5002/profile?uid=303,{'Authorization': 'Bearer eyJ0eXAiOiJKV1QiLCJhbGciOiJIUzI1NiJ9.eyJ1c2VyX2lkIjoiMTAyIn0.mock_token_b'},404,30,"{'Server': 'Werkzeug/3.1.3 Python/3.13.7', 'Date': 'Wed, 05 Nov 2025 17:38:54 GMT', 'Content-Type': 'application/json', 'Content-Length': '30', 'Connection': 'close'}",0,0,unauthorized_test,2.068263
a4e2b605e1fa,2025-11-05T23:08:56.583303,user_b,102,304,/profile?uid=304,GET,http://localhost:5002/profile?uid=304,{'Authorization': 'Bearer eyJ0eXAiOiJKV1QiLCJhbGciOiJIUzI1NiJ9.eyJ1c2VyX2lkIjoiMTAyIn0.mock_token_b'},404,30,"{'Server': 'Werkzeug/3.1.3 Python/3.13.7', 'Date': 'Wed, 05 Nov 2025 17:38:56 GMT', 'Content-Type': 'application/json', 'Content-Length': '30', 'Connection': 'close'}",0,0,unauthorized_test,2.107827
79d34a76887e,2025-11-05T23:08:58.792418,user_b,102,305,/profile?uid=305,GET,http://localhost:5002/profile?uid=305,{'Authorization': 'Bearer eyJ0eXAiOiJKV1QiLCJhbGciOiJIUzI1NiJ9.eyJ1c2VyX2lkIjoiMTAyIn0.mock_token_b'},404,30,"{'Server': 'Werkzeug/3.1.3 Python/3.13.7', 'Date': 'Wed, 05 Nov 2025 17:38:58 GMT', 'Content-Type': 'application/json', 'Content-Length': '30', 'Connection': 'close'}",0,0,unauthorized_test,2.107228
59dd4fb2fa99,2025-11-05T23:09:00.988823,user_b,102,401,/profile?uid=401,GET,http://localhost:5002/profile?uid=401,{'Authorization': 'Bearer eyJ0eXAiOiJKV1QiLCJhbGciOiJIUzI1NiJ9.eyJ1c2VyX2lkIjoiMTAyIn0.mock_token_b'},404,30,"{'Server': 'Werkzeug/3.1.3 Python/3.13.7', 'Date': 'Wed, 05 Nov 2025 17:39:00 GMT', 'Content-Type': 'application/json', 'Content-Length': '30', 'Connection': 'close'}",0,0,unauthorized_test,2.094257
9a62162d61a9,2025-11-05T23:09:03.163183,user_b,102,402,/profile?uid=402,GET,http://localhost:5002/profile?uid=402,{'Authorization': 'Bearer eyJ0eXAiOiJKV1QiLCJhbGciOiJIUzI1NiJ9.eyJ1c2VyX2lkIjoiMTAyIn0.mock_token_b'},404,30,"{'Server': 'Werkzeug/3.1.3 Python/3.13.7', 'Date': 'Wed, 05 Nov 2025 17:39:03 GMT', 'Content-Type': 'application/json', 'Content-Length': '30', 'Connection': 'close'}",0,0,unauthorized_test,2.072955
4d911c6494a1,2025-11-05T23:09:05.339989,user_b,102,403,/profile?uid=403,GET,http://localhost:5002/profile?uid=403,{'Authorization': 'Bearer eyJ0eXAiOiJKV1QiLCJhbGciOiJIUzI1NiJ9.eyJ1c2VyX2lkIjoiMTAyIn0.mock_token_b'},404,30,"{'Server': 'Werkzeug/3.1.3 Python/3.13.7', 'Date': 'Wed, 05 Nov 2025 17:39:05 GMT', 'Content-Type': 'application/json', 'Content-Length': '30', 'Connection': 'close'}",0,0,unauthorized_test,2.074982
1ae3dbc19875,2025-11-05T23:09:07.541644,user_b,102,404,/profile?uid=404,GET,http://localhost:5002/profile?uid=404,{'Authorization': 'Bearer eyJ0eXAiOiJKV1QiLCJhbGciOiJIUzI1NiJ9.eyJ1c2VyX2lkIjoiMTAyIn0.mock_token_b'},404,30,"{'Server': 'Werkzeug/3.1.3 Python/3.13.7', 'Date': 'Wed, 05 Nov 2025 17:39:07 GMT', 'Content-Type': 'application/json', 'Content-Length': '30', 'Connection': 'close'}",0,0,unauthorized_test,2.099991
19c9e18024a8,2025-11-05T23:09:09.732454,user_b,102,405,/profile?uid=405,GET,http://localhost:5002/profile?uid=405,{'Authorization': 'Bearer eyJ0eXAiOiJKV1QiLCJhbGciOiJIUzI1NiJ9.eyJ1c2VyX2lkIjoiMTAyIn0.mock_token_b'},404,30,"{'Server': 'Werkzeug/3.1.3 Python/3.13.7', 'Date': 'Wed, 05 Nov 2025 17:39:09 GMT', 'Content-Type': 'application/json', 'Content-Length': '30', 'Connection': 'close'}",0,0,unauthorized_test,2.089154
94b531686505,2025-11-05T23:09:11.937246,user_b,102,999,/profile?uid=999,GET,http://localhost:5002/profile?uid=999,{'Authorization': 'Bearer eyJ0eXAiOiJKV1QiLCJhbGciOiJIUzI1NiJ9.eyJ1c2VyX2lkIjoiMTAyIn0.mock_token_b'},404,30,"{'Server': 'Werkzeug/3.1.3 Python/3.13.7', 'Date': 'Wed, 05 Nov 2025 17:39:11 GMT', 'Content-Type': 'application/json', 'Content-Length': '30', 'Connection': 'close'}",0,0,unauthorized_test,2.10285
a3f6ce56f16a,2025-11-05T23:09:14.100501,user_b,102,1000,/profile?uid=1000,GET,http://localhost:5002/profile?uid=1000,{'Authorization': 'Bearer eyJ0eXAiOiJKV1QiLCJhbGciOiJIUzI1NiJ9.eyJ1c2VyX2lkIjoiMTAyIn0.mock_token_b'},404,30,"{'Server': 'Werkzeug/3.1.3 Python/3.13.7', 'Date': 'Wed, 05 Nov 2025 17:39:14 GMT', 'Content-Type': 'application/json', 'Content-Length': '30', 'Connection': 'close'}",0,0,unauthorized_test,2.061916
904b416cd57b,2025-11-05T23:09:16.315601,user_b,102,1001,/profile?uid=1001,GET,http://localhost:5002/profile?uid=1001,{'Authorization': 'Bearer eyJ0eXAiOiJKV1QiLCJhbGciOiJIUzI1NiJ9.eyJ1c2VyX2lkIjoiMTAyIn0.mock_token_b'},404,30,"{'Server': 'Werkzeug/3.1.3 Python/3.13.7', 'Date': 'Wed, 05 Nov 2025 17:39:16 GMT', 'Content-Type': 'application/json', 'Content-Length': '30', 'Connection': 'close'}",0,0,unauthorized_test,2.113288
f2d0b79cda94,2025-11-05T23:09:18.532289,user_b,102,-1,/profile?uid=-1,GET,http://localhost:5002/profile?uid=-1,{'Authorization': 'Bearer eyJ0eXAiOiJKV1QiLCJhbGciOiJIUzI1NiJ9.eyJ1c2VyX2lkIjoiMTAyIn0.mock_token_b'},404,30,"{'Server': 'Werkzeug/3.1.3 Python/3.13.7', 'Date': 'Wed, 05 Nov 2025 17:39:18 GMT', 'Content-Type': 'application/json', 'Content-Length': '30', 'Connection': 'close'}",0,0,unauthorized_test,2.114812
a79f0b75f8bb,2025-11-05T23:09:20.761234,user_b,102,0,/profile?uid=0,GET,http://localhost:5002/profile?uid=0,{'Authorization': 'Bearer eyJ0eXAiOiJKV1QiLCJhbGciOiJIUzI1NiJ9.eyJ1c2VyX2lkIjoiMTAyIn0.mock_token_b'},404,30,"{'Server': 'Werkzeug/3.1.3 Python/3.13.7', 'Date': 'Wed, 05 Nov 2025 17:39:20 GMT', 'Content-Type': 'application/json', 'Content-Length': '30', 'Connection': 'close'}",0,0,unauthorized_test,2.127422
66fd07ae24c7,2025-11-05T23:09:22.934546,user_b,102,abc,/profile?uid=abc,GET,http://localhost:5002/profile?uid=abc,{'Authorization': 'Bearer eyJ0eXAiOiJKV1QiLCJhbGciOiJIUzI1NiJ9.eyJ1c2VyX2lkIjoiMTAyIn0.mock_token_b'},404,30,"{'Server': 'Werkzeug/3.1.3 Python/3.13.7', 'Date': 'Wed, 05 Nov 2025 17:39:22 GMT', 'Content-Type': 'application/json', 'Content-Length': '30', 'Connection': 'close'}",0,0,unauthorized_test,2.07163
44e6206d58df,2025-11-05T23:09:25.121083,user_b,102,xyz,/profile?uid=xyz,GET,http://localhost:5002/profile?uid=xyz,{'Authorization': 'Bearer eyJ0eXAiOiJKV1QiLCJhbGciOiJIUzI1NiJ9.eyJ1c2VyX2lkIjoiMTAyIn0.mock_token_b'},404,30,"{'Server': 'Werkzeug/3.1.3 Python/3.13.7', 'Date': 'Wed, 05 Nov 2025 17:39:25 GMT', 'Content-Type': 'application/json', 'Content-Length': '30', 'Connection': 'close'}",0,0,unauthorized_test,2.0848
82187f578957,2025-11-05T23:09:27.306700,user_b,102,../../../etc/passwd,/profile?uid=../../../etc/passwd,GET,http://localhost:5002/profile?uid=../../../etc/passwd,{'Authorization': 'Bearer eyJ0eXAiOiJKV1QiLCJhbGciOiJIUzI1NiJ9.eyJ1c2VyX2lkIjoiMTAyIn0.mock_token_b'},404,30,"{'Server': 'Werkzeug/3.1.3 Python/3.13.7', 'Date': 'Wed, 05 Nov 2025 17:39:27 GMT', 'Content-Type': 'application/json', 'Content-Length': '30', 'Connection': 'close'}",0,0,unauthorized_test,2.084263
3c0481a4cc20,2025-11-05T23:09:29.506571,user_b,102,' OR '1'='1,/profile?uid=' OR '1'='1,GET,http://localhost:5002/profile?uid=' OR '1'='1,{'Authorization': 'Bearer eyJ0eXAiOiJKV1QiLCJhbGciOiJIUzI1NiJ9.eyJ1c2VyX2lkIjoiMTAyIn0.mock_token_b'},404,30,"{'Server': 'Werkzeug/3.1.3 Python/3.13.7', 'Date': 'Wed, 05 Nov 2025 17:39:29 GMT', 'Content-Type': 'application/json', 'Content-Length': '30', 'Connection': 'close'}",0,0,unauthorized_test,2.097727
0878352fb9a4,2025-11-05T23:09:31.705860,user_b,102,101,/invoice?id=101,GET,http://localhost:5002/invoice?id=101,{'Authorization': 'Bearer eyJ0eXAiOiJKV1QiLCJhbGciOiJIUzI1NiJ9.eyJ1c2VyX2lkIjoiMTAyIn0.mock_token_b'},404,30,"{'Server': 'Werkzeug/3.1.3 Python/3.13.7', 'Date': 'Wed, 05 Nov 2025 17:39:31 GMT', 'Content-Type': 'application/json', 'Content-Length': '30', 'Connection': 'close'}",0,0,unauthorized_test,2.097901
b6872b91ff56,2025-11-05T23:09:33.909221,user_b,102,103,/invoice?id=103,GET,http://localhost:5002/invoice?id=103,{'Authorization': 'Bearer eyJ0eXAiOiJKV1QiLCJhbGciOiJIUzI1NiJ9.eyJ1c2VyX2lkIjoiMTAyIn0.mock_token_b'},404,30,"{'Server': 'Werkzeug/3.1.3 Python/3.13.7', 'Date': 'Wed, 05 Nov 2025 17:39:33 GMT', 'Content-Type': 'application/json', 'Content-Length': '30', 'Connection': 'close'}",0,0,unauthorized_test,2.101226
eff7e75b6e77,2025-11-05T23:09:36.094598,user_b,102,104,/invoice?id=104,GET,http://localhost:5002/invoice?id=104,{'Authorization': 'Bearer eyJ0eXAiOiJKV1QiLCJhbGciOiJIUzI1NiJ9.eyJ1c2VyX2lkIjoiMTAyIn0.mock_token_b'},404,30,"{'Server': 'Werkzeug/3.1.3 Python/3.13.7', 'Date': 'Wed, 05 Nov 2025 17:39:36 GMT', 'Content-Type': 'application/json', 'Content-Length': '30', 'Connection': 'close'}",0,0,unauthorized_test,2.083642
a2fd6a14bb6b,2025-11-05T23:09:38.282383,user_b,102,105,/invoice?id=105,GET,http://localhost:5002/invoice?id=105,{'Authorization': 'Bearer eyJ0eXAiOiJKV1QiLCJhbGciOiJIUzI1NiJ9.eyJ1c2VyX2lkIjoiMTAyIn0.mock_token_b'},404,30,"{'Server': 'Werkzeug/3.1.3 Python/3.13.7', 'Date': 'Wed, 05 Nov 2025 17:39:38 GMT', 'Content-Type': 'application/json', 'Content-Length': '30', 'Connection': 'close'}",0,0,unauthorized_test,2.086229
4de82ec9263c,2025-11-05T23:09:40.463689,user_b,102,201,/invoice?id=201,GET,http://localhost:5002/invoice?id=201,{'Authorization': 'Bearer eyJ0eXAiOiJKV1QiLCJhbGciOiJIUzI1NiJ9.eyJ1c2VyX2lkIjoiMTAyIn0.mock_token_b'},404,30,"{'Server': 'Werkzeug/3.1.3 Python/3.13.7', 'Date': 'Wed, 05 Nov 2025 17:39:40 GMT', 'Content-Type': 'application/json', 'Content-Length': '30', 'Connection': 'close'}",0,0,unauthorized_test,2.079644
a169af1cd91d,2025-11-05T23:09:42.652383,user_b,102,203,/invoice?id=203,GET,http://localhost:5002/invoice?id=203,{'Authorization': 'Bearer eyJ0eXAiOiJKV1QiLCJhbGciOiJIUzI1NiJ9.eyJ1c2VyX2lkIjoiMTAyIn0.mock_token_b'},404,30,"{'Server': 'Werkzeug/3.1.3 Python/3.13.7', 'Date': 'Wed, 05 Nov 2025 17:39:42 GMT', 'Content-Type': 'application/json', 'Content-Length': '30', 'Connection': 'close'}",0,0,unauthorized_test,2.086359
597c153d2379,2025-11-05T23:09:44.862672,user_b,102,204,/invoice?id=204,GET,http://localhost:5002/invoice?id=204,{'Authorization': 'Bearer eyJ0eXAiOiJKV1QiLCJhbGciOiJIUzI1NiJ9.eyJ1c2VyX2lkIjoiMTAyIn0.mock_token_b'},404,30,"{'Server': 'Werkzeug/3.1.3 Python/3.13.7', 'Date': 'Wed, 05 Nov 2025 17:39:44 GMT', 'Content-Type': 'application/json', 'Content-Length': '30', 'Connection': 'close'}",0,0,unauthorized_test,2.10829
576241677ceb,2025-11-05T23:09:47.074709,user_b,102,205,/invoice?id=205,GET,http://localhost:5002/invoice?id=205,{'Authorization': 'Bearer eyJ0eXAiOiJKV1QiLCJhbGciOiJIUzI1NiJ9.eyJ1c2VyX2lkIjoiMTAyIn0.mock_token_b'},404,30,"{'Server': 'Werkzeug/3.1.3 Python/3.13.7', 'Date': 'Wed, 05 Nov 2025 17:39:47 GMT', 'Content-Type': 'application/json', 'Content-Length': '30', 'Connection': 'close'}",0,0,unauthorized_test,2.110718
87e709d658af,2025-11-05T23:09:49.236746,user_b,102,301,/invoice?id=301,GET,http://localhost:5002/invoice?id=301,{'Authorization': 'Bearer eyJ0eXAiOiJKV1QiLCJhbGciOiJIUzI1NiJ9.eyJ1c2VyX2lkIjoiMTAyIn0.mock_token_b'},200,85,"{'Server': 'Werkzeug/3.1.3 Python/3.13.7', 'Date': 'Wed, 05 Nov 2025 17:39:49 GMT', 'Content-Type': 'application/json', 'Content-Length': '85', 'Connection': 'close'}",0,0,unauthorized_test,2.060531
83e0069dda0b,2025-11-05T23:09:51.407099,user_b,102,303,/invoice?id=303,GET,http://localhost:5002/invoice?id=303,{'Authorization': 'Bearer eyJ0eXAiOiJKV1QiLCJhbGciOiJIUzI1NiJ9.eyJ1c2VyX2lkIjoiMTAyIn0.mock_token_b'},200,84,"{'Server': 'Werkzeug/3.1.3 Python/3.13.7', 'Date': 'Wed, 05 Nov 2025 17:39:51 GMT', 'Content-Type': 'application/json', 'Content-Length': '84', 'Connection': 'close'}",0,0,unauthorized_test,2.069098
f7c563fdf69b,2025-11-05T23:09:53.582161,user_b,102,304,/invoice?id=304,GET,http://localhost:5002/invoice?id=304,{'Authorization': 'Bearer eyJ0eXAiOiJKV1QiLCJhbGciOiJIUzI1NiJ9.eyJ1c2VyX2lkIjoiMTAyIn0.mock_token_b'},404,30,"{'Server': 'Werkzeug/3.1.3 Python/3.13.7', 'Date': 'Wed, 05 Nov 2025 17:39:53 GMT', 'Content-Type': 'application/json', 'Content-Length': '30', 'Connection': 'close'}",0,0,unauthorized_test,2.073444
a344a9e6f5d7,2025-11-05T23:09:55.788038,user_b,102,305,/invoice?id=305,GET,http://localhost:5002/invoice?id=305,{'Authorization': 'Bearer eyJ0eXAiOiJKV1QiLCJhbGciOiJIUzI1NiJ9.eyJ1c2VyX2lkIjoiMTAyIn0.mock_token_b'},404,30,"{'Server': 'Werkzeug/3.1.3 Python/3.13.7', 'Date': 'Wed, 05 Nov 2025 17:39:55 GMT', 'Content-Type': 'application/json', 'Content-Length': '30', 'Connection': 'close'}",0,0,unauthorized_test,2.104178
0f61d13c7374,2025-11-05T23:09:57.967495,user_b,102,401,/invoice?id=401,GET,http://localhost:5002/invoice?id=401,{'Authorization': 'Bearer eyJ0eXAiOiJKV1QiLCJhbGciOiJIUzI1NiJ9.eyJ1c2VyX2lkIjoiMTAyIn0.mock_token_b'},404,30,"{'Server': 'Werkzeug/3.1.3 Python/3.13.7', 'Date': 'Wed, 05 Nov 2025 17:39:57 GMT', 'Content-Type': 'application/json', 'Content-Length': '30', 'Connection': 'close'}",0,0,unauthorized_test,2.077584
bb183d7fa9ba,2025-11-05T23:10:00.134655,user_b,102,402,/invoice?id=402,GET,http://localhost:5002/invoice?id=402,{'Authorization': 'Bearer eyJ0eXAiOiJKV1QiLCJhbGciOiJIUzI1NiJ9.eyJ1c2VyX2lkIjoiMTAyIn0.mock_token_b'},404,30,"{'Server': 'Werkzeug/3.1.3 Python/3.13.7', 'Date': 'Wed, 05 Nov 2025 17:40:00 GMT', 'Content-Type': 'application/json', 'Content-Length': '30', 'Connection': 'close'}",0,0,unauthorized_test,2.065161
08be05aec65a,2025-11-05T23:10:02.330371,user_b,102,403,/invoice?id=403,GET,http://localhost:5002/invoice?id=403,{'Authorization': 'Bearer eyJ0eXAiOiJKV1QiLCJhbGciOiJIUzI1NiJ9.eyJ1c2VyX2lkIjoiMTAyIn0.mock_token_b'},404,30,"{'Server': 'Werkzeug/3.1.3 Python/3.13.7', 'Date': 'Wed, 05 Nov 2025 17:40:02 GMT', 'Content-Type': 'application/json', 'Content-Length': '30', 'Connection': 'close'}",0,0,unauthorized_test,2.09423
d7e053c0d446,2025-11-05T23:10:04.521511,user_b,102,404,/invoice?id=404,GET,http://localhost:5002/invoice?id=404,{'Authorization': 'Bearer eyJ0eXAiOiJKV1QiLCJhbGciOiJIUzI1NiJ9.eyJ1c2VyX2lkIjoiMTAyIn0.mock_token_b'},404,30,"{'Server': 'Werkzeug/3.1.3 Python/3.13.7', 'Date': 'Wed, 05 Nov 2025 17:40:04 GMT', 'Content-Type': 'application/json', 'Content-Length': '30', 'Connection': 'close'}",0,0,unauthorized_test,2.089256
01b1e2b7b08d,2025-11-05T23:10:06.719809,user_b,102,405,/invoice?id=405,GET,http://localhost:5002/invoice?id=405,{'Authorization': 'Bearer eyJ0eXAiOiJKV1QiLCJhbGciOiJIUzI1NiJ9.eyJ1c2VyX2lkIjoiMTAyIn0.mock_token_b'},404,30,"{'Server': 'Werkzeug/3.1.3 Python/3.13.7', 'Date': 'Wed, 05 Nov 2025 17:40:06 GMT', 'Content-Type': 'application/json', 'Content-Length': '30', 'Connection': 'close'}",0,0,unauthorized_test,2.096538
8cda2e62cf5c,2025-11-05T23:10:08.906054,user_b,102,999,/invoice?id=999,GET,http://localhost:5002/invoice?id=999,{'Authorization': 'Bearer eyJ0eXAiOiJKV1QiLCJhbGciOiJIUzI1NiJ9.eyJ1c2VyX2lkIjoiMTAyIn0.mock_token_b'},404,30,"{'Server': 'Werkzeug/3.1.3 Python/3.13.7', 'Date': 'Wed, 05 Nov 2025 17:40:08 GMT', 'Content-Type': 'application/json', 'Content-Length': '30', 'Connection': 'close'}",0,0,unauthorized_test,2.084117
e52d56283b6a,2025-11-05T23:10:11.097806,user_b,102,1000,/invoice?id=1000,GET,http://localhost:5002/invoice?id=1000,{'Authorization': 'Bearer eyJ0eXAiOiJKV1QiLCJhbGciOiJIUzI1NiJ9.eyJ1c2VyX2lkIjoiMTAyIn0.mock_token_b'},404,30,"{'Server': 'Werkzeug/3.1.3 Python/3.13.7', 'Date': 'Wed, 05 Nov 2025 17:40:11 GMT', 'Content-Type': 'application/json', 'Content-Length': '30', 'Connection': 'close'}",0,0,unauthorized_test,2.090245
2a904348417d,2025-11-05T23:10:13.301341,user_b,102,1001,/invoice?id=1001,GET,http://localhost:5002/invoice?id=1001,{'Authorization': 'Bearer eyJ0eXAiOiJKV1QiLCJhbGciOiJIUzI1NiJ9.eyJ1c2VyX2lkIjoiMTAyIn0.mock_token_b'},404,30,"{'Server': 'Werkzeug/3.1.3 Python/3.13.7', 'Date': 'Wed, 05 Nov 2025 17:40:13 GMT', 'Content-Type': 'application/json', 'Content-Length': '30', 'Connection': 'close'}",0,0,unauthorized_test,2.101885
a738ef1fb629,2025-11-05T23:10:15.465872,user_b,102,-1,/invoice?id=-1,GET,http://localhost:5002/invoice?id=-1,{'Authorization': 'Bearer eyJ0eXAiOiJKV1QiLCJhbGciOiJIUzI1NiJ9.eyJ1c2VyX2lkIjoiMTAyIn0.mock_token_b'},404,30,"{'Server': 'Werkzeug/3.1.3 Python/3.13.7', 'Date': 'Wed, 05 Nov 2025 17:40:15 GMT', 'Content-Type': 'application/json', 'Content-Length': '30', 'Connection': 'close'}",0,0,unauthorized_test,2.062931
17a6d299941c,2025-11-05T23:10:17.633146,user_b,102,0,/invoice?id=0,GET,http://localhost:5002/invoice?id=0,{'Authorization': 'Bearer eyJ0eXAiOiJKV1QiLCJhbGciOiJIUzI1NiJ9.eyJ1c2VyX2lkIjoiMTAyIn0.mock_token_b'},404,30,"{'Server': 'Werkzeug/3.1.3 Python/3.13.7', 'Date': 'Wed, 05 Nov 2025 17:40:17 GMT', 'Content-Type': 'application/json', 'Content-Length': '30', 'Connection': 'close'}",0,0,unauthorized_test,2.065343
f0c48dd8421a,2025-11-05T23:10:19.809333,user_b,102,abc,/invoice?id=abc,GET,http://localhost:5002/invoice?id=abc,{'Authorization': 'Bearer eyJ0eXAiOiJKV1QiLCJhbGciOiJIUzI1NiJ9.eyJ1c2VyX2lkIjoiMTAyIn0.mock_token_b'},404,30,"{'Server': 'Werkzeug/3.1.3 Python/3.13.7', 'Date': 'Wed, 05 Nov 2025 17:40:19 GMT', 'Content-Type': 'application/json', 'Content-Length': '30', 'Connection': 'close'}",0,0,unauthorized_test,2.074503
f9814683f021,2025-11-05T23:10:21.975828,user_b,102,xyz,/invoice?id=xyz,GET,http://localhost:5002/invoice?id=xyz,{'Authorization': 'Bearer eyJ0eXAiOiJKV1QiLCJhbGciOiJIUzI1NiJ9.eyJ1c2VyX2lkIjoiMTAyIn0.mock_token_b'},404,30,"{'Server': 'Werkzeug/3.1.3 Python/3.13.7', 'Date': 'Wed, 05 Nov 2025 17:40:21 GMT', 'Content-Type': 'application/json', 'Content-Length': '30', 'Connection': 'close'}",0,0,unauthorized_test,2.065004
3bedbc81b149,2025-11-05T23:10:24.131356,user_b,102,../../../etc/passwd,/invoice?id=../../../etc/passwd,GET,http://localhost:5002/invoice?id=../../../etc/passwd,{'Authorization': 'Bearer eyJ0eXAiOiJKV1QiLCJhbGciOiJIUzI1NiJ9.eyJ1c2VyX2lkIjoiMTAyIn0.mock_token_b'},404,30,"{'Server': 'Werkzeug/3.1.3 Python/3.13.7', 'Date': 'Wed, 05 Nov 2025 17:40:24 GMT', 'Content-Type': 'application/json', 'Content-Length': '30', 'Connection': 'close'}",0,0,unauthorized_test,2.054007
a5fbe132926f,2025-11-05T23:10:26.317314,user_b,102,' OR '1'='1,/invoice?id=' OR '1'='1,GET,http://localhost:5002/invoice?id=' OR '1'='1,{'Authorization': 'Bearer eyJ0eXAiOiJKV1QiLCJhbGciOiJIUzI1NiJ9.eyJ1c2VyX2lkIjoiMTAyIn0.mock_token_b'},404,30,"{'Server': 'Werkzeug/3.1.3 Python/3.13.7', 'Date': 'Wed, 05 Nov 2025 17:40:26 GMT', 'Content-Type': 'application/json', 'Content-Length': '30', 'Connection': 'close'}",0,0,unauthorized_test,2.084359
b173fc4e4741,2025-11-05T23:10:28.503247,user_b,102,101,/order/101/status,GET,http://localhost:5002/order/101/status,{'Authorization': 'Bearer eyJ0eXAiOiJKV1QiLCJhbGciOiJIUzI1NiJ9.eyJ1c2VyX2lkIjoiMTAyIn0.mock_token_b'},401,25,"{'Server': 'Werkzeug/3.1.3 Python/3.13.7', 'Date': 'Wed, 05 Nov 2025 17:40:28 GMT', 'Content-Type': 'application/json', 'Content-Length': '25', 'Connection': 'close'}",0,0,unauthorized_test,2.083578
8ec87ddd26c9,2025-11-05T23:10:30.712388,user_b,102,103,/order/103/status,GET,http://localhost:5002/order/103/status,{'Authorization': 'Bearer eyJ0eXAiOiJKV1QiLCJhbGciOiJIUzI1NiJ9.eyJ1c2VyX2lkIjoiMTAyIn0.mock_token_b'},401,25,"{'Server': 'Werkzeug/3.1.3 Python/3.13.7', 'Date': 'Wed, 05 Nov 2025 17:40:30 GMT', 'Content-Type': 'application/json', 'Content-Length': '25', 'Connection': 'close'}",0,0,unauthorized_test,2.106244
8f93a34f66ee,2025-11-05T23:10:32.926851,user_b,102,104,/order/104/status,GET,http://localhost:5002/order/104/status,{'Authorization': 'Bearer eyJ0eXAiOiJKV1QiLCJhbGciOiJIUzI1NiJ9.eyJ1c2VyX2lkIjoiMTAyIn0.mock_token_b'},401,25,"{'Server': 'Werkzeug/3.1.3 Python/3.13.7', 'Date': 'Wed, 05 Nov 2025 17:40:32 GMT', 'Content-Type': 'application/json', 'Content-Length': '25', 'Connection': 'close'}",0,0,unauthorized_test,2.112499
b38e975b83c8,2025-11-05T23:10:35.119270,user_b,102,105,/order/105/status,GET,http://localhost:5002/order/105/status,{'Authorization': 'Bearer eyJ0eXAiOiJKV1QiLCJhbGciOiJIUzI1NiJ9.eyJ1c2VyX2lkIjoiMTAyIn0.mock_token_b'},401,25,"{'Server': 'Werkzeug/3.1.3 Python/3.13.7', 'Date': 'Wed, 05 Nov 2025 17:40:35 GMT', 'Content-Type': 'application/json', 'Content-Length': '25', 'Connection': 'close'}",0,0,unauthorized_test,2.089148
ceb17650d020,2025-11-05T23:10:37.306046,user_b,102,201,/order/201/status,GET,http://localhost:5002/order/201/status,{'Authorization': 'Bearer eyJ0eXAiOiJKV1QiLCJhbGciOiJIUzI1NiJ9.eyJ1c2VyX2lkIjoiMTAyIn0.mock_token_b'},401,25,"{'Server': 'Werkzeug/3.1.3 Python/3.13.7', 'Date': 'Wed, 05 Nov 2025 17:40:37 GMT', 'Content-Type': 'application/json', 'Content-Length': '25', 'Connection': 'close'}",0,0,unauthorized_test,2.084313
f022966c3767,2025-11-05T23:10:39.518831,user_b,102,203,/order/203/status,GET,http://localhost:5002/order/203/status,{'Authorization': 'Bearer eyJ0eXAiOiJKV1QiLCJhbGciOiJIUzI1NiJ9.eyJ1c2VyX2lkIjoiMTAyIn0.mock_token_b'},401,25,"{'Server': 'Werkzeug/3.1.3 Python/3.13.7', 'Date': 'Wed, 05 Nov 2025 17:40:39 GMT', 'Content-Type': 'application/json', 'Content-Length': '25', 'Connection': 'close'}",0,0,unauthorized_test,2.11036
a13c78ee853e,2025-11-05T23:10:41.718158,user_b,102,204,/order/204/status,GET,http://localhost:5002/order/204/status,{'Authorization': 'Bearer eyJ0eXAiOiJKV1QiLCJhbGciOiJIUzI1NiJ9.eyJ1c2VyX2lkIjoiMTAyIn0.mock_token_b'},401,25,"{'Server': 'Werkzeug/3.1.3 Python/3.13.7', 'Date': 'Wed, 05 Nov 2025 17:40:41 GMT', 'Content-Type': 'application/json', 'Content-Length': '25', 'Connection': 'close'}",0,0,unauthorized_test,2.09698
29ea3a75dcaf,2025-11-05T23:10:43.904514,user_b,102,205,/order/205/status,GET,http://localhost:5002/order/205/status,{'Authorization': 'Bearer eyJ0eXAiOiJKV1QiLCJhbGciOiJIUzI1NiJ9.eyJ1c2VyX2lkIjoiMTAyIn0.mock_token_b'},401,25,"{'Server': 'Werkzeug/3.1.3 Python/3.13.7', 'Date': 'Wed, 05 Nov 2025 17:40:43 GMT', 'Content-Type': 'application/json', 'Content-Length': '25', 'Connection': 'close'}",0,0,unauthorized_test,2.084368
f76b1e2389b3,2025-11-05T23:10:46.092576,user_b,102,301,/order/301/status,GET,http://localhost:5002/order/301/status,{'Authorization': 'Bearer eyJ0eXAiOiJKV1QiLCJhbGciOiJIUzI1NiJ9.eyJ1c2VyX2lkIjoiMTAyIn0.mock_token_b'},401,25,"{'Server': 'Werkzeug/3.1.3 Python/3.13.7', 'Date': 'Wed, 05 Nov 2025 17:40:46 GMT', 'Content-Type': 'application/json', 'Content-Length': '25', 'Connection': 'close'}",0,0,unauthorized_test,2.085632
b47f6d4298af,2025-11-05T23:10:48.291369,user_b,102,303,/order/303/status,GET,http://localhost:5002/order/303/status,{'Authorization': 'Bearer eyJ0eXAiOiJKV1QiLCJhbGciOiJIUzI1NiJ9.eyJ1c2VyX2lkIjoiMTAyIn0.mock_token_b'},401,25,"{'Server': 'Werkzeug/3.1.3 Python/3.13.7', 'Date': 'Wed, 05 Nov 2025 17:40:48 GMT', 'Content-Type': 'application/json', 'Content-Length': '25', 'Connection': 'close'}",0,0,unauthorized_test,2.093805
4b6765b0437c,2025-11-05T23:10:50.450724,user_b,102,304,/order/304/status,GET,http://localhost:5002/order/304/status,{'Authorization': 'Bearer eyJ0eXAiOiJKV1QiLCJhbGciOiJIUzI1NiJ9.eyJ1c2VyX2lkIjoiMTAyIn0.mock_token_b'},401,25,"{'Server': 'Werkzeug/3.1.3 Python/3.13.7', 'Date': 'Wed, 05 Nov 2025 17:40:50 GMT', 'Content-Type': 'application/json', 'Content-Length': '25', 'Connection': 'close'}",0,0,unauthorized_test,2.054113
ae7a416229a5,2025-11-05T23:10:52.629986,user_b,102,305,/order/305/status,GET,http://localhost:5002/order/305/status,{'Authorization': 'Bearer eyJ0eXAiOiJKV1QiLCJhbGciOiJIUzI1NiJ9.eyJ1c2VyX2lkIjoiMTAyIn0.mock_token_b'},401,25,"{'Server': 'Werkzeug/3.1.3 Python/3.13.7', 'Date': 'Wed, 05 Nov 2025 17:40:52 GMT', 'Content-Type': 'application/json', 'Content-Length': '25', 'Connection': 'close'}",0,0,unauthorized_test,2.07717
e686443e8517,2025-11-05T23:10:54.818821,user_b,102,401,/order/401/status,GET,http://localhost:5002/order/401/status,{'Authorization': 'Bearer eyJ0eXAiOiJKV1QiLCJhbGciOiJIUzI1NiJ9.eyJ1c2VyX2lkIjoiMTAyIn0.mock_token_b'},401,25,"{'Server': 'Werkzeug/3.1.3 Python/3.13.7', 'Date': 'Wed, 05 Nov 2025 17:40:54 GMT', 'Content-Type': 'application/json', 'Content-Length': '25', 'Connection': 'close'}",0,0,unauthorized_test,2.082487
2bef8054beb9,2025-11-05T23:10:57.019184,user_b,102,402,/order/402/status,GET,http://localhost:5002/order/402/status,{'Authorization': 'Bearer eyJ0eXAiOiJKV1QiLCJhbGciOiJIUzI1NiJ9.eyJ1c2VyX2lkIjoiMTAyIn0.mock_token_b'},401,25,"{'Server': 'Werkzeug/3.1.3 Python/3.13.7', 'Date': 'Wed, 05 Nov 2025 17:40:57 GMT', 'Content-Type': 'application/json', 'Content-Length': '25', 'Connection': 'close'}",0,0,unauthorized_test,2.093404
037d225088a2,2025-11-05T23:10:59.210096,user_b,102,403,/order/403/status,GET,http://localhost:5002/order/403/status,{'Authorization': 'Bearer eyJ0eXAiOiJKV1QiLCJhbGciOiJIUzI1NiJ9.eyJ1c2VyX2lkIjoiMTAyIn0.mock_token_b'},401,25,"{'Server': 'Werkzeug/3.1.3 Python/3.13.7', 'Date': 'Wed, 05 Nov 2025 17:40:59 GMT', 'Content-Type': 'application/json', 'Content-Length': '25', 'Connection': 'close'}",0,0,unauthorized_test,2.088272
5e8bd4c5424f,2025-11-05T23:11:01.407977,user_b,102,404,/order/404/status,GET,http://localhost:5002/order/404/status,{'Authorization': 'Bearer eyJ0eXAiOiJKV1QiLCJhbGciOiJIUzI1NiJ9.eyJ1c2VyX2lkIjoiMTAyIn0.mock_token_b'},401,25,"{'Server': 'Werkzeug/3.1.3 Python/3.13.7', 'Date': 'Wed, 05 Nov 2025 17:41:01 GMT', 'Content-Type': 'application/json', 'Content-Length': '25', 'Connection': 'close'}",0,0,unauthorized_test,2.09518
b2bd43c76681,2025-11-05T23:11:03.639099,user_b,102,405,/order/405/status,GET,http://localhost:5002/order/405/status,{'Authorization': 'Bearer eyJ0eXAiOiJKV1QiLCJhbGciOiJIUzI1NiJ9.eyJ1c2VyX2lkIjoiMTAyIn0.mock_token_b'},401,25,"{'Server': 'Werkzeug/3.1.3 Python/3.13.7', 'Date': 'Wed, 05 Nov 2025 17:41:03 GMT', 'Content-Type': 'application/json', 'Content-Length': '25', 'Connection': 'close'}",0,0,unauthorized_test,2.124587
8ee008ed0f41,2025-11-05T23:11:05.839478,user_b,102,999,/order/999/status,GET,http://localhost:5002/order/999/status,{'Authorization': 'Bearer eyJ0eXAiOiJKV1QiLCJhbGciOiJIUzI1NiJ9.eyJ1c2VyX2lkIjoiMTAyIn0.mock_token_b'},401,25,"{'Server': 'Werkzeug/3.1.3 Python/3.13.7', 'Date': 'Wed, 05 Nov 2025 17:41:05 GMT', 'Content-Type': 'application/json', 'Content-Length': '25', 'Connection': 'close'}",0,0,unauthorized_test,2.095109
5bd1946914ae,2025-11-05T23:11:08.017104,user_b,102,1000,/order/1000/status,GET,http://localhost:5002/order/1000/status,{'Authorization': 'Bearer eyJ0eXAiOiJKV1QiLCJhbGciOiJIUzI1NiJ9.eyJ1c2VyX2lkIjoiMTAyIn0.mock_token_b'},401,25,"{'Server': 'Werkzeug/3.1.3 Python/3.13.7', 'Date': 'Wed, 05 Nov 2025 17:41:08 GMT', 'Content-Type': 'application/json', 'Content-Length': '25', 'Connection': 'close'}",0,0,unauthorized_test,2.07514
8568c134e145,2025-11-05T23:11:10.232106,user_b,102,1001,/order/1001/status,GET,http://localhost:5002/order/1001/status,{'Authorization': 'Bearer eyJ0eXAiOiJKV1QiLCJhbGciOiJIUzI1NiJ9.eyJ1c2VyX2lkIjoiMTAyIn0.mock_token_b'},401,25,"{'Server': 'Werkzeug/3.1.3 Python/3.13.7', 'Date': 'Wed, 05 Nov 2025 17:41:10 GMT', 'Content-Type': 'application/json', 'Content-Length': '25', 'Connection': 'close'}",0,0,unauthorized_test,2.107653
25017e55f4d3,2025-11-05T23:11:12.425388,user_b,102,-1,/order/-1/status,GET,http://localhost:5002/order/-1/status,{'Authorization': 'Bearer eyJ0eXAiOiJKV1QiLCJhbGciOiJIUzI1NiJ9.eyJ1c2VyX2lkIjoiMTAyIn0.mock_token_b'},401,25,"{'Server': 'Werkzeug/3.1.3 Python/3.13.7', 'Date': 'Wed, 05 Nov 2025 17:41:12 GMT', 'Content-Type': 'application/json', 'Content-Length': '25', 'Connection': 'close'}",0,0,unauthorized_test,2.086315
6051adc0b970,2025-11-05T23:11:14.656506,user_b,102,0,/order/0/status,GET,http://localhost:5002/order/0/status,{'Authorization': 'Bearer eyJ0eXAiOiJKV1QiLCJhbGciOiJIUzI1NiJ9.eyJ1c2VyX2lkIjoiMTAyIn0.mock_token_b'},401,25,"{'Server': 'Werkzeug/3.1.3 Python/3.13.7', 'Date': 'Wed, 05 Nov 2025 17:41:14 GMT', 'Content-Type': 'application/json', 'Content-Length': '25', 'Connection': 'close'}",0,0,unauthorized_test,2.127798
d3583e8faaf4,2025-11-05T23:11:16.857156,user_b,102,abc,/order/abc/status,GET,http://localhost:5002/order/abc/status,{'Authorization': 'Bearer eyJ0eXAiOiJKV1QiLCJhbGciOiJIUzI1NiJ9.eyJ1c2VyX2lkIjoiMTAyIn0.mock_token_b'},401,25,"{'Server': 'Werkzeug/3.1.3 Python/3.13.7', 'Date': 'Wed, 05 Nov 2025 17:41:16 GMT', 'Content-Type': 'application/json', 'Content-Length': '25', 'Connection': 'close'}",0,0,unauthorized_test,2.094752
afea1fcbe7f7,2025-11-05T23:11:19.055510,user_b,102,xyz,/order/xyz/status,GET,http://localhost:5002/order/xyz/status,{'Authorization': 'Bearer eyJ0eXAiOiJKV1QiLCJhbGciOiJIUzI1NiJ9.eyJ1c2VyX2lkIjoiMTAyIn0.mock_token_b'},401,25,"{'Server': 'Werkzeug/3.1.3 Python/3.13.7', 'Date': 'Wed, 05 Nov 2025 17:41:19 GMT', 'Content-Type': 'application/json', 'Content-Length': '25', 'Connection': 'close'}",0,0,unauthorized_test,2.095679
433337d03335,2025-11-05T23:11:21.227952,user_b,102,../../../etc/passwd,/order/../../../etc/passwd/status,GET,http://localhost:5002/etc/passwd/status,{'Authorization': 'Bearer eyJ0eXAiOiJKV1QiLCJhbGciOiJIUzI1NiJ9.eyJ1c2VyX2lkIjoiMTAyIn0.mock_token_b'},404,31,"{'Server': 'Werkzeug/3.1.3 Python/3.13.7', 'Date': 'Wed, 05 Nov 2025 17:41:21 GMT', 'Content-Type': 'application/json', 'Content-Length': '31', 'Connection': 'close'}",0,0,unauthorized_test,2.066689
eba4c42bd963,2025-11-05T23:11:23.406876,user_b,102,' OR '1'='1,/order/' OR '1'='1/status,GET,http://localhost:5002/order/' OR '1'='1/status,{'Authorization': 'Bearer eyJ0eXAiOiJKV1QiLCJhbGciOiJIUzI1NiJ9.eyJ1c2VyX2lkIjoiMTAyIn0.mock_token_b'},401,25,"{'Server': 'Werkzeug/3.1.3 Python/3.13.7', 'Date': 'Wed, 05 Nov 2025 17:41:23 GMT', 'Content-Type': 'application/json', 'Content-Length': '25', 'Connection': 'close'}",0,0,unauthorized_test,2.076751
32f0a94053bd,2025-11-05T23:11:25.594089,user_b,102,101,/document?doc_id=101,GET,http://localhost:5002/document?doc_id=101,{'Authorization': 'Bearer eyJ0eXAiOiJKV1QiLCJhbGciOiJIUzI1NiJ9.eyJ1c2VyX2lkIjoiMTAyIn0.mock_token_b'},404,31,"{'Server': 'Werkzeug/3.1.3 Python/3.13.7', 'Date': 'Wed, 05 Nov 2025 17:41:25 GMT', 'Content-Type': 'application/json', 'Content-Length': '31', 'Connection': 'close'}",0,0,unauthorized_test,2.082946
0e472b1dd1e8,2025-11-05T23:11:27.801962,user_b,102,103,/document?doc_id=103,GET,http://localhost:5002/document?doc_id=103,{'Authorization': 'Bearer eyJ0eXAiOiJKV1QiLCJhbGciOiJIUzI1NiJ9.eyJ1c2VyX2lkIjoiMTAyIn0.mock_token_b'},404,31,"{'Server': 'Werkzeug/3.1.3 Python/3.13.7', 'Date': 'Wed, 05 Nov 2025 17:41:27 GMT', 'Content-Type': 'application/json', 'Content-Length': '31', 'Connection': 'close'}",0,0,unauthorized_test,2.102754
3633e7b68b85,2025-11-05T23:11:30.019216,user_b,102,104,/document?doc_id=104,GET,http://localhost:5002/document?doc_id=104,{'Authorization': 'Bearer eyJ0eXAiOiJKV1QiLCJhbGciOiJIUzI1NiJ9.eyJ1c2VyX2lkIjoiMTAyIn0.mock_token_b'},404,31,"{'Server': 'Werkzeug/3.1.3 Python/3.13.7', 'Date': 'Wed, 05 Nov 2025 17:41:30 GMT', 'Content-Type': 'application/json', 'Content-Length': '31', 'Connection': 'close'}",0,0,unauthorized_test,2.109906
cb98f0c1f285,2025-11-05T23:11:32.214968,user_b,102,105,/document?doc_id=105,GET,http://localhost:5002/document?doc_id=105,{'Authorization': 'Bearer eyJ0eXAiOiJKV1QiLCJhbGciOiJIUzI1NiJ9.eyJ1c2VyX2lkIjoiMTAyIn0.mock_token_b'},404,31,"{'Server': 'Werkzeug/3.1.3 Python/3.13.7', 'Date': 'Wed, 05 Nov 2025 17:41:32 GMT', 'Content-Type': 'application/json', 'Content-Length': '31', 'Connection': 'close'}",0,0,unauthorized_test,2.0908
dd054d4b0a48,2025-11-05T23:11:34.450270,user_b,102,201,/document?doc_id=201,GET,http://localhost:5002/document?doc_id=201,{'Authorization': 'Bearer eyJ0eXAiOiJKV1QiLCJhbGciOiJIUzI1NiJ9.eyJ1c2VyX2lkIjoiMTAyIn0.mock_token_b'},200,104,"{'Server': 'Werkzeug/3.1.3 Python/3.13.7', 'Date': 'Wed, 05 Nov 2025 17:41:34 GMT', 'Content-Type': 'application/json', 'Content-Length': '104', 'Connection': 'close'}",0,0,unauthorized_test,2.129149
1aeaa5334376,2025-11-05T23:11:36.630827,user_b,102,203,/document?doc_id=203,GET,http://localhost:5002/document?doc_id=203,{'Authorization': 'Bearer eyJ0eXAiOiJKV1QiLCJhbGciOiJIUzI1NiJ9.eyJ1c2VyX2lkIjoiMTAyIn0.mock_token_b'},200,104,"{'Server': 'Werkzeug/3.1.3 Python/3.13.7', 'Date': 'Wed, 05 Nov 2025 17:41:36 GMT', 'Content-Type': 'application/json', 'Content-Length': '104', 'Connection': 'close'}",0,0,unauthorized_test,2.078624
2a1ba1bf864b,2025-11-05T23:11:38.861151,user_b,102,204,/document?doc_id=204,GET,http://localhost:5002/document?doc_id=204,{'Authorization': 'Bearer eyJ0eXAiOiJKV1QiLCJhbGciOiJIUzI1NiJ9.eyJ1c2VyX2lkIjoiMTAyIn0.mock_token_b'},404,31,"{'Server': 'Werkzeug/3.1.3 Python/3.13.7', 'Date': 'Wed, 05 Nov 2025 17:41:38 GMT', 'Content-Type': 'application/json', 'Content-Length': '31', 'Connection': 'close'}",0,0,unauthorized_test,2.126859
fefce7457718,2025-11-05T23:11:41.053760,user_b,102,205,/document?doc_id=205,GET,http://localhost:5002/document?doc_id=205,{'Authorization': 'Bearer eyJ0eXAiOiJKV1QiLCJhbGciOiJIUzI1NiJ9.eyJ1c2VyX2lkIjoiMTAyIn0.mock_token_b'},404,31,"{'Server': 'Werkzeug/3.1.3 Python/3.13.7', 'Date': 'Wed, 05 Nov 2025 17:41:41 GMT', 'Content-Type': 'application/json', 'Content-Length': '31', 'Connection': 'close'}",0,0,unauthorized_test,2.089263
df39c6994129,2025-11-05T23:11:43.278966,user_b,102,301,/document?doc_id=301,GET,http://localhost:5002/document?doc_id=301,{'Authorization': 'Bearer eyJ0eXAiOiJKV1QiLCJhbGciOiJIUzI1NiJ9.eyJ1c2VyX2lkIjoiMTAyIn0.mock_token_b'},200,85,"{'Server': 'Werkzeug/3.1.3 Python/3.13.7', 'Date': 'Wed, 05 Nov 2025 17:41:43 GMT', 'Content-Type': 'application/json', 'Content-Length': '85', 'Connection': 'close'}",0,0,unauthorized_test,2.119557
ff601cfa34e1,2025-11-05T23:11:45.480725,user_b,102,303,/document?doc_id=303,GET,http://localhost:5002/document?doc_id=303,{'Authorization': 'Bearer eyJ0eXAiOiJKV1QiLCJhbGciOiJIUzI1NiJ9.eyJ1c2VyX2lkIjoiMTAyIn0.mock_token_b'},200,84,"{'Server': 'Werkzeug/3.1.3 Python/3.13.7', 'Date': 'Wed, 05 Nov 2025 17:41:45 GMT', 'Content-Type': 'application/json', 'Content-Length': '84', 'Connection': 'close'}",0,0,unauthorized_test,2.098263
e2470a1de2e9,2025-11-05T23:11:47.683608,user_b,102,304,/document?doc_id=304,GET,http://localhost:5002/document?doc_id=304,{'Authorization': 'Bearer eyJ0eXAiOiJKV1QiLCJhbGciOiJIUzI1NiJ9.eyJ1c2VyX2lkIjoiMTAyIn0.mock_token_b'},404,31,"{'Server': 'Werkzeug/3.1.3 Python/3.13.7', 'Date': 'Wed, 05 Nov 2025 17:41:47 GMT', 'Content-Type': 'application/json', 'Content-Length': '31', 'Connection': 'close'}",0,0,unauthorized_test,2.095966
338abfa53770,2025-11-05T23:11:49.911147,user_b,102,305,/document?doc_id=305,GET,http://localhost:5002/document?doc_id=305,{'Authorization': 'Bearer eyJ0eXAiOiJKV1QiLCJhbGciOiJIUzI1NiJ9.eyJ1c2VyX2lkIjoiMTAyIn0.mock_token_b'},404,31,"{'Server': 'Werkzeug/3.1.3 Python/3.13.7', 'Date': 'Wed, 05 Nov 2025 17:41:49 GMT', 'Content-Type': 'application/json', 'Content-Length': '31', 'Connection': 'close'}",0,0,unauthorized_test,2.124217
f9fa086953ba,2025-11-05T23:11:52.110874,user_b,102,401,/document?doc_id=401,GET,http://localhost:5002/document?doc_id=401,{'Authorization': 'Bearer eyJ0eXAiOiJKV1QiLCJhbGciOiJIUzI1NiJ9.eyJ1c2VyX2lkIjoiMTAyIn0.mock_token_b'},404,31,"{'Server': 'Werkzeug/3.1.3 Python/3.13.7', 'Date': 'Wed, 05 Nov 2025 17:41:52 GMT', 'Content-Type': 'application/json', 'Content-Length': '31', 'Connection': 'close'}",0,0,unauthorized_test,2.093278
cfa4748f96da,2025-11-05T23:11:54.306445,user_b,102,402,/document?doc_id=402,GET,http://localhost:5002/document?doc_id=402,{'Authorization': 'Bearer eyJ0eXAiOiJKV1QiLCJhbGciOiJIUzI1NiJ9.eyJ1c2VyX2lkIjoiMTAyIn0.mock_token_b'},404,31,"{'Server': 'Werkzeug/3.1.3 Python/3.13.7', 'Date': 'Wed, 05 Nov 2025 17:41:54 GMT', 'Content-Type': 'application/json', 'Content-Length': '31', 'Connection': 'close'}",0,0,unauthorized_test,2.088471
b5b2940ca458,2025-11-05T23:11:56.501719,user_b,102,403,/document?doc_id=403,GET,http://localhost:5002/document?doc_id=403,{'Authorization': 'Bearer eyJ0eXAiOiJKV1QiLCJhbGciOiJIUzI1NiJ9.eyJ1c2VyX2lkIjoiMTAyIn0.mock_token_b'},404,31,"{'Server': 'Werkzeug/3.1.3 Python/3.13.7', 'Date': 'Wed, 05 Nov 2025 17:41:56 GMT', 'Content-Type': 'application/json', 'Content-Length': '31', 'Connection': 'close'}",0,0,unauthorized_test,2.092655
6dade594045e,2025-11-05T23:11:58.689301,user_b,102,404,/document?doc_id=404,GET,http://localhost:5002/document?doc_id=404,{'Authorization': 'Bearer eyJ0eXAiOiJKV1QiLCJhbGciOiJIUzI1NiJ9.eyJ1c2VyX2lkIjoiMTAyIn0.mock_token_b'},404,31,"{'Server': 'Werkzeug/3.1.3 Python/3.13.7', 'Date': 'Wed, 05 Nov 2025 17:41:58 GMT', 'Content-Type': 'application/json', 'Content-Length': '31', 'Connection': 'close'}",0,0,unauthorized_test,2.082896
01de41db3ecb,2025-11-05T23:12:00.881305,user_b,102,405,/document?doc_id=405,GET,http://localhost:5002/document?doc_id=405,{'Authorization': 'Bearer eyJ0eXAiOiJKV1QiLCJhbGciOiJIUzI1NiJ9.eyJ1c2VyX2lkIjoiMTAyIn0.mock_token_b'},404,31,"{'Server': 'Werkzeug/3.1.3 Python/3.13.7', 'Date': 'Wed, 05 Nov 2025 17:42:00 GMT', 'Content-Type': 'application/json', 'Content-Length': '31', 'Connection': 'close'}",0,0,unauthorized_test,2.088718
5dc657c36664,2025-11-05T23:12:03.102189,user_b,102,999,/document?doc_id=999,GET,http://localhost:5002/document?doc_id=999,{'Authorization': 'Bearer eyJ0eXAiOiJKV1QiLCJhbGciOiJIUzI1NiJ9.eyJ1c2VyX2lkIjoiMTAyIn0.mock_token_b'},404,31,"{'Server': 'Werkzeug/3.1.3 Python/3.13.7', 'Date': 'Wed, 05 Nov 2025 17:42:03 GMT', 'Content-Type': 'application/json', 'Content-Length': '31', 'Connection': 'close'}",0,0,unauthorized_test,2.117463
fa5e4586f857,2025-11-05T23:12:05.305679,user_b,102,1000,/document?doc_id=1000,GET,http://localhost:5002/document?doc_id=1000,{'Authorization': 'Bearer eyJ0eXAiOiJKV1QiLCJhbGciOiJIUzI1NiJ9.eyJ1c2VyX2lkIjoiMTAyIn0.mock_token_b'},404,31,"{'Server': 'Werkzeug/3.1.3 Python/3.13.7', 'Date': 'Wed, 05 Nov 2025 17:42:05 GMT', 'Content-Type': 'application/json', 'Content-Length': '31', 'Connection': 'close'}",0,0,unauthorized_test,2.100622
068688070921,2025-11-05T23:12:07.485866,user_b,102,1001,/document?doc_id=1001,GET,http://localhost:5002/document?doc_id=1001,{'Authorization': 'Bearer eyJ0eXAiOiJKV1QiLCJhbGciOiJIUzI1NiJ9.eyJ1c2VyX2lkIjoiMTAyIn0.mock_token_b'},404,31,"{'Server': 'Werkzeug/3.1.3 Python/3.13.7', 'Date': 'Wed, 05 Nov 2025 17:42:07 GMT', 'Content-Type': 'application/json', 'Content-Length': '31', 'Connection': 'close'}",0,0,unauthorized_test,2.077799
98119eb16a5a,2025-11-05T23:12:09.674763,user_b,102,-1,/document?doc_id=-1,GET,http://localhost:5002/document?doc_id=-1,{'Authorization': 'Bearer eyJ0eXAiOiJKV1QiLCJhbGciOiJIUzI1NiJ9.eyJ1c2VyX2lkIjoiMTAyIn0.mock_token_b'},404,31,"{'Server': 'Werkzeug/3.1.3 Python/3.13.7', 'Date': 'Wed, 05 Nov 2025 17:42:09 GMT', 'Content-Type': 'application/json', 'Content-Length': '31', 'Connection': 'close'}",0,0,unauthorized_test,2.085507
74c00047fe74,2025-11-05T23:12:11.854584,user_b,102,0,/document?doc_id=0,GET,http://localhost:5002/document?doc_id=0,{'Authorization': 'Bearer eyJ0eXAiOiJKV1QiLCJhbGciOiJIUzI1NiJ9.eyJ1c2VyX2lkIjoiMTAyIn0.mock_token_b'},404,31,"{'Server': 'Werkzeug/3.1.3 Python/3.13.7', 'Date': 'Wed, 05 Nov 2025 17:42:11 GMT', 'Content-Type': 'application/json', 'Content-Length': '31', 'Connection': 'close'}",0,0,unauthorized_test,2.07791
d83166205bb1,2025-11-05T23:12:14.032430,user_b,102,abc,/document?doc_id=abc,GET,http://localhost:5002/document?doc_id=abc,{'Authorization': 'Bearer eyJ0eXAiOiJKV1QiLCJhbGciOiJIUzI1NiJ9.eyJ1c2VyX2lkIjoiMTAyIn0.mock_token_b'},404,31,"{'Server': 'Werkzeug/3.1.3 Python/3.13.7', 'Date': 'Wed, 05 Nov 2025 17:42:14 GMT', 'Content-Type': 'application/json', 'Content-Length': '31', 'Connection': 'close'}",0,0,unauthorized_test,2.074551
549e19fd1cae,2025-11-05T23:12:16.214670,user_b,102,xyz,/document?doc_id=xyz,GET,http://localhost:5002/document?doc_id=xyz,{'Authorization': 'Bearer eyJ0eXAiOiJKV1QiLCJhbGciOiJIUzI1NiJ9.eyJ1c2VyX2lkIjoiMTAyIn0.mock_token_b'},404,31,"{'Server': 'Werkzeug/3.1.3 Python/3.13.7', 'Date': 'Wed, 05 Nov 2025 17:42:16 GMT', 'Content-Type': 'application/json', 'Content-Length': '31', 'Connection': 'close'}",0,0,unauthorized_test,2.078673
e03f5bad382f,2025-11-05T23:12:18.386782,user_b,102,../../../etc/passwd,/document?doc_id=../../../etc/passwd,GET,http://localhost:5002/document?doc_id=../../../etc/passwd,{'Authorization': 'Bearer eyJ0eXAiOiJKV1QiLCJhbGciOiJIUzI1NiJ9.eyJ1c2VyX2lkIjoiMTAyIn0.mock_token_b'},404,31,"{'Server': 'Werkzeug/3.1.3 Python/3.13.7', 'Date': 'Wed, 05 Nov 2025 17:42:18 GMT', 'Content-Type': 'application/json', 'Content-Length': '31', 'Connection': 'close'}",0,0,unauthorized_test,2.069233
e6cf88601fab,2025-11-05T23:12:20.617423,user_b,102,' OR '1'='1,/document?doc_id=' OR '1'='1,GET,http://localhost:5002/document?doc_id=' OR '1'='1,{'Authorization': 'Bearer eyJ0eXAiOiJKV1QiLCJhbGciOiJIUzI1NiJ9.eyJ1c2VyX2lkIjoiMTAyIn0.mock_token_b'},404,31,"{'Server': 'Werkzeug/3.1.3 Python/3.13.7', 'Date': 'Wed, 05 Nov 2025 17:42:20 GMT', 'Content-Type': 'application/json', 'Content-Length': '31', 'Connection': 'close'}",0,0,unauthorized_test,2.127376
b8f72438d3da,2025-11-05T23:12:22.811224,user_b,102,101,/api/account/101/balance,POST,http://localhost:5002/api/account/101/balance,{'Authorization': 'Bearer eyJ0eXAiOiJKV1QiLCJhbGciOiJIUzI1NiJ9.eyJ1c2VyX2lkIjoiMTAyIn0.mock_token_b'},405,153,"{'Server': 'Werkzeug/3.1.3 Python/3.13.7', 'Date': 'Wed, 05 Nov 2025 17:42:22 GMT', 'Content-Type': 'text/html; charset=utf-8', 'Allow': 'GET, HEAD, OPTIONS', 'Content-Length': '153', 'Connection': 'close'}",0,0,unauthorized_test,2.087737
6879bd667358,2025-11-05T23:12:25.004198,user_b,102,103,/api/account/103/balance,GET,http://localhost:5002/api/account/103/balance,{'Authorization': 'Bearer eyJ0eXAiOiJKV1QiLCJhbGciOiJIUzI1NiJ9.eyJ1c2VyX2lkIjoiMTAyIn0.mock_token_b'},401,25,"{'Server': 'Werkzeug/3.1.3 Python/3.13.7', 'Date': 'Wed, 05 Nov 2025 17:42:25 GMT', 'Content-Type': 'application/json', 'Content-Length': '25', 'Connection': 'close'}",0,0,unauthorized_test,2.090064
194159663dee,2025-11-05T23:12:27.166981,user_b,102,104,/api/account/104/balance,POST,http://localhost:5002/api/account/104/balance,{'Authorization': 'Bearer eyJ0eXAiOiJKV1QiLCJhbGciOiJIUzI1NiJ9.eyJ1c2VyX2lkIjoiMTAyIn0.mock_token_b'},405,153,"{'Server': 'Werkzeug/3.1.3 Python/3.13.7', 'Date': 'Wed, 05 Nov 2025 17:42:27 GMT', 'Content-Type': 'text/html; charset=utf-8', 'Allow': 'GET, HEAD, OPTIONS', 'Content-Length': '153', 'Connection': 'close'}",0,0,unauthorized_test,2.060277
c6f30f273fda,2025-11-05T23:12:29.342773,user_b,102,105,/api/account/105/balance,GET,http://localhost:5002/api/account/105/balance,{'Authorization': 'Bearer eyJ0eXAiOiJKV1QiLCJhbGciOiJIUzI1NiJ9.eyJ1c2VyX2lkIjoiMTAyIn0.mock_token_b'},401,25,"{'Server': 'Werkzeug/3.1.3 Python/3.13.7', 'Date': 'Wed, 05 Nov 2025 17:42:29 GMT', 'Content-Type': 'application/json', 'Content-Length': '25', 'Connection': 'close'}",0,0,unauthorized_test,2.070462
037cd827477b,2025-11-05T23:12:31.517119,user_b,102,201,/api/account/201/balance,POST,http://localhost:5002/api/account/201/balance,{'Authorization': 'Bearer eyJ0eXAiOiJKV1QiLCJhbGciOiJIUzI1NiJ9.eyJ1c2VyX2lkIjoiMTAyIn0.mock_token_b'},405,153,"{'Server': 'Werkzeug/3.1.3 Python/3.13.7', 'Date': 'Wed, 05 Nov 2025 17:42:31 GMT', 'Content-Type': 'text/html; charset=utf-8', 'Allow': 'GET, HEAD, OPTIONS', 'Content-Length': '153', 'Connection': 'close'}",0,0,unauthorized_test,2.071696
44e9a311e412,2025-11-05T23:12:33.661137,user_b,102,203,/api/account/203/balance,POST,http://localhost:5002/api/account/203/balance,{'Authorization': 'Bearer eyJ0eXAiOiJKV1QiLCJhbGciOiJIUzI1NiJ9.eyJ1c2VyX2lkIjoiMTAyIn0.mock_token_b'},405,153,"{'Server': 'Werkzeug/3.1.3 Python/3.13.7', 'Date': 'Wed, 05 Nov 2025 17:42:33 GMT', 'Content-Type': 'text/html; charset=utf-8', 'Allow': 'GET, HEAD, OPTIONS', 'Content-Length': '153', 'Connection': 'close'}",0,0,unauthorized_test,2.042238
e4ad7a2720ee,2025-11-05T23:12:35.830257,user_b,102,204,/api/account/204/balance,GET,http://localhost:5002/api/account/204/balance,{'Authorization': 'Bearer eyJ0eXAiOiJKV1QiLCJhbGciOiJIUzI1NiJ9.eyJ1c2VyX2lkIjoiMTAyIn0.mock_token_b'},401,25,"{'Server': 'Werkzeug/3.1.3 Python/3.13.7', 'Date': 'Wed, 05 Nov 2025 17:42:35 GMT', 'Content-Type': 'application/json', 'Content-Length': '25', 'Connection': 'close'}",0,0,unauthorized_test,2.066207
dd64ab12f059,2025-11-05T23:12:38.000157,user_b,102,205,/api/account/205/balance,POST,http://localhost:5002/api/account/205/balance,{'Authorization': 'Bearer eyJ0eXAiOiJKV1QiLCJhbGciOiJIUzI1NiJ9.eyJ1c2VyX2lkIjoiMTAyIn0.mock_token_b'},405,153,"{'Server': 'Werkzeug/3.1.3 Python/3.13.7', 'Date': 'Wed, 05 Nov 2025 17:42:37 GMT', 'Content-Type': 'text/html; charset=utf-8', 'Allow': 'GET, HEAD, OPTIONS', 'Content-Length': '153', 'Connection': 'close'}",0,0,unauthorized_test,2.066427
d87155b64e43,2025-11-05T23:12:40.199289,user_b,102,301,/api/account/301/balance,GET,http://localhost:5002/api/account/301/balance,{'Authorization': 'Bearer eyJ0eXAiOiJKV1QiLCJhbGciOiJIUzI1NiJ9.eyJ1c2VyX2lkIjoiMTAyIn0.mock_token_b'},401,25,"{'Server': 'Werkzeug/3.1.3 Python/3.13.7', 'Date': 'Wed, 05 Nov 2025 17:42:40 GMT', 'Content-Type': 'application/json', 'Content-Length': '25', 'Connection': 'close'}",0,0,unauthorized_test,2.096473
0cc36cc6136a,2025-11-05T23:12:42.405468,user_b,102,303,/api/account/303/balance,GET,http://localhost:5002/api/account/303/balance,{'Authorization': 'Bearer eyJ0eXAiOiJKV1QiLCJhbGciOiJIUzI1NiJ9.eyJ1c2VyX2lkIjoiMTAyIn0.mock_token_b'},401,25,"{'Server': 'Werkzeug/3.1.3 Python/3.13.7', 'Date': 'Wed, 05 Nov 2025 17:42:42 GMT', 'Content-Type': 'application/json', 'Content-Length': '25', 'Connection': 'close'}",0,0,unauthorized_test,2.09969
63ecfa4ad1d1,2025-11-05T23:12:44.588302,user_b,102,304,/api/account/304/balance,POST,http://localhost:5002/api/account/304/balance,{'Authorization': 'Bearer eyJ0eXAiOiJKV1QiLCJhbGciOiJIUzI1NiJ9.eyJ1c2VyX2lkIjoiMTAyIn0.mock_token_b'},405,153,"{'Server': 'Werkzeug/3.1.3 Python/3.13.7', 'Date': 'Wed, 05 Nov 2025 17:42:44 GMT', 'Content-Type': 'text/html; charset=utf-8', 'Allow': 'GET, HEAD, OPTIONS', 'Content-Length': '153', 'Connection': 'close'}",0,0,unauthorized_test,2.079982
45b5f8676468,2025-11-05T23:12:46.779060,user_b,102,305,/api/account/305/balance,POST,http://localhost:5002/api/account/305/balance,{'Authorization': 'Bearer eyJ0eXAiOiJKV1QiLCJhbGciOiJIUzI1NiJ9.eyJ1c2VyX2lkIjoiMTAyIn0.mock_token_b'},405,153,"{'Server': 'Werkzeug/3.1.3 Python/3.13.7', 'Date': 'Wed, 05 Nov 2025 17:42:46 GMT', 'Content-Type': 'text/html; charset=utf-8', 'Allow': 'GET, HEAD, OPTIONS', 'Content-Length': '153', 'Connection': 'close'}",0,0,unauthorized_test,2.08745
5f915be153ce,2025-11-05T23:12:48.944696,user_b,102,401,/api/account/401/balance,GET,http://localhost:5002/api/account/401/balance,{'Authorization': 'Bearer eyJ0eXAiOiJKV1QiLCJhbGciOiJIUzI1NiJ9.eyJ1c2VyX2lkIjoiMTAyIn0.mock_token_b'},401,25,"{'Server': 'Werkzeug/3.1.3 Python/3.13.7', 'Date': 'Wed, 05 Nov 2025 17:42:48 GMT', 'Content-Type': 'application/json', 'Content-Length': '25', 'Connection': 'close'}",0,0,unauthorized_test,2.060472
47c96a22bb37,2025-11-05T23:12:51.094631,user_b,102,402,/api/account/402/balance,POST,http://localhost:5002/api/account/402/balance,{'Authorization': 'Bearer eyJ0eXAiOiJKV1QiLCJhbGciOiJIUzI1NiJ9.eyJ1c2VyX2lkIjoiMTAyIn0.mock_token_b'},405,153,"{'Server': 'Werkzeug/3.1.3 Python/3.13.7', 'Date': 'Wed, 05 Nov 2025 17:42:51 GMT', 'Content-Type': 'text/html; charset=utf-8', 'Allow': 'GET, HEAD, OPTIONS', 'Content-Length': '153', 'Connection': 'close'}",0,0,unauthorized_test,2.046964
2340002401c4,2025-11-05T23:12:53.286180,user_b,102,403,/api/account/403/balance,GET,http://localhost:5002/api/account/403/balance,{'Authorization': 'Bearer eyJ0eXAiOiJKV1QiLCJhbGciOiJIUzI1NiJ9.eyJ1c2VyX2lkIjoiMTAyIn0.mock_token_b'},401,25,"{'Server': 'Werkzeug/3.1.3 Python/3.13.7', 'Date': 'Wed, 05 Nov 2025 17:42:53 GMT', 'Content-Type': 'application/json', 'Content-Length': '25', 'Connection': 'close'}",0,0,unauthorized_test,2.0808
e77398c9942a,2025-11-05T23:12:55.449851,user_b,102,404,/api/account/404/balance,GET,http://localhost:5002/api/account/404/balance,{'Authorization': 'Bearer eyJ0eXAiOiJKV1QiLCJhbGciOiJIUzI1NiJ9.eyJ1c2VyX2lkIjoiMTAyIn0.mock_token_b'},401,25,"{'Server': 'Werkzeug/3.1.3 Python/3.13.7', 'Date': 'Wed, 05 Nov 2025 17:42:55 GMT', 'Content-Type': 'application/json', 'Content-Length': '25', 'Connection': 'close'}",0,0,unauthorized_test,2.059618
1cbcdfbb972a,2025-11-05T23:12:57.623329,user_b,102,405,/api/account/405/balance,GET,http://localhost:5002/api/account/405/balance,{'Authorization': 'Bearer eyJ0eXAiOiJKV1QiLCJhbGciOiJIUzI1NiJ9.eyJ1c2VyX2lkIjoiMTAyIn0.mock_token_b'},401,25,"{'Server': 'Werkzeug/3.1.3 Python/3.13.7', 'Date': 'Wed, 05 Nov 2025 17:42:57 GMT', 'Content-Type': 'application/json', 'Content-Length': '25', 'Connection': 'close'}",0,0,unauthorized_test,2.070843
fcf0d2e35bf2,2025-11-05T23:12:59.762064,user_b,102,999,/api/account/999/balance,POST,http://localhost:5002/api/account/999/balance,{'Authorization': 'Bearer eyJ0eXAiOiJKV1QiLCJhbGciOiJIUzI1NiJ9.eyJ1c2VyX2lkIjoiMTAyIn0.mock_token_b'},405,153,"{'Server': 'Werkzeug/3.1.3 Python/3.13.7', 'Date': 'Wed, 05 Nov 2025 17:42:59 GMT', 'Content-Type': 'text/html; charset=utf-8', 'Allow': 'GET, HEAD, OPTIONS', 'Content-Length': '153', 'Connection': 'close'}",0,0,unauthorized_test,2.033233
7db1acad0f35,2025-11-05T23:13:01.958636,user_b,102,1000,/api/account/1000/balance,GET,http://localhost:5002/api/account/1000/balance,{'Authorization': 'Bearer eyJ0eXAiOiJKV1QiLCJhbGciOiJIUzI1NiJ9.eyJ1c2VyX2lkIjoiMTAyIn0.mock_token_b'},401,25,"{'Server': 'Werkzeug/3.1.3 Python/3.13.7', 'Date': 'Wed, 05 Nov 2025 17:43:01 GMT', 'Content-Type': 'application/json', 'Content-Length': '25', 'Connection': 'close'}",0,0,unauthorized_test,2.09388
f911e6708eab,2025-11-05T23:13:04.111009,user_b,102,1001,/api/account/1001/balance,POST,http://localhost:5002/api/account/1001/balance,{'Authorization': 'Bearer eyJ0eXAiOiJKV1QiLCJhbGciOiJIUzI1NiJ9.eyJ1c2VyX2lkIjoiMTAyIn0.mock_token_b'},405,153,"{'Server': 'Werkzeug/3.1.3 Python/3.13.7', 'Date': 'Wed, 05 Nov 2025 17:43:04 GMT', 'Content-Type': 'text/html; charset=utf-8', 'Allow': 'GET, HEAD, OPTIONS', 'Content-Length': '153', 'Connection': 'close'}",0,0,unauthorized_test,2.049246
71ddd2176e3b,2025-11-05T23:13:06.265376,user_b,102,-1,/api/account/-1/balance,POST,http://localhost:5002/api/account/-1/balance,{'Authorization': 'Bearer eyJ0eXAiOiJKV1QiLCJhbGciOiJIUzI1NiJ9.eyJ1c2VyX2lkIjoiMTAyIn0.mock_token_b'},405,153,"{'Server': 'Werkzeug/3.1.3 Python/3.13.7', 'Date': 'Wed, 05 Nov 2025 17:43:06 GMT', 'Content-Type': 'text/html; charset=utf-8', 'Allow': 'GET, HEAD, OPTIONS', 'Content-Length': '153', 'Connection': 'close'}",0,0,unauthorized_test,2.050123
ca87db47a00d,2025-11-05T23:13:08.444053,user_b,102,0,/api/account/0/balance,GET,http://localhost:5002/api/account/0/balance,{'Authorization': 'Bearer eyJ0eXAiOiJKV1QiLCJhbGciOiJIUzI1NiJ9.eyJ1c2VyX2lkIjoiMTAyIn0.mock_token_b'},401,25,"{'Server': 'Werkzeug/3.1.3 Python/3.13.7', 'Date': 'Wed, 05 Nov 2025 17:43:08 GMT', 'Content-Type': 'application/json', 'Content-Length': '25', 'Connection': 'close'}",0,0,unauthorized_test,2.075767
054cd3853b06,2025-11-05T23:13:10.599999,user_b,102,abc,/api/account/abc/balance,POST,http://localhost:5002/api/account/abc/balance,{'Authorization': 'Bearer eyJ0eXAiOiJKV1QiLCJhbGciOiJIUzI1NiJ9.eyJ1c2VyX2lkIjoiMTAyIn0.mock_token_b'},405,153,"{'Server': 'Werkzeug/3.1.3 Python/3.13.7', 'Date': 'Wed, 05 Nov 2025 17:43:10 GMT', 'Content-Type': 'text/html; charset=utf-8', 'Allow': 'GET, HEAD, OPTIONS', 'Content-Length': '153', 'Connection': 'close'}",0,0,unauthorized_test,2.051859
9649d22ca637,2025-11-05T23:13:12.778215,user_b,102,xyz,/api/account/xyz/balance,POST,http://localhost:5002/api/account/xyz/balance,{'Authorization': 'Bearer eyJ0eXAiOiJKV1QiLCJhbGciOiJIUzI1NiJ9.eyJ1c2VyX2lkIjoiMTAyIn0.mock_token_b'},405,153,"{'Server': 'Werkzeug/3.1.3 Python/3.13.7', 'Date': 'Wed, 05 Nov 2025 17:43:12 GMT', 'Content-Type': 'text/html; charset=utf-8', 'Allow': 'GET, HEAD, OPTIONS', 'Content-Length': '153', 'Connection': 'close'}",0,0,unauthorized_test,2.071274
59f8139a2d0e,2025-11-05T23:13:14.952553,user_b,102,../../../etc/passwd,/api/account/../../../etc/passwd/balance,POST,http://localhost:5002/etc/passwd/balance,{'Authorization': 'Bearer eyJ0eXAiOiJKV1QiLCJhbGciOiJIUzI1NiJ9.eyJ1c2VyX2lkIjoiMTAyIn0.mock_token_b'},404,31,"{'Server': 'Werkzeug/3.1.3 Python/3.13.7', 'Date': 'Wed, 05 Nov 2025 17:43:14 GMT', 'Content-Type': 'application/json', 'Content-Length': '31', 'Connection': 'close'}",0,0,unauthorized_test,2.071863
d25844413bac,2025-11-05T23:13:17.133169,user_b,102,' OR '1'='1,/api/account/' OR '1'='1/balance,POST,http://localhost:5002/api/account/' OR '1'='1/balance,{'Authorization': 'Bearer eyJ0eXAiOiJKV1QiLCJhbGciOiJIUzI1NiJ9.eyJ1c2VyX2lkIjoiMTAyIn0.mock_token_b'},405,153,"{'Server': 'Werkzeug/3.1.3 Python/3.13.7', 'Date': 'Wed, 05 Nov 2025 17:43:17 GMT', 'Content-Type': 'text/html; charset=utf-8', 'Allow': 'GET, HEAD, OPTIONS', 'Content-Length': '153', 'Connection': 'close'}",0,0,unauthorized_test,2.075269
058beab387fb,2025-11-05T23:13:19.354361,user_b,102,101,/settings?user_id=101,GET,http://localhost:5002/settings?user_id=101,{'Authorization': 'Bearer eyJ0eXAiOiJKV1QiLCJhbGciOiJIUzI1NiJ9.eyJ1c2VyX2lkIjoiMTAyIn0.mock_token_b'},401,25,"{'Server': 'Werkzeug/3.1.3 Python/3.13.7', 'Date': 'Wed, 05 Nov 2025 17:43:19 GMT', 'Content-Type': 'application/json', 'Content-Length': '25', 'Connection': 'close'}",0,0,unauthorized_test,2.11898
bdd8a93188ef,2025-11-05T23:13:21.567836,user_b,102,103,/settings?user_id=103,GET,http://localhost:5002/settings?user_id=103,{'Authorization': 'Bearer eyJ0eXAiOiJKV1QiLCJhbGciOiJIUzI1NiJ9.eyJ1c2VyX2lkIjoiMTAyIn0.mock_token_b'},401,25,"{'Server': 'Werkzeug/3.1.3 Python/3.13.7', 'Date': 'Wed, 05 Nov 2025 17:43:21 GMT', 'Content-Type': 'application/json', 'Content-Length': '25', 'Connection': 'close'}",0,0,unauthorized_test,2.110686
31b5b60b3a2e,2025-11-05T23:13:23.774756,user_b,102,104,/settings?user_id=104,GET,http://localhost:5002/settings?user_id=104,{'Authorization': 'Bearer eyJ0eXAiOiJKV1QiLCJhbGciOiJIUzI1NiJ9.eyJ1c2VyX2lkIjoiMTAyIn0.mock_token_b'},401,25,"{'Server': 'Werkzeug/3.1.3 Python/3.13.7', 'Date': 'Wed, 05 Nov 2025 17:43:23 GMT', 'Content-Type': 'application/json', 'Content-Length': '25', 'Connection': 'close'}",0,0,unauthorized_test,2.102894
1a5260b45dd4,2025-11-05T23:13:25.944172,user_b,102,105,/settings?user_id=105,GET,http://localhost:5002/settings?user_id=105,{'Authorization': 'Bearer eyJ0eXAiOiJKV1QiLCJhbGciOiJIUzI1NiJ9.eyJ1c2VyX2lkIjoiMTAyIn0.mock_token_b'},401,25,"{'Server': 'Werkzeug/3.1.3 Python/3.13.7', 'Date': 'Wed, 05 Nov 2025 17:43:25 GMT', 'Content-Type': 'application/json', 'Content-Length': '25', 'Connection': 'close'}",0,0,unauthorized_test,2.066166
a343e5d9eecc,2025-11-05T23:13:28.148864,user_b,102,201,/settings?user_id=201,GET,http://localhost:5002/settings?user_id=201,{'Authorization': 'Bearer eyJ0eXAiOiJKV1QiLCJhbGciOiJIUzI1NiJ9.eyJ1c2VyX2lkIjoiMTAyIn0.mock_token_b'},401,25,"{'Server': 'Werkzeug/3.1.3 Python/3.13.7', 'Date': 'Wed, 05 Nov 2025 17:43:28 GMT', 'Content-Type': 'application/json', 'Content-Length': '25', 'Connection': 'close'}",0,0,unauthorized_test,2.102388
e62dd89cd186,2025-11-05T23:13:30.346744,user_b,102,203,/settings?user_id=203,GET,http://localhost:5002/settings?user_id=203,{'Authorization': 'Bearer eyJ0eXAiOiJKV1QiLCJhbGciOiJIUzI1NiJ9.eyJ1c2VyX2lkIjoiMTAyIn0.mock_token_b'},401,25,"{'Server': 'Werkzeug/3.1.3 Python/3.13.7', 'Date': 'Wed, 05 Nov 2025 17:43:30 GMT', 'Content-Type': 'application/json', 'Content-Length': '25', 'Connection': 'close'}",0,0,unauthorized_test,2.095676
b9f0eb32015e,2025-11-05T23:13:32.530834,user_b,102,204,/settings?user_id=204,GET,http://localhost:5002/settings?user_id=204,{'Authorization': 'Bearer eyJ0eXAiOiJKV1QiLCJhbGciOiJIUzI1NiJ9.eyJ1c2VyX2lkIjoiMTAyIn0.mock_token_b'},401,25,"{'Server': 'Werkzeug/3.1.3 Python/3.13.7', 'Date': 'Wed, 05 Nov 2025 17:43:32 GMT', 'Content-Type': 'application/json', 'Content-Length': '25', 'Connection': 'close'}",0,0,unauthorized_test,2.080471
b085b1c498ba,2025-11-05T23:13:34.736136,user_b,102,205,/settings?user_id=205,GET,http://localhost:5002/settings?user_id=205,{'Authorization': 'Bearer eyJ0eXAiOiJKV1QiLCJhbGciOiJIUzI1NiJ9.eyJ1c2VyX2lkIjoiMTAyIn0.mock_token_b'},401,25,"{'Server': 'Werkzeug/3.1.3 Python/3.13.7', 'Date': 'Wed, 05 Nov 2025 17:43:34 GMT', 'Content-Type': 'application/json', 'Content-Length': '25', 'Connection': 'close'}",0,0,unauthorized_test,2.095473
3e2e7a8b8df8,2025-11-05T23:13:36.920537,user_b,102,301,/settings?user_id=301,GET,http://localhost:5002/settings?user_id=301,{'Authorization': 'Bearer eyJ0eXAiOiJKV1QiLCJhbGciOiJIUzI1NiJ9.eyJ1c2VyX2lkIjoiMTAyIn0.mock_token_b'},401,25,"{'Server': 'Werkzeug/3.1.3 Python/3.13.7', 'Date': 'Wed, 05 Nov 2025 17:43:36 GMT', 'Content-Type': 'application/json', 'Content-Length': '25', 'Connection': 'close'}",0,0,unauthorized_test,2.080131
41b12ce2478b,2025-11-05T23:13:39.108480,user_b,102,303,/settings?user_id=303,GET,http://localhost:5002/settings?user_id=303,{'Authorization': 'Bearer eyJ0eXAiOiJKV1QiLCJhbGciOiJIUzI1NiJ9.eyJ1c2VyX2lkIjoiMTAyIn0.mock_token_b'},401,25,"{'Server': 'Werkzeug/3.1.3 Python/3.13.7', 'Date': 'Wed, 05 Nov 2025 17:43:39 GMT', 'Content-Type': 'application/json', 'Content-Length': '25', 'Connection': 'close'}",0,0,unauthorized_test,2.081787
781bde48366e,2025-11-05T23:13:41.311491,user_b,102,304,/settings?user_id=304,GET,http://localhost:5002/settings?user_id=304,{'Authorization': 'Bearer eyJ0eXAiOiJKV1QiLCJhbGciOiJIUzI1NiJ9.eyJ1c2VyX2lkIjoiMTAyIn0.mock_token_b'},401,25,"{'Server': 'Werkzeug/3.1.3 Python/3.13.7', 'Date': 'Wed, 05 Nov 2025 17:43:41 GMT', 'Content-Type': 'application/json', 'Content-Length': '25', 'Connection': 'close'}",0,0,unauthorized_test,2.099614
4429daf86d46,2025-11-05T23:13:43.509461,user_b,102,305,/settings?user_id=305,GET,http://localhost:5002/settings?user_id=305,{'Authorization': 'Bearer eyJ0eXAiOiJKV1QiLCJhbGciOiJIUzI1NiJ9.eyJ1c2VyX2lkIjoiMTAyIn0.mock_token_b'},401,25,"{'Server': 'Werkzeug/3.1.3 Python/3.13.7', 'Date': 'Wed, 05 Nov 2025 17:43:43 GMT', 'Content-Type': 'application/json', 'Content-Length': '25', 'Connection': 'close'}",0,0,unauthorized_test,2.092318
3a6dbb776ac4,2025-11-05T23:13:45.686730,user_b,102,401,/settings?user_id=401,GET,http://localhost:5002/settings?user_id=401,{'Authorization': 'Bearer eyJ0eXAiOiJKV1QiLCJhbGciOiJIUzI1NiJ9.eyJ1c2VyX2lkIjoiMTAyIn0.mock_token_b'},401,25,"{'Server': 'Werkzeug/3.1.3 Python/3.13.7', 'Date': 'Wed, 05 Nov 2025 17:43:45 GMT', 'Content-Type': 'application/json', 'Content-Length': '25', 'Connection': 'close'}",0,0,unauthorized_test,2.07436
ab673c217749,2025-11-05T23:13:47.861641,user_b,102,402,/settings?user_id=402,GET,http://localhost:5002/settings?user_id=402,{'Authorization': 'Bearer eyJ0eXAiOiJKV1QiLCJhbGciOiJIUzI1NiJ9.eyJ1c2VyX2lkIjoiMTAyIn0.mock_token_b'},401,25,"{'Server': 'Werkzeug/3.1.3 Python/3.13.7', 'Date': 'Wed, 05 Nov 2025 17:43:47 GMT', 'Content-Type': 'application/json', 'Content-Length': '25', 'Connection': 'close'}",0,0,unauthorized_test,2.072009
544d4e010677,2025-11-05T23:13:50.070181,user_b,102,403,/settings?user_id=403,GET,http://localhost:5002/settings?user_id=403,{'Authorization': 'Bearer eyJ0eXAiOiJKV1QiLCJhbGciOiJIUzI1NiJ9.eyJ1c2VyX2lkIjoiMTAyIn0.mock_token_b'},401,25,"{'Server': 'Werkzeug/3.1.3 Python/3.13.7', 'Date': 'Wed, 05 Nov 2025 17:43:50 GMT', 'Content-Type': 'application/json', 'Content-Length': '25', 'Connection': 'close'}",0,0,unauthorized_test,2.106807
4e54ed2ddd59,2025-11-05T23:13:52.277236,user_b,102,404,/settings?user_id=404,GET,http://localhost:5002/settings?user_id=404,{'Authorization': 'Bearer eyJ0eXAiOiJKV1QiLCJhbGciOiJIUzI1NiJ9.eyJ1c2VyX2lkIjoiMTAyIn0.mock_token_b'},401,25,"{'Server': 'Werkzeug/3.1.3 Python/3.13.7', 'Date': 'Wed, 05 Nov 2025 17:43:52 GMT', 'Content-Type': 'application/json', 'Content-Length': '25', 'Connection': 'close'}",0,0,unauthorized_test,2.104875
80274959c8b3,2025-11-05T23:13:54.431131,user_b,102,405,/settings?user_id=405,GET,http://localhost:5002/settings?user_id=405,{'Authorization': 'Bearer eyJ0eXAiOiJKV1QiLCJhbGciOiJIUzI1NiJ9.eyJ1c2VyX2lkIjoiMTAyIn0.mock_token_b'},401,25,"{'Server': 'Werkzeug/3.1.3 Python/3.13.7', 'Date': 'Wed, 05 Nov 2025 17:43:54 GMT', 'Content-Type': 'application/json', 'Content-Length': '25', 'Connection': 'close'}",0,0,unauthorized_test,2.051655
a37eb0280de9,2025-11-05T23:13:56.654473,user_b,102,999,/settings?user_id=999,GET,http://localhost:5002/settings?user_id=999,{'Authorization': 'Bearer eyJ0eXAiOiJKV1QiLCJhbGciOiJIUzI1NiJ9.eyJ1c2VyX2lkIjoiMTAyIn0.mock_token_b'},401,25,"{'Server': 'Werkzeug/3.1.3 Python/3.13.7', 'Date': 'Wed, 05 Nov 2025 17:43:56 GMT', 'Content-Type': 'application/json', 'Content-Length': '25', 'Connection': 'close'}",0,0,unauthorized_test,2.116554
00cca988158e,2025-11-05T23:13:58.880382,user_b,102,1000,/settings?user_id=1000,GET,http://localhost:5002/settings?user_id=1000,{'Authorization': 'Bearer eyJ0eXAiOiJKV1QiLCJhbGciOiJIUzI1NiJ9.eyJ1c2VyX2lkIjoiMTAyIn0.mock_token_b'},401,25,"{'Server': 'Werkzeug/3.1.3 Python/3.13.7', 'Date': 'Wed, 05 Nov 2025 17:43:58 GMT', 'Content-Type': 'application/json', 'Content-Length': '25', 'Connection': 'close'}",0,0,unauthorized_test,2.122032
f7c258aae474,2025-11-05T23:14:01.068969,user_b,102,1001,/settings?user_id=1001,GET,http://localhost:5002/settings?user_id=1001,{'Authorization': 'Bearer eyJ0eXAiOiJKV1QiLCJhbGciOiJIUzI1NiJ9.eyJ1c2VyX2lkIjoiMTAyIn0.mock_token_b'},401,25,"{'Server': 'Werkzeug/3.1.3 Python/3.13.7', 'Date': 'Wed, 05 Nov 2025 17:44:01 GMT', 'Content-Type': 'application/json', 'Content-Length': '25', 'Connection': 'close'}",0,0,unauthorized_test,2.08509
0d054ccc2f78,2025-11-05T23:14:03.281893,user_b,102,-1,/settings?user_id=-1,GET,http://localhost:5002/settings?user_id=-1,{'Authorization': 'Bearer eyJ0eXAiOiJKV1QiLCJhbGciOiJIUzI1NiJ9.eyJ1c2VyX2lkIjoiMTAyIn0.mock_token_b'},401,25,"{'Server': 'Werkzeug/3.1.3 Python/3.13.7', 'Date': 'Wed, 05 Nov 2025 17:44:03 GMT', 'Content-Type': 'application/json', 'Content-Length': '25', 'Connection': 'close'}",0,0,unauthorized_test,2.105868
9c2eda569b8a,2025-11-05T23:14:05.494632,user_b,102,0,/settings?user_id=0,GET,http://localhost:5002/settings?user_id=0,{'Authorization': 'Bearer eyJ0eXAiOiJKV1QiLCJhbGciOiJIUzI1NiJ9.eyJ1c2VyX2lkIjoiMTAyIn0.mock_token_b'},401,25,"{'Server': 'Werkzeug/3.1.3 Python/3.13.7', 'Date': 'Wed, 05 Nov 2025 17:44:05 GMT', 'Content-Type': 'application/json', 'Content-Length': '25', 'Connection': 'close'}",0,0,unauthorized_test,2.109549
b482bb52ce6b,2025-11-05T23:14:07.689651,user_b,102,abc,/settings?user_id=abc,GET,http://localhost:5002/settings?user_id=abc,{'Authorization': 'Bearer eyJ0eXAiOiJKV1QiLCJhbGciOiJIUzI1NiJ9.eyJ1c2VyX2lkIjoiMTAyIn0.mock_token_b'},401,25,"{'Server': 'Werkzeug/3.1.3 Python/3.13.7', 'Date': 'Wed, 05 Nov 2025 17:44:07 GMT', 'Content-Type': 'application/json', 'Content-Length': '25', 'Connection': 'close'}",0,0,unauthorized_test,2.093091
d7b63344865b,2025-11-05T23:14:09.898346,user_b,102,xyz,/settings?user_id=xyz,GET,http://localhost:5002/settings?user_id=xyz,{'Authorization': 'Bearer eyJ0eXAiOiJKV1QiLCJhbGciOiJIUzI1NiJ9.eyJ1c2VyX2lkIjoiMTAyIn0.mock_token_b'},401,25,"{'Server': 'Werkzeug/3.1.3 Python/3.13.7', 'Date': 'Wed, 05 Nov 2025 17:44:09 GMT', 'Content-Type': 'application/json', 'Content-Length': '25', 'Connection': 'close'}",0,0,unauthorized_test,2.105624
73ed7118ab2d,2025-11-05T23:14:12.116372,user_b,102,../../../etc/passwd,/settings?user_id=../../../etc/passwd,GET,http://localhost:5002/settings?user_id=../../../etc/passwd,{'Authorization': 'Bearer eyJ0eXAiOiJKV1QiLCJhbGciOiJIUzI1NiJ9.eyJ1c2VyX2lkIjoiMTAyIn0.mock_token_b'},401,25,"{'Server': 'Werkzeug/3.1.3 Python/3.13.7', 'Date': 'Wed, 05 Nov 2025 17:44:12 GMT', 'Content-Type': 'application/json', 'Content-Length': '25', 'Connection': 'close'}",0,0,unauthorized_test,2.114715
b93ab582bb40,2025-11-05T23:14:14.293814,user_b,102,' OR '1'='1,/settings?user_id=' OR '1'='1,GET,http://localhost:5002/settings?user_id=' OR '1'='1,{'Authorization': 'Bearer eyJ0eXAiOiJKV1QiLCJhbGciOiJIUzI1NiJ9.eyJ1c2VyX2lkIjoiMTAyIn0.mock_token_b'},401,25,"{'Server': 'Werkzeug/3.1.3 Python/3.13.7', 'Date': 'Wed, 05 Nov 2025 17:44:14 GMT', 'Content-Type': 'application/json', 'Content-Length': '25', 'Connection': 'close'}",0,0,unauthorized_test,2.073989
a7cdb5578b3d,2025-11-05T23:14:16.536424,user_b,102,101,/messages/101/view,GET,http://localhost:5002/messages/101/view,{'Authorization': 'Bearer eyJ0eXAiOiJKV1QiLCJhbGciOiJIUzI1NiJ9.eyJ1c2VyX2lkIjoiMTAyIn0.mock_token_b'},401,25,"{'Server': 'Werkzeug/3.1.3 Python/3.13.7', 'Date': 'Wed, 05 Nov 2025 17:44:16 GMT', 'Content-Type': 'application/json', 'Content-Length': '25', 'Connection': 'close'}",0,0,unauthorized_test,2.138604
87812aaa06f6,2025-11-05T23:14:18.747906,user_b,102,103,/messages/103/view,GET,http://localhost:5002/messages/103/view,{'Authorization': 'Bearer eyJ0eXAiOiJKV1QiLCJhbGciOiJIUzI1NiJ9.eyJ1c2VyX2lkIjoiMTAyIn0.mock_token_b'},401,25,"{'Server': 'Werkzeug/3.1.3 Python/3.13.7', 'Date': 'Wed, 05 Nov 2025 17:44:18 GMT', 'Content-Type': 'application/json', 'Content-Length': '25', 'Connection': 'close'}",0,0,unauthorized_test,2.1095
a6c61c7c1efc,2025-11-05T23:14:20.967884,user_b,102,104,/messages/104/view,GET,http://localhost:5002/messages/104/view,{'Authorization': 'Bearer eyJ0eXAiOiJKV1QiLCJhbGciOiJIUzI1NiJ9.eyJ1c2VyX2lkIjoiMTAyIn0.mock_token_b'},401,25,"{'Server': 'Werkzeug/3.1.3 Python/3.13.7', 'Date': 'Wed, 05 Nov 2025 17:44:20 GMT', 'Content-Type': 'application/json', 'Content-Length': '25', 'Connection': 'close'}",0,0,unauthorized_test,2.118031
ce0d4d091026,2025-11-05T23:14:23.167423,user_b,102,105,/messages/105/view,GET,http://localhost:5002/messages/105/view,{'Authorization': 'Bearer eyJ0eXAiOiJKV1QiLCJhbGciOiJIUzI1NiJ9.eyJ1c2VyX2lkIjoiMTAyIn0.mock_token_b'},401,25,"{'Server': 'Werkzeug/3.1.3 Python/3.13.7', 'Date': 'Wed, 05 Nov 2025 17:44:23 GMT', 'Content-Type': 'application/json', 'Content-Length': '25', 'Connection': 'close'}",0,0,unauthorized_test,2.097787
124d82e7262e,2025-11-05T23:14:25.379903,user_b,102,201,/messages/201/view,GET,http://localhost:5002/messages/201/view,{'Authorization': 'Bearer eyJ0eXAiOiJKV1QiLCJhbGciOiJIUzI1NiJ9.eyJ1c2VyX2lkIjoiMTAyIn0.mock_token_b'},401,25,"{'Server': 'Werkzeug/3.1.3 Python/3.13.7', 'Date': 'Wed, 05 Nov 2025 17:44:25 GMT', 'Content-Type': 'application/json', 'Content-Length': '25', 'Connection': 'close'}",0,0,unauthorized_test,2.110704
96aa5859dd1c,2025-11-05T23:14:27.584704,user_b,102,203,/messages/203/view,GET,http://localhost:5002/messages/203/view,{'Authorization': 'Bearer eyJ0eXAiOiJKV1QiLCJhbGciOiJIUzI1NiJ9.eyJ1c2VyX2lkIjoiMTAyIn0.mock_token_b'},401,25,"{'Server': 'Werkzeug/3.1.3 Python/3.13.7', 'Date': 'Wed, 05 Nov 2025 17:44:27 GMT', 'Content-Type': 'application/json', 'Content-Length': '25', 'Connection': 'close'}",0,0,unauthorized_test,2.101825
9b1c2bf42ff7,2025-11-05T23:14:29.772752,user_b,102,204,/messages/204/view,GET,http://localhost:5002/messages/204/view,{'Authorization': 'Bearer eyJ0eXAiOiJKV1QiLCJhbGciOiJIUzI1NiJ9.eyJ1c2VyX2lkIjoiMTAyIn0.mock_token_b'},401,25,"{'Server': 'Werkzeug/3.1.3 Python/3.13.7', 'Date': 'Wed, 05 Nov 2025 17:44:29 GMT', 'Content-Type': 'application/json', 'Content-Length': '25', 'Connection': 'close'}",0,0,unauthorized_test,2.084393
8caa4ae4bb0a,2025-11-05T23:14:31.971734,user_b,102,205,/messages/205/view,GET,http://localhost:5002/messages/205/view,{'Authorization': 'Bearer eyJ0eXAiOiJKV1QiLCJhbGciOiJIUzI1NiJ9.eyJ1c2VyX2lkIjoiMTAyIn0.mock_token_b'},401,25,"{'Server': 'Werkzeug/3.1.3 Python/3.13.7', 'Date': 'Wed, 05 Nov 2025 17:44:31 GMT', 'Content-Type': 'application/json', 'Content-Length': '25', 'Connection': 'close'}",0,0,unauthorized_test,2.094068
4b1cc68271f7,2025-11-05T23:14:34.164451,user_b,102,301,/messages/301/view,GET,http://localhost:5002/messages/301/view,{'Authorization': 'Bearer eyJ0eXAiOiJKV1QiLCJhbGciOiJIUzI1NiJ9.eyJ1c2VyX2lkIjoiMTAyIn0.mock_token_b'},401,25,"{'Server': 'Werkzeug/3.1.3 Python/3.13.7', 'Date': 'Wed, 05 Nov 2025 17:44:34 GMT', 'Content-Type': 'application/json', 'Content-Length': '25', 'Connection': 'close'}",0,0,unauthorized_test,2.087117
2d21b58da27e,2025-11-05T23:14:36.386652,user_b,102,303,/messages/303/view,GET,http://localhost:5002/messages/303/view,{'Authorization': 'Bearer eyJ0eXAiOiJKV1QiLCJhbGciOiJIUzI1NiJ9.eyJ1c2VyX2lkIjoiMTAyIn0.mock_token_b'},401,25,"{'Server': 'Werkzeug/3.1.3 Python/3.13.7', 'Date': 'Wed, 05 Nov 2025 17:44:36 GMT', 'Content-Type': 'application/json', 'Content-Length': '25', 'Connection': 'close'}",0,0,unauthorized_test,2.119107
534468d7a8ad,2025-11-05T23:14:38.587956,user_b,102,304,/messages/304/view,GET,http://localhost:5002/messages/304/view,{'Authorization': 'Bearer eyJ0eXAiOiJKV1QiLCJhbGciOiJIUzI1NiJ9.eyJ1c2VyX2lkIjoiMTAyIn0.mock_token_b'},401,25,"{'Server': 'Werkzeug/3.1.3 Python/3.13.7', 'Date': 'Wed, 05 Nov 2025 17:44:38 GMT', 'Content-Type': 'application/json', 'Content-Length': '25', 'Connection': 'close'}",0,0,unauthorized_test,2.09597
0d6887c91a63,2025-11-05T23:14:40.803596,user_b,102,305,/messages/305/view,GET,http://localhost:5002/messages/305/view,{'Authorization': 'Bearer eyJ0eXAiOiJKV1QiLCJhbGciOiJIUzI1NiJ9.eyJ1c2VyX2lkIjoiMTAyIn0.mock_token_b'},401,25,"{'Server': 'Werkzeug/3.1.3 Python/3.13.7', 'Date': 'Wed, 05 Nov 2025 17:44:40 GMT', 'Content-Type': 'application/json', 'Content-Length': '25', 'Connection': 'close'}",0,0,unauthorized_test,2.11184
9da07fe05315,2025-11-05T23:14:42.958765,user_b,102,401,/messages/401/view,GET,http://localhost:5002/messages/401/view,{'Authorization': 'Bearer eyJ0eXAiOiJKV1QiLCJhbGciOiJIUzI1NiJ9.eyJ1c2VyX2lkIjoiMTAyIn0.mock_token_b'},401,25,"{'Server': 'Werkzeug/3.1.3 Python/3.13.7', 'Date': 'Wed, 05 Nov 2025 17:44:42 GMT', 'Content-Type': 'application/json', 'Content-Length': '25', 'Connection': 'close'}",0,0,unauthorized_test,2.050916
465d1192743f,2025-11-05T23:14:45.167325,user_b,102,402,/messages/402/view,GET,http://localhost:5002/messages/402/view,{'Authorization': 'Bearer eyJ0eXAiOiJKV1QiLCJhbGciOiJIUzI1NiJ9.eyJ1c2VyX2lkIjoiMTAyIn0.mock_token_b'},401,25,"{'Server': 'Werkzeug/3.1.3 Python/3.13.7', 'Date': 'Wed, 05 Nov 2025 17:44:45 GMT', 'Content-Type': 'application/json', 'Content-Length': '25', 'Connection': 'close'}",0,0,unauthorized_test,2.106481
0fe1e88313ce,2025-11-05T23:14:47.357848,user_b,102,403,/messages/403/view,GET,http://localhost:5002/messages/403/view,{'Authorization': 'Bearer eyJ0eXAiOiJKV1QiLCJhbGciOiJIUzI1NiJ9.eyJ1c2VyX2lkIjoiMTAyIn0.mock_token_b'},401,25,"{'Server': 'Werkzeug/3.1.3 Python/3.13.7', 'Date': 'Wed, 05 Nov 2025 17:44:47 GMT', 'Content-Type': 'application/json', 'Content-Length': '25', 'Connection': 'close'}",0,0,unauthorized_test,2.084404
18ea22b95524,2025-11-05T23:14:49.547970,user_b,102,404,/messages/404/view,GET,http://localhost:5002/messages/404/view,{'Authorization': 'Bearer eyJ0eXAiOiJKV1QiLCJhbGciOiJIUzI1NiJ9.eyJ1c2VyX2lkIjoiMTAyIn0.mock_token_b'},401,25,"{'Server': 'Werkzeug/3.1.3 Python/3.13.7', 'Date': 'Wed, 05 Nov 2025 17:44:49 GMT', 'Content-Type': 'application/json', 'Content-Length': '25', 'Connection': 'close'}",0,0,unauthorized_test,2.086778
44577892cf0d,2025-11-05T23:14:51.731956,user_b,102,405,/messages/405/view,GET,http://localhost:5002/messages/405/view,{'Authorization': 'Bearer eyJ0eXAiOiJKV1QiLCJhbGciOiJIUzI1NiJ9.eyJ1c2VyX2lkIjoiMTAyIn0.mock_token_b'},401,25,"{'Server': 'Werkzeug/3.1.3 Python/3.13.7', 'Date': 'Wed, 05 Nov 2025 17:44:51 GMT', 'Content-Type': 'application/json', 'Content-Length': '25', 'Connection': 'close'}",0,0,unauthorized_test,2.075947
7a93b412c09a,2025-11-05T23:14:53.951117,user_b,102,999,/messages/999/view,GET,http://localhost:5002/messages/999/view,{'Authorization': 'Bearer eyJ0eXAiOiJKV1QiLCJhbGciOiJIUzI1NiJ9.eyJ1c2VyX2lkIjoiMTAyIn0.mock_token_b'},401,25,"{'Server': 'Werkzeug/3.1.3 Python/3.13.7', 'Date': 'Wed, 05 Nov 2025 17:44:53 GMT', 'Content-Type': 'application/json', 'Content-Length': '25', 'Connection': 'close'}",0,0,unauthorized_test,2.111095
be71d042b994,2025-11-05T23:14:56.133864,user_b,102,1000,/messages/1000/view,GET,http://localhost:5002/messages/1000/view,{'Authorization': 'Bearer eyJ0eXAiOiJKV1QiLCJhbGciOiJIUzI1NiJ9.eyJ1c2VyX2lkIjoiMTAyIn0.mock_token_b'},401,25,"{'Server': 'Werkzeug/3.1.3 Python/3.13.7', 'Date': 'Wed, 05 Nov 2025 17:44:56 GMT', 'Content-Type': 'application/json', 'Content-Length': '25', 'Connection': 'close'}",0,0,unauthorized_test,2.080949
bd32f4641d18,2025-11-05T23:14:58.351348,user_b,102,1001,/messages/1001/view,GET,http://localhost:5002/messages/1001/view,{'Authorization': 'Bearer eyJ0eXAiOiJKV1QiLCJhbGciOiJIUzI1NiJ9.eyJ1c2VyX2lkIjoiMTAyIn0.mock_token_b'},401,25,"{'Server': 'Werkzeug/3.1.3 Python/3.13.7', 'Date': 'Wed, 05 Nov 2025 17:44:58 GMT', 'Content-Type': 'application/json', 'Content-Length': '25', 'Connection': 'close'}",0,0,unauthorized_test,2.115226
342d16960c11,2025-11-05T23:15:00.551000,user_b,102,-1,/messages/-1/view,GET,http://localhost:5002/messages/-1/view,{'Authorization': 'Bearer eyJ0eXAiOiJKV1QiLCJhbGciOiJIUzI1NiJ9.eyJ1c2VyX2lkIjoiMTAyIn0.mock_token_b'},401,25,"{'Server': 'Werkzeug/3.1.3 Python/3.13.7', 'Date': 'Wed, 05 Nov 2025 17:45:00 GMT', 'Content-Type': 'application/json', 'Content-Length': '25', 'Connection': 'close'}",0,0,unauthorized_test,2.097821
3132c6348ffc,2025-11-05T23:15:02.738340,user_b,102,0,/messages/0/view,GET,http://localhost:5002/messages/0/view,{'Authorization': 'Bearer eyJ0eXAiOiJKV1QiLCJhbGciOiJIUzI1NiJ9.eyJ1c2VyX2lkIjoiMTAyIn0.mock_token_b'},401,25,"{'Server': 'Werkzeug/3.1.3 Python/3.13.7', 'Date': 'Wed, 05 Nov 2025 17:45:02 GMT', 'Content-Type': 'application/json', 'Content-Length': '25', 'Connection': 'close'}",0,0,unauthorized_test,2.082438
918d1548b312,2025-11-05T23:15:04.913500,user_b,102,abc,/messages/abc/view,GET,http://localhost:5002/messages/abc/view,{'Authorization': 'Bearer eyJ0eXAiOiJKV1QiLCJhbGciOiJIUzI1NiJ9.eyJ1c2VyX2lkIjoiMTAyIn0.mock_token_b'},401,25,"{'Server': 'Werkzeug/3.1.3 Python/3.13.7', 'Date': 'Wed, 05 Nov 2025 17:45:04 GMT', 'Content-Type': 'application/json', 'Content-Length': '25', 'Connection': 'close'}",0,0,unauthorized_test,2.072578
edb17ebf5303,2025-11-05T23:15:07.129082,user_b,102,xyz,/messages/xyz/view,GET,http://localhost:5002/messages/xyz/view,{'Authorization': 'Bearer eyJ0eXAiOiJKV1QiLCJhbGciOiJIUzI1NiJ9.eyJ1c2VyX2lkIjoiMTAyIn0.mock_token_b'},401,25,"{'Server': 'Werkzeug/3.1.3 Python/3.13.7', 'Date': 'Wed, 05 Nov 2025 17:45:07 GMT', 'Content-Type': 'application/json', 'Content-Length': '25', 'Connection': 'close'}",0,0,unauthorized_test,2.113037
f3b6c88999c0,2025-11-05T23:15:09.308462,user_b,102,../../../etc/passwd,/messages/../../../etc/passwd/view,GET,http://localhost:5002/etc/passwd/view,{'Authorization': 'Bearer eyJ0eXAiOiJKV1QiLCJhbGciOiJIUzI1NiJ9.eyJ1c2VyX2lkIjoiMTAyIn0.mock_token_b'},404,31,"{'Server': 'Werkzeug/3.1.3 Python/3.13.7', 'Date': 'Wed, 05 Nov 2025 17:45:09 GMT', 'Content-Type': 'application/json', 'Content-Length': '31', 'Connection': 'close'}",0,0,unauthorized_test,2.077025
78f8e7dcd284,2025-11-05T23:15:11.523825,user_b,102,' OR '1'='1,/messages/' OR '1'='1/view,GET,http://localhost:5002/messages/' OR '1'='1/view,{'Authorization': 'Bearer eyJ0eXAiOiJKV1QiLCJhbGciOiJIUzI1NiJ9.eyJ1c2VyX2lkIjoiMTAyIn0.mock_token_b'},401,25,"{'Server': 'Werkzeug/3.1.3 Python/3.13.7', 'Date': 'Wed, 05 Nov 2025 17:45:11 GMT', 'Content-Type': 'application/json', 'Content-Length': '25', 'Connection': 'close'}",0,0,unauthorized_test,2.11252
080251342849,2025-11-05T23:15:13.713187,user_b,102,101,/report?report_id=101,GET,http://localhost:5002/report?report_id=101,{'Authorization': 'Bearer eyJ0eXAiOiJKV1QiLCJhbGciOiJIUzI1NiJ9.eyJ1c2VyX2lkIjoiMTAyIn0.mock_token_b'},200,186,"{'Server': 'Werkzeug/3.1.3 Python/3.13.7', 'Date': 'Wed, 05 Nov 2025 17:45:13 GMT', 'Content-Type': 'application/json', 'Content-Length': '186', 'Connection': 'close'}",0,0,unauthorized_test,2.086124
89c0149a558d,2025-11-05T23:15:15.927642,user_b,102,103,/report?report_id=103,GET,http://localhost:5002/report?report_id=103,{'Authorization': 'Bearer eyJ0eXAiOiJKV1QiLCJhbGciOiJIUzI1NiJ9.eyJ1c2VyX2lkIjoiMTAyIn0.mock_token_b'},200,187,"{'Server': 'Werkzeug/3.1.3 Python/3.13.7', 'Date': 'Wed, 05 Nov 2025 17:45:15 GMT', 'Content-Type': 'application/json', 'Content-Length': '187', 'Connection': 'close'}",0,0,unauthorized_test,2.109792
20ce8de7766f,2025-11-05T23:15:18.139313,user_b,102,104,/report?report_id=104,GET,http://localhost:5002/report?report_id=104,{'Authorization': 'Bearer eyJ0eXAiOiJKV1QiLCJhbGciOiJIUzI1NiJ9.eyJ1c2VyX2lkIjoiMTAyIn0.mock_token_b'},404,29,"{'Server': 'Werkzeug/3.1.3 Python/3.13.7', 'Date': 'Wed, 05 Nov 2025 17:45:18 GMT', 'Content-Type': 'application/json', 'Content-Length': '29', 'Connection': 'close'}",0,0,unauthorized_test,2.108997
e6331a415274,2025-11-05T23:15:20.344297,user_b,102,105,/report?report_id=105,GET,http://localhost:5002/report?report_id=105,{'Authorization': 'Bearer eyJ0eXAiOiJKV1QiLCJhbGciOiJIUzI1NiJ9.eyJ1c2VyX2lkIjoiMTAyIn0.mock_token_b'},404,29,"{'Server': 'Werkzeug/3.1.3 Python/3.13.7', 'Date': 'Wed, 05 Nov 2025 17:45:20 GMT', 'Content-Type': 'application/json', 'Content-Length': '29', 'Connection': 'close'}",0,0,unauthorized_test,2.097321
15ec81926a5b,2025-11-05T23:15:22.553247,user_b,102,201,/report?report_id=201,GET,http://localhost:5002/report?report_id=201,{'Authorization': 'Bearer eyJ0eXAiOiJKV1QiLCJhbGciOiJIUzI1NiJ9.eyJ1c2VyX2lkIjoiMTAyIn0.mock_token_b'},404,29,"{'Server': 'Werkzeug/3.1.3 Python/3.13.7', 'Date': 'Wed, 05 Nov 2025 17:45:22 GMT', 'Content-Type': 'application/json', 'Content-Length': '29', 'Connection': 'close'}",0,0,unauthorized_test,2.102796
99a39aa2e1f1,2025-11-05T23:15:24.729444,user_b,102,203,/report?report_id=203,GET,http://localhost:5002/report?report_id=203,{'Authorization': 'Bearer eyJ0eXAiOiJKV1QiLCJhbGciOiJIUzI1NiJ9.eyJ1c2VyX2lkIjoiMTAyIn0.mock_token_b'},404,29,"{'Server': 'Werkzeug/3.1.3 Python/3.13.7', 'Date': 'Wed, 05 Nov 2025 17:45:24 GMT', 'Content-Type': 'application/json', 'Content-Length': '29', 'Connection': 'close'}",0,0,unauthorized_test,2.073998
269e2a108a6f,2025-11-05T23:15:26.943584,user_b,102,204,/report?report_id=204,GET,http://localhost:5002/report?report_id=204,{'Authorization': 'Bearer eyJ0eXAiOiJKV1QiLCJhbGciOiJIUzI1NiJ9.eyJ1c2VyX2lkIjoiMTAyIn0.mock_token_b'},404,29,"{'Server': 'Werkzeug/3.1.3 Python/3.13.7', 'Date': 'Wed, 05 Nov 2025 17:45:26 GMT', 'Content-Type': 'application/json', 'Content-Length': '29', 'Connection': 'close'}",0,0,unauthorized_test,2.107955
039f6627f084,2025-11-05T23:15:29.154337,user_b,102,205,/report?report_id=205,GET,http://localhost:5002/report?report_id=205,{'Authorization': 'Bearer eyJ0eXAiOiJKV1QiLCJhbGciOiJIUzI1NiJ9.eyJ1c2VyX2lkIjoiMTAyIn0.mock_token_b'},404,29,"{'Server': 'Werkzeug/3.1.3 Python/3.13.7', 'Date': 'Wed, 05 Nov 2025 17:45:29 GMT', 'Content-Type': 'application/json', 'Content-Length': '29', 'Connection': 'close'}",0,0,unauthorized_test,2.108135
e624fb126ae7,2025-11-05T23:15:31.320605,user_b,102,301,/report?report_id=301,GET,http://localhost:5002/report?report_id=301,{'Authorization': 'Bearer eyJ0eXAiOiJKV1QiLCJhbGciOiJIUzI1NiJ9.eyJ1c2VyX2lkIjoiMTAyIn0.mock_token_b'},404,29,"{'Server': 'Werkzeug/3.1.3 Python/3.13.7', 'Date': 'Wed, 05 Nov 2025 17:45:31 GMT', 'Content-Type': 'application/json', 'Content-Length': '29', 'Connection': 'close'}",0,0,unauthorized_test,2.063744
f36c568cb1fb,2025-11-05T23:15:33.497104,user_b,102,303,/report?report_id=303,GET,http://localhost:5002/report?report_id=303,{'Authorization': 'Bearer eyJ0eXAiOiJKV1QiLCJhbGciOiJIUzI1NiJ9.eyJ1c2VyX2lkIjoiMTAyIn0.mock_token_b'},404,29,"{'Server': 'Werkzeug/3.1.3 Python/3.13.7', 'Date': 'Wed, 05 Nov 2025 17:45:33 GMT', 'Content-Type': 'application/json', 'Content-Length': '29', 'Connection': 'close'}",0,0,unauthorized_test,2.074041
a395c787940d,2025-11-05T23:15:35.692874,user_b,102,304,/report?report_id=304,GET,http://localhost:5002/report?report_id=304,{'Authorization': 'Bearer eyJ0eXAiOiJKV1QiLCJhbGciOiJIUzI1NiJ9.eyJ1c2VyX2lkIjoiMTAyIn0.mock_token_b'},404,29,"{'Server': 'Werkzeug/3.1.3 Python/3.13.7', 'Date': 'Wed, 05 Nov 2025 17:45:35 GMT', 'Content-Type': 'application/json', 'Content-Length': '29', 'Connection': 'close'}",0,0,unauthorized_test,2.093704
ccb055147d16,2025-11-05T23:15:37.890917,user_b,102,305,/report?report_id=305,GET,http://localhost:5002/report?report_id=305,{'Authorization': 'Bearer eyJ0eXAiOiJKV1QiLCJhbGciOiJIUzI1NiJ9.eyJ1c2VyX2lkIjoiMTAyIn0.mock_token_b'},404,29,"{'Server': 'Werkzeug/3.1.3 Python/3.13.7', 'Date': 'Wed, 05 Nov 2025 17:45:37 GMT', 'Content-Type': 'application/json', 'Content-Length': '29', 'Connection': 'close'}",0,0,unauthorized_test,2.096105
579bdf89f97f,2025-11-05T23:15:40.101764,user_b,102,401,/report?report_id=401,GET,http://localhost:5002/report?report_id=401,{'Authorization': 'Bearer eyJ0eXAiOiJKV1QiLCJhbGciOiJIUzI1NiJ9.eyJ1c2VyX2lkIjoiMTAyIn0.mock_token_b'},404,29,"{'Server': 'Werkzeug/3.1.3 Python/3.13.7', 'Date': 'Wed, 05 Nov 2025 17:45:40 GMT', 'Content-Type': 'application/json', 'Content-Length': '29', 'Connection': 'close'}",0,0,unauthorized_test,2.108339
170263857325,2025-11-05T23:15:42.294813,user_b,102,402,/report?report_id=402,GET,http://localhost:5002/report?report_id=402,{'Authorization': 'Bearer eyJ0eXAiOiJKV1QiLCJhbGciOiJIUzI1NiJ9.eyJ1c2VyX2lkIjoiMTAyIn0.mock_token_b'},404,29,"{'Server': 'Werkzeug/3.1.3 Python/3.13.7', 'Date': 'Wed, 05 Nov 2025 17:45:42 GMT', 'Content-Type': 'application/json', 'Content-Length': '29', 'Connection': 'close'}",0,0,unauthorized_test,2.089661
959da85fc8dd,2025-11-05T23:15:44.520912,user_b,102,403,/report?report_id=403,GET,http://localhost:5002/report?report_id=403,{'Authorization': 'Bearer eyJ0eXAiOiJKV1QiLCJhbGciOiJIUzI1NiJ9.eyJ1c2VyX2lkIjoiMTAyIn0.mock_token_b'},404,29,"{'Server': 'Werkzeug/3.1.3 Python/3.13.7', 'Date': 'Wed, 05 Nov 2025 17:45:44 GMT', 'Content-Type': 'application/json', 'Content-Length': '29', 'Connection': 'close'}",0,0,unauthorized_test,2.120009
2e20e8127d59,2025-11-05T23:15:46.721638,user_b,102,404,/report?report_id=404,GET,http://localhost:5002/report?report_id=404,{'Authorization': 'Bearer eyJ0eXAiOiJKV1QiLCJhbGciOiJIUzI1NiJ9.eyJ1c2VyX2lkIjoiMTAyIn0.mock_token_b'},404,29,"{'Server': 'Werkzeug/3.1.3 Python/3.13.7', 'Date': 'Wed, 05 Nov 2025 17:45:46 GMT', 'Content-Type': 'application/json', 'Content-Length': '29', 'Connection': 'close'}",0,0,unauthorized_test,2.094953
9a35fb6e6ad4,2025-11-05T23:15:48.919277,user_b,102,405,/report?report_id=405,GET,http://localhost:5002/report?report_id=405,{'Authorization': 'Bearer eyJ0eXAiOiJKV1QiLCJhbGciOiJIUzI1NiJ9.eyJ1c2VyX2lkIjoiMTAyIn0.mock_token_b'},404,29,"{'Server': 'Werkzeug/3.1.3 Python/3.13.7', 'Date': 'Wed, 05 Nov 2025 17:45:48 GMT', 'Content-Type': 'application/json', 'Content-Length': '29', 'Connection': 'close'}",0,0,unauthorized_test,2.090327
4dd01f77f4ea,2025-11-05T23:15:51.140700,user_b,102,999,/report?report_id=999,GET,http://localhost:5002/report?report_id=999,{'Authorization': 'Bearer eyJ0eXAiOiJKV1QiLCJhbGciOiJIUzI1NiJ9.eyJ1c2VyX2lkIjoiMTAyIn0.mock_token_b'},404,29,"{'Server': 'Werkzeug/3.1.3 Python/3.13.7', 'Date': 'Wed, 05 Nov 2025 17:45:51 GMT', 'Content-Type': 'application/json', 'Content-Length': '29', 'Connection': 'close'}",0,0,unauthorized_test,2.11945
6ec4be536573,2025-11-05T23:15:53.360750,user_b,102,1000,/report?report_id=1000,GET,http://localhost:5002/report?report_id=1000,{'Authorization': 'Bearer eyJ0eXAiOiJKV1QiLCJhbGciOiJIUzI1NiJ9.eyJ1c2VyX2lkIjoiMTAyIn0.mock_token_b'},404,29,"{'Server': 'Werkzeug/3.1.3 Python/3.13.7', 'Date': 'Wed, 05 Nov 2025 17:45:53 GMT', 'Content-Type': 'application/json', 'Content-Length': '29', 'Connection': 'close'}",0,0,unauthorized_test,2.118438
08f1c6bb61c0,2025-11-05T23:15:55.566761,user_b,102,1001,/report?report_id=1001,GET,http://localhost:5002/report?report_id=1001,{'Authorization': 'Bearer eyJ0eXAiOiJKV1QiLCJhbGciOiJIUzI1NiJ9.eyJ1c2VyX2lkIjoiMTAyIn0.mock_token_b'},404,29,"{'Server': 'Werkzeug/3.1.3 Python/3.13.7', 'Date': 'Wed, 05 Nov 2025 17:45:55 GMT', 'Content-Type': 'application/json', 'Content-Length': '29', 'Connection': 'close'}",0,0,unauthorized_test,2.103942
1654d82a755d,2025-11-05T23:15:57.801514,user_b,102,-1,/report?report_id=-1,GET,http://localhost:5002/report?report_id=-1,{'Authorization': 'Bearer eyJ0eXAiOiJKV1QiLCJhbGciOiJIUzI1NiJ9.eyJ1c2VyX2lkIjoiMTAyIn0.mock_token_b'},404,29,"{'Server': 'Werkzeug/3.1.3 Python/3.13.7', 'Date': 'Wed, 05 Nov 2025 17:45:57 GMT', 'Content-Type': 'application/json', 'Content-Length': '29', 'Connection': 'close'}",0,0,unauthorized_test,2.12848
be63722ba6ff,2025-11-05T23:15:59.978917,user_b,102,0,/report?report_id=0,GET,http://localhost:5002/report?report_id=0,{'Authorization': 'Bearer eyJ0eXAiOiJKV1QiLCJhbGciOiJIUzI1NiJ9.eyJ1c2VyX2lkIjoiMTAyIn0.mock_token_b'},404,29,"{'Server': 'Werkzeug/3.1.3 Python/3.13.7', 'Date': 'Wed, 05 Nov 2025 17:45:59 GMT', 'Content-Type': 'application/json', 'Content-Length': '29', 'Connection': 'close'}",0,0,unauthorized_test,2.07498
6de277b108d0,2025-11-05T23:16:02.202418,user_b,102,abc,/report?report_id=abc,GET,http://localhost:5002/report?report_id=abc,{'Authorization': 'Bearer eyJ0eXAiOiJKV1QiLCJhbGciOiJIUzI1NiJ9.eyJ1c2VyX2lkIjoiMTAyIn0.mock_token_b'},404,29,"{'Server': 'Werkzeug/3.1.3 Python/3.13.7', 'Date': 'Wed, 05 Nov 2025 17:46:02 GMT', 'Content-Type': 'application/json', 'Content-Length': '29', 'Connection': 'close'}",0,0,unauthorized_test,2.121075
d05298e5a62a,2025-11-05T23:16:04.408473,user_b,102,xyz,/report?report_id=xyz,GET,http://localhost:5002/report?report_id=xyz,{'Authorization': 'Bearer eyJ0eXAiOiJKV1QiLCJhbGciOiJIUzI1NiJ9.eyJ1c2VyX2lkIjoiMTAyIn0.mock_token_b'},404,29,"{'Server': 'Werkzeug/3.1.3 Python/3.13.7', 'Date': 'Wed, 05 Nov 2025 17:46:04 GMT', 'Content-Type': 'application/json', 'Content-Length': '29', 'Connection': 'close'}",0,0,unauthorized_test,2.100469
3c692e6bf944,2025-11-05T23:16:06.603892,user_b,102,../../../etc/passwd,/report?report_id=../../../etc/passwd,GET,http://localhost:5002/report?report_id=../../../etc/passwd,{'Authorization': 'Bearer eyJ0eXAiOiJKV1QiLCJhbGciOiJIUzI1NiJ9.eyJ1c2VyX2lkIjoiMTAyIn0.mock_token_b'},404,29,"{'Server': 'Werkzeug/3.1.3 Python/3.13.7', 'Date': 'Wed, 05 Nov 2025 17:46:06 GMT', 'Content-Type': 'application/json', 'Content-Length': '29', 'Connection': 'close'}",0,0,unauthorized_test,2.0935
ed1c7d29d838,2025-11-05T23:16:08.817328,user_b,102,' OR '1'='1,/report?report_id=' OR '1'='1,GET,http://localhost:5002/report?report_id=' OR '1'='1,{'Authorization': 'Bearer eyJ0eXAiOiJKV1QiLCJhbGciOiJIUzI1NiJ9.eyJ1c2VyX2lkIjoiMTAyIn0.mock_token_b'},404,29,"{'Server': 'Werkzeug/3.1.3 Python/3.13.7', 'Date': 'Wed, 05 Nov 2025 17:46:08 GMT', 'Content-Type': 'application/json', 'Content-Length': '29', 'Connection': 'close'}",0,0,unauthorized_test,2.110008
